2024-09-14 00:00:00,88546.01,88577.494,88534.232,88577.274
2024-09-14 00:05:00,88564.956,88594.339,88564.956,88584.654
2024-09-14 00:10:00,88584.692,88584.692,87548.743,87760.647
2024-09-14 00:15:00,87761.294,87839.068,87728.338,87839.068
2024-09-14 00:20:00,87839.574,87942.716,87839.384,87942.716
2024-09-14 00:25:00,87943.17,87944.952,87772.411,87787.81
2024-09-14 00:30:00,87789.512,87880.62,87784.575,87880.62
2024-09-14 00:35:00,87879.85,88009.284,87879.85,87997.583
2024-09-14 00:40:00,87996.778,88060.672,87996.778,88060.672
2024-09-14 00:45:00,88063.467,88108.487,88063.467,88108.487
2024-09-14 00:50:00,88108.894,88137.221,88103.856,88136.277
2024-09-14 00:55:00,88132.155,88236.423,88132.155,88236.423
2024-09-14 01:00:00,88255.09,88472.502,88255.09,88472.502
2024-09-14 01:05:00,88478.392,88916.157,88478.392,88855.545
2024-09-14 01:10:00,88860.995,88989.925,88860.995,88989.925
2024-09-14 01:15:00,88992.57,89120.209,88945.728,89112.903
2024-09-14 01:20:00,89118.81,89155.309,89020.4,89148.158
2024-09-14 01:25:00,89150.564,89266.041,89150.564,89229.035
2024-09-14 01:30:00,89225.252,89225.252,89133.281,89138.724
2024-09-14 01:35:00,89140.002,89151.103,89088.341,89097.101
2024-09-14 01:40:00,89097.068,89155.989,89070.864,89155.515
2024-09-14 01:45:00,89155.519,89254.774,89155.519,89254.774
2024-09-14 01:50:00,89255.153,89343.997,89235.677,89290.925
2024-09-14 01:55:00,89293.736,89344.301,89285.555,89289.29
2024-09-14 02:00:00,89290.742,89355.461,89290.742,89340.998
2024-09-14 02:05:00,89339.357,89342.54,89230.35,89242.931
2024-09-14 02:10:00,89243.738,89270.302,89197.855,89223.298
2024-09-14 02:15:00,89224.776,89238.995,89188.681,89191.549
2024-09-14 02:20:00,89190.538,89193.904,89107.373,89126.362
2024-09-14 02:25:00,89125.315,89183.995,89122.651,89183.995
2024-09-14 02:30:00,89185.542,89195.422,89169.048,89181.802
2024-09-14 02:35:00,89182.677,89254.322,89170.638,89252.933
2024-09-14 02:40:00,89263.839,89264.264,89198.03,89232.821
2024-09-14 02:45:00,89234.183,89286.84,89225.639,89268.419
2024-09-14 02:50:00,89258.476,89398.828,89258.476,89333.991
2024-09-14 02:55:00,89335.407,89405.482,89333.134,89405.482
2024-09-14 03:00:00,89407.197,89531.698,89407.197,89531.698
2024-09-14 03:05:00,89535.39,89570.321,89529.032,89566.471
2024-09-14 03:10:00,89570.943,89611.879,89570.512,89609.854
2024-09-14 03:15:00,89610.357,89641.028,89610.357,89640.247
2024-09-14 03:20:00,89645.576,89769.53,89645.576,89769.53
2024-09-14 03:25:00,89768.071,89815.766,89767.286,89810.725
2024-09-14 03:30:00,89807.796,90024.451,89807.29,90021.942
2024-09-14 03:35:00,90022.172,90047.043,90007.252,90039.215
2024-09-14 03:40:00,90040.928,90117.61,90040.928,90093.242
2024-09-14 03:45:00,90095.765,90148.773,90079.407,90148.695
2024-09-14 03:50:00,90148.917,90178.025,90148.86,90178.025
2024-09-14 03:55:00,90178.656,90213.716,90169.719,90213.592
2024-09-14 04:00:00,90216.58,90305.334,90203.895,90262.534
2024-09-14 04:05:00,90259.668,90292.307,90252.932,90262.688
2024-09-14 04:10:00,90261.195,90286.253,90259.326,90282.619
2024-09-14 04:15:00,90282.349,90282.956,90186.175,90190.571
2024-09-14 04:20:00,90189.923,90189.923,90165.65,90171.267
2024-09-14 04:25:00,90171.417,90188.262,90171.417,90185.858
2024-09-14 04:30:00,90185.814,90187.636,90124.752,90129.482
2024-09-14 04:35:00,90129.461,90147.645,90116.599,90129.162
2024-09-14 04:40:00,90129.389,90166.509,90126.912,90166.509
2024-09-14 04:45:00,90167.793,90190.364,90147.623,90190.364
2024-09-14 04:50:00,90187.502,90188.186,90158.951,90175.577
2024-09-14 04:55:00,90174.787,90194.468,90174.787,90194.468
2024-09-14 05:00:00,90198.883,90269.604,90193.075,90269.604
2024-09-14 05:05:00,90269.834,90313.457,90268.707,90301.236
2024-09-14 05:10:00,90301.5,90307.257,90289.701,90304.448
2024-09-14 05:15:00,90304.41,90343.67,90302.883,90338.137
2024-09-14 05:20:00,90340.639,90351.786,90323.458,90329.747
2024-09-14 05:25:00,90331.284,90332.223,90321.812,90326.817
2024-09-14 05:30:00,90326.821,90344.783,90326.821,90344.783
2024-09-14 05:35:00,90345.108,90345.108,90312.952,90334.796
2024-09-14 05:40:00,90333.554,90333.554,90316.34,90328.1
2024-09-14 05:45:00,90329.26,90331.154,90156.996,90164.047
2024-09-14 05:50:00,90164.726,90165.599,90044.215,90067.293
2024-09-14 05:55:00,90067.543,90086.536,90065.336,90086.074
2024-09-14 06:00:00,90086.849,90099.787,90056.339,90082.176
2024-09-14 06:05:00,90082.063,90126.917,90070.286,90123.26
2024-09-14 06:10:00,90123.351,90130.197,90110.355,90111.298
2024-09-14 06:15:00,90111.758,90113.895,90092.539,90095.369
2024-09-14 06:20:00,90096.824,90118.62,90094.982,90118.593
2024-09-14 06:25:00,90116.251,90122.917,90103.872,90105.729
2024-09-14 06:30:00,90105.025,90105.025,90061.512,90068.103
2024-09-14 06:35:00,90068.896,90083.777,90064.17,90083.777
2024-09-14 06:40:00,90081.795,90094.484,90081.795,90094.44
2024-09-14 06:45:00,90104.362,90117.414,90102.033,90115.25
2024-09-14 06:50:00,90115.494,90138.551,90114.946,90137.259
2024-09-14 06:55:00,90136.032,90136.672,90124.242,90127.182
2024-09-14 07:00:00,90128.395,90128.395,90104.954,90106.363
2024-09-14 07:05:00,90109.573,90124.266,90102.69,90120.939
2024-09-14 07:10:00,90119.954,90177.251,90107.522,90175.842
2024-09-14 07:15:00,90181.205,90182.012,90129.441,90147.757
2024-09-14 07:20:00,90147.616,90164.305,90147.616,90156.086
2024-09-14 07:25:00,90156.115,90166.146,90156.115,90159.302
2024-09-14 07:30:00,90159.405,90190.898,90158.326,90187.661
2024-09-14 07:35:00,90203.786,90215.656,90195.245,90214.089
2024-09-14 07:40:00,90216.764,90228.539,90213.385,90218.428
2024-09-14 07:45:00,90218.581,90228.185,90178.71,90184.077
2024-09-14 07:50:00,90184.158,90203.476,90149.406,90152.148
2024-09-14 07:55:00,90152.126,90204.28,90135.412,90201.144
2024-09-14 08:00:00,90201.293,90232.032,90201.16,90229.964
2024-09-14 08:05:00,90231.245,90248.158,90230.655,90248.158
2024-09-14 08:10:00,90247.769,90247.86,90224.464,90236.634
2024-09-14 08:15:00,90236.726,90269.437,90204.916,90209.044
2024-09-14 08:20:00,90212.248,90252.506,90208.479,90218.547
2024-09-14 08:25:00,90215.337,90249.571,90191.842,90249.099
2024-09-14 08:30:00,90249.456,90258.818,90229.062,90229.062
2024-09-14 08:35:00,90229.36,90229.372,90206.391,90216.377
2024-09-14 08:40:00,90216.942,90227.268,90215.503,90223.681
2024-09-14 08:45:00,90223.516,90233.196,90217.681,90226.243
2024-09-14 08:50:00,90221.67,90233.789,90221.496,90226.405
2024-09-14 08:55:00,90223.686,90223.686,89727.244,89727.244
2024-09-14 09:00:00,89726.183,89732.939,89645.319,89673.478
2024-09-14 09:05:00,89673.503,89712.38,89673.503,89712.306
2024-09-14 09:10:00,89712.38,89741.418,89712.38,89715.024
2024-09-14 09:15:00,89713.419,89722.162,89694.805,89719.864
2024-09-14 09:20:00,89718.054,89727.606,89709.441,89725.015
2024-09-14 09:25:00,89724.916,89735.057,89722.444,89725.327
2024-09-14 09:30:00,89725.226,89727.243,89708.814,89717.559
2024-09-14 09:35:00,89715.958,89717.58,89672.532,89680.799
2024-09-14 09:40:00,89677.987,89712.746,89606.803,89611.7
2024-09-14 09:45:00,89613.127,89623.028,89437.868,89442.994
2024-09-14 09:50:00,89442.628,89444.509,89399.92,89403.125
2024-09-14 09:55:00,89401.761,89419.08,89400.175,89418.512
2024-09-14 10:00:00,89418.717,89419.238,89392.752,89412.11
2024-09-14 10:05:00,89412.068,89427.282,89407.425,89427.109
2024-09-14 10:10:00,89426.936,89438.967,89424.102,89430.941
2024-09-14 10:15:00,89431.58,89451.213,89428.561,89442.879
2024-09-14 10:20:00,89442.877,89461.918,89440.568,89450.566
2024-09-14 10:25:00,89451.026,89473.167,89437.664,89454.351
2024-09-14 10:30:00,89418.53,89423.122,89325.303,89350.385
2024-09-14 10:35:00,89351.726,89352.428,89256.946,89260.448
2024-09-14 10:40:00,89258.194,89261.298,89251.144,89259.547
2024-09-14 10:45:00,89259.005,89269.387,89229.164,89237.155
2024-09-14 10:50:00,89247.756,89247.756,89208.009,89208.009
2024-09-14 10:55:00,89206.92,89206.92,89188.049,89189.897
2024-09-14 11:00:00,89189.932,89200.309,89175.679,89200.309
2024-09-14 11:05:00,89200.784,89218.142,89186.288,89218.142
2024-09-14 11:10:00,89218.757,89245.574,89140.364,89140.954
2024-09-14 11:15:00,89141.709,89153.282,89138.202,89153.282
2024-09-14 11:20:00,89152.88,89182.219,89151.336,89182.219
2024-09-14 11:25:00,89182.41,89263.553,89182.019,89263.553
2024-09-14 11:30:00,89265.011,89390.299,89265.011,89379.737
2024-09-14 11:35:00,89380.115,89381.809,89350.72,89360.65
2024-09-14 11:40:00,89361.821,89363.097,89344.84,89347.987
2024-09-14 11:45:00,89347.862,89434.521,89347.862,89414.185
2024-09-14 11:50:00,89413.387,89413.387,89355.581,89401.913
2024-09-14 11:55:00,89402.05,89409.428,89398.621,89407.359
2024-09-14 12:00:00,89406.646,89442.365,89406.646,89427.621
2024-09-14 12:05:00,89428.108,89433.713,89410.361,89410.807
2024-09-14 12:10:00,89411.229,89419.668,89408.008,89408.008
2024-09-14 12:15:00,89408,89410.061,89403.012,89404.625
2024-09-14 12:20:00,89405.383,89428.84,89405.377,89423.783
2024-09-14 12:25:00,89422.72,89433.996,89419.64,89433.996
2024-09-14 12:30:00,89434.078,89543.055,89433.468,89534.334
2024-09-14 12:35:00,89534.001,89536.281,89513.269,89514.51
2024-09-14 12:40:00,89509.087,89563.867,89502.907,89555.539
2024-09-14 12:45:00,89553.503,89597.475,89506.103,89515.792
2024-09-14 12:50:00,89517.437,89521.512,89463.543,89463.543
2024-09-14 12:55:00,89459.146,89466.055,89407.499,89407.499
2024-09-14 13:00:00,89405.164,89417.585,89395.38,89399.677
2024-09-14 13:05:00,89399.088,89411.894,89396.245,89407.232
2024-09-14 13:10:00,89407.369,89413.685,89398.338,89398.729
2024-09-14 13:15:00,89398.849,89421.016,89393.695,89418.619
2024-09-14 13:20:00,89418.796,89465.196,89418.323,89465.146
2024-09-14 13:25:00,89465.849,89477.715,89464.749,89477.595
2024-09-14 13:30:00,89477.767,89492.286,89475.054,89482.125
2024-09-14 13:35:00,89478.735,89501.055,89478.735,89487.306
2024-09-14 13:40:00,89486.649,89487.124,89471.072,89477.057
2024-09-14 13:45:00,89475.985,89493.572,89397.635,89402.158
2024-09-14 13:50:00,89402.88,89408.443,89356.994,89363.412
2024-09-14 13:55:00,89365.181,89388.147,89314.795,89315.672
2024-09-14 14:00:00,89317.828,89355.344,89317.295,89351.577
2024-09-14 14:05:00,89351.143,89354.696,89301.564,89305.54
2024-09-14 14:10:00,89303.419,89303.419,89146.67,89171.325
2024-09-14 14:15:00,89175.172,89206.695,89174.748,89194.032
2024-09-14 14:20:00,89194.639,89270.426,89180.439,89239.589
2024-09-14 14:25:00,89240.306,89240.306,89216.198,89217.686
2024-09-14 14:30:00,89215.821,89216.578,89172.861,89173.934
2024-09-14 14:35:00,89173.226,89179.56,89157.386,89176.752
2024-09-14 14:40:00,89174.202,89231.702,88988.98,88996.073
2024-09-14 14:45:00,88994.084,88999.926,88718.349,88726.636
2024-09-14 14:50:00,88726.568,88726.786,88608.694,88608.694
2024-09-14 14:55:00,88600.764,88603.119,88577.828,88580.618
2024-09-14 15:00:00,88583.671,88598.73,88562.554,88594.184
2024-09-14 15:05:00,88594.191,88596.131,88415.112,88415.112
2024-09-14 15:10:00,88413.73,88431.191,88299.57,88299.762
2024-09-14 15:15:00,88291.454,88291.454,88225.857,88226.74
2024-09-14 15:20:00,88228.307,88228.499,88204.855,88208.807
2024-09-14 15:25:00,88210.204,88211.495,88152.388,88152.388
2024-09-14 15:30:00,88148.345,88150.555,88109.847,88110.387
2024-09-14 15:35:00,88104.075,88114.841,88101.264,88104.065
2024-09-14 15:40:00,88104.744,88105.036,88079.948,88094.797
2024-09-14 15:45:00,88094.212,88104.691,88057.07,88057.683
2024-09-14 15:50:00,88057.587,88062.131,88027.86,88031.17
2024-09-14 15:55:00,88032.356,88088.687,88031.432,88088.208
2024-09-14 16:00:00,88049.22,88056.002,88038.15,88056.002
2024-09-14 16:05:00,88056.004,88178.106,88055.95,88178.106
2024-09-14 16:10:00,88179.709,88199.018,88176.511,88198.29
2024-09-14 16:15:00,88198.278,88424.532,88198.224,88358.102
2024-09-14 16:20:00,88358.008,88432.574,88355.062,88402.417
2024-09-14 16:25:00,88402.323,88404.772,88376.453,88391.95
2024-09-14 16:30:00,88394.327,88398.446,88370.53,88379.008
2024-09-14 16:35:00,88380.409,88393.467,88369.514,88390.896
2024-09-14 16:40:00,88388.87,88391.129,88367.002,88367.002
2024-09-14 16:45:00,88369.712,88377.742,88333.364,88358.101
2024-09-14 16:50:00,88362.571,88376.49,88362.571,88368.94
2024-09-14 16:55:00,88368.368,88383.442,88354.399,88372.615
2024-09-14 17:00:00,88369.621,88369.621,88328.416,88331.17
2024-09-14 17:05:00,88330.444,88393.119,88321.763,88373.785
2024-09-14 17:10:00,88373.909,88373.909,88339.549,88345.252
2024-09-14 17:15:00,88344.705,88344.705,88326.858,88330.999
2024-09-14 17:20:00,88329.93,88347.863,88236.672,88237.263
2024-09-14 17:25:00,88234.564,88239.776,88027.528,88135.536
2024-09-14 17:30:00,88135.483,88135.483,88029.3,88037.003
2024-09-14 17:35:00,88039.045,88048.655,88010.486,88039.612
2024-09-14 17:40:00,88040.123,88077.185,88039.992,88077.185
2024-09-14 17:45:00,88077.056,88087.241,88061.632,88074.921
2024-09-14 17:50:00,88075.186,88089.468,88071.626,88089.139
2024-09-14 17:55:00,88089.118,88154.937,88089.118,88149.431
2024-09-14 18:00:00,88149.348,88193.351,88139.778,88193.351
2024-09-14 18:05:00,88193.375,88196.398,88176.896,88178.138
2024-09-14 18:10:00,88177.68,88193.521,88177.68,88184.907
2024-09-14 18:15:00,88184.921,88211.338,88176.659,88211.338
2024-09-14 18:20:00,88210.994,88231,88210.626,88230.636
2024-09-14 18:25:00,88230.152,88252.828,88224.642,88252.666
2024-09-14 18:30:00,88252.25,88353.217,88240.63,88348.479
2024-09-14 18:35:00,88348.195,88357.005,88317.416,88354.737
2024-09-14 18:40:00,88354.534,88368.946,88339.536,88339.536
2024-09-14 18:45:00,88339.259,88339.259,88282.699,88294.343
2024-09-14 18:50:00,88293.75,88319.997,88291.218,88318.233
2024-09-14 18:55:00,88318.208,88320.276,88315.418,88320.276
2024-09-14 19:00:00,88320.237,88320.237,88276.663,88287.655
2024-09-14 19:05:00,88287.957,88290.364,88283.014,88290.335
2024-09-14 19:10:00,88289.622,88315.543,88277.206,88311.535
2024-09-14 19:15:00,88310.932,88310.932,88236.615,88241.784
2024-09-14 19:20:00,88242.164,88254.722,88227.88,88247.708
2024-09-14 19:25:00,88243.307,88265.703,88240.56,88260.943
2024-09-14 19:30:00,88260.089,88260.998,88252.777,88257.856
2024-09-14 19:35:00,88257.817,88317.701,88257.393,88307.402
2024-09-14 19:40:00,88307.584,88308.384,88285.951,88291.871
2024-09-14 19:45:00,88289.985,88884.616,88289.886,88875.71
2024-09-14 19:50:00,88875.121,88885.378,88872.453,88884.294
2024-09-14 19:55:00,88890.831,88915.326,88890.831,88906.684
2024-09-14 20:00:00,88907.636,88913.558,88902.122,88912.383
2024-09-14 20:05:00,88912.397,88917.944,88899.874,88908.182
2024-09-14 20:10:00,88907.257,89100.918,88900.847,89100.437
2024-09-14 20:15:00,89100.338,89122.576,89100.338,89117.751
2024-09-14 20:20:00,89117.555,89121.266,89115.402,89120.61
2024-09-14 20:25:00,89120.899,89123.149,89117.446,89118.532
2024-09-14 20:30:00,89116.131,89130.584,89099.343,89109.169
2024-09-14 20:35:00,89109.33,89139.615,89109.33,89139.456
2024-09-14 20:40:00,89139.122,89147.913,89139.122,89140.755
2024-09-14 20:45:00,89140.77,89142.696,89126.245,89128.547
2024-09-14 20:50:00,89128.783,89135.581,89108.883,89108.883
2024-09-14 20:55:00,89108.514,89129.2,89103.985,89116.036
2024-09-14 21:00:00,89116.342,89123.128,89109.706,89111.486
2024-09-14 21:05:00,89111.51,89145.494,88440.177,88447.136
2024-09-14 21:10:00,88416.702,88423.955,88088.999,88090.466
2024-09-14 21:15:00,88090.783,88135.038,88090.783,88127.903
2024-09-14 21:20:00,88130.018,88211.434,88126.567,88211.434
2024-09-14 21:25:00,88219.195,88263.901,88219.195,88259.62
2024-09-14 21:30:00,88259.633,88298.256,88259.633,88297.811
2024-09-14 21:35:00,88298.243,88309.704,88294.372,88309.704
2024-09-14 21:40:00,88310.121,88320.047,88281.65,88297.985
2024-09-14 21:45:00,88298.017,88304.708,88286.588,88292.819
2024-09-14 21:50:00,88293.147,88318.732,88293.147,88318.732
2024-09-14 21:55:00,88318.573,88322.41,88294.19,88297.235
2024-09-14 22:00:00,88298.11,88299.598,88276.62,88282.616
2024-09-14 22:05:00,88278.02,88313.823,88268.794,88313.183
2024-09-14 22:10:00,88312.519,88341.65,88312.503,88340.948
2024-09-14 22:15:00,88341.189,88382.712,88340.837,88379.071
2024-09-14 22:20:00,88378.961,88390.154,88368.996,88377.974
2024-09-14 22:25:00,88378.863,88378.863,88331.765,88349.215
2024-09-14 22:30:00,88347.371,88347.83,88237.709,88247.439
2024-09-14 22:35:00,88247.634,88247.634,88228.021,88231.463
2024-09-14 22:40:00,88231.045,88241.157,88230.337,88240.094
2024-09-14 22:45:00,88239.915,88265.936,88239.887,88265.025
2024-09-14 22:50:00,88265.895,88278.358,88265.869,88277.432
2024-09-14 22:55:00,88277.697,88298.244,88275.583,88298.244
2024-09-14 23:00:00,88298.199,88314.2,88295.554,88308.837
2024-09-14 23:05:00,88309.783,88389.621,88307.556,88389.621
2024-09-14 23:10:00,88388.988,88411.197,88388.621,88411.197
2024-09-14 23:15:00,88411.202,88426.562,88410.109,88425.198
2024-09-14 23:20:00,88425.245,88425.245,88306.963,88306.963
2024-09-14 23:25:00,88305.838,88305.838,87545.857,87581.769
2024-09-14 23:30:00,87579.636,87608.181,87501.262,87514.916
2024-09-14 23:35:00,87514.897,87518.355,87405.357,87413.927
2024-09-14 23:40:00,87414.346,87429.703,87413.34,87427.93
2024-09-14 23:45:00,87428.033,87433.608,87421.071,87426.584
2024-09-14 23:50:00,87427.695,87436.934,87400.784,87400.784
2024-09-14 23:55:00,87402.29,87417.78,87397.007,87397.565
2024-09-15 00:00:00,87396.271,87399.915,87371.832,87371.832
2024-09-15 00:05:00,87371.644,87372.322,87367.953,87370.7
2024-09-15 00:10:00,87370.868,87370.868,87287.276,87288.609
2024-09-15 00:15:00,87288.634,87303.088,87287.878,87302.891
2024-09-15 00:20:00,87303.551,87311.149,87301.074,87309.151
2024-09-15 00:25:00,87304.878,87304.951,87275.215,87277.154
2024-09-15 00:30:00,87277.327,87277.327,87254.911,87254.913
2024-09-15 00:35:00,87255.089,87256.003,87237.136,87242.93
2024-09-15 00:40:00,87236.019,87364.398,87236.019,87343.091
2024-09-15 00:45:00,87343.037,87357.611,87332.283,87356.055
2024-09-15 00:50:00,87355.991,87380.253,87349.755,87376.728
2024-09-15 00:55:00,87376.375,87412.264,87376.375,87390.94
2024-09-15 01:00:00,87392.396,87415.147,87380.291,87407.895
2024-09-15 01:05:00,87408.94,87409.211,87379.24,87379.24
2024-09-15 01:10:00,87378.286,87387.141,87347.724,87352.415
2024-09-15 01:15:00,87353.23,87369.345,87349.187,87352.958
2024-09-15 01:20:00,87354.254,87410.972,87353.809,87410.895
2024-09-15 01:25:00,87410.896,87425.613,87410.896,87424.35
2024-09-15 01:30:00,87423.919,87427.019,87399.539,87409.652
2024-09-15 01:35:00,87409.745,87461.936,87409.557,87424.123
2024-09-15 01:40:00,87424.37,87436.996,87421.231,87434.788
2024-09-15 01:45:00,87434.775,87456.194,87434.775,87452.169
2024-09-15 01:50:00,87452.201,87453.024,87429.957,87430.838
2024-09-15 01:55:00,87431.336,87445.319,87430.1,87440.459
2024-09-15 02:00:00,87440.207,87448.598,87431.823,87432.854
2024-09-15 02:05:00,87432.681,87460.799,87432.681,87460.799
2024-09-15 02:10:00,87461.057,87478.279,87460.066,87478.279
2024-09-15 02:15:00,87478.361,87506.741,87478.361,87506.741
2024-09-15 02:20:00,87506.932,87508.51,87503.971,87506.505
2024-09-15 02:25:00,87506.464,87539.345,87500.037,87539.194
2024-09-15 02:30:00,87539.507,87555.757,87536.097,87553.213
2024-09-15 02:35:00,87554.004,87557.512,87488.622,87488.943
2024-09-15 02:40:00,87488.996,87489.506,87453.582,87462.621
2024-09-15 02:45:00,87462.209,87463.732,87453.183,87454.587
2024-09-15 02:50:00,87454.893,87454.893,87425.894,87434.781
2024-09-15 02:55:00,87436.27,87444.855,87432.188,87444.855
2024-09-15 03:00:00,87444.663,87454.156,87442.489,87442.969
2024-09-15 03:05:00,87445.59,87447.281,87428.164,87434.368
2024-09-15 03:10:00,87433.442,87439.246,87430.089,87431.339
2024-09-15 03:15:00,87428.878,87439.161,87427.23,87439.035
2024-09-15 03:20:00,87424.464,87444.848,87419.409,87428.895
2024-09-15 03:25:00,87428.636,87431.455,87401.547,87418.905
2024-09-15 03:30:00,87418.468,87444.243,87413.302,87444.045
2024-09-15 03:35:00,87444.068,87451.454,87436.959,87436.959
2024-09-15 03:40:00,87437.53,87450.191,87437.299,87442.713
2024-09-15 03:45:00,87443.745,87450.136,87435.416,87447.212
2024-09-15 03:50:00,87447.167,87447.167,87418.902,87437.223
2024-09-15 03:55:00,87435.591,87436.349,87423.809,87429.052
2024-09-15 04:00:00,87431.247,87509.486,87430.309,87509.486
2024-09-15 04:05:00,87509.639,87544.296,87507.14,87533.92
2024-09-15 04:10:00,87533.584,87539.412,87521.074,87538.078
2024-09-15 04:15:00,87537.977,87571.329,87495.778,87517.689
2024-09-15 04:20:00,87420.028,87439.837,87396.572,87428.746
2024-09-15 04:25:00,87437.221,87466.995,87437.057,87465.866
2024-09-15 04:30:00,87465.925,87502.977,87465.925,87495.864
2024-09-15 04:35:00,87493.674,87515.007,87493.674,87512.101
2024-09-15 04:40:00,87521.341,87558.581,87521.341,87555.256
2024-09-15 04:45:00,87555.39,87576.748,87555.39,87575.398
2024-09-15 04:50:00,87579.985,87653.23,87579.985,87647.086
2024-09-15 04:55:00,87646.759,87646.842,87616.477,87616.477
2024-09-15 05:00:00,87614.784,87616.074,87555.782,87557.209
2024-09-15 05:05:00,87557.662,87559.287,87541.018,87545.348
2024-09-15 05:10:00,87545.539,87545.879,87517.597,87535.454
2024-09-15 05:15:00,87535.293,87556.698,87535.05,87554.678
2024-09-15 05:20:00,87557.93,87566.006,87551.512,87565.365
2024-09-15 05:25:00,87560.588,87579.484,87559.61,87576.15
2024-09-15 05:30:00,87577.595,87595.156,87573.973,87594.496
2024-09-15 05:35:00,87594.728,87615.249,87591.887,87613.336
2024-09-15 05:40:00,87613.38,87623.144,87584.616,87586.019
2024-09-15 05:45:00,87585.636,87593.104,87577.978,87591.49
2024-09-15 05:50:00,87591.981,87592.166,87572.261,87586.311
2024-09-15 05:55:00,87586.412,87586.412,87569.821,87574.217
2024-09-15 06:00:00,87573.971,87634.127,87572.647,87613.519
2024-09-15 06:05:00,87615.316,87617.128,87608.832,87616.611
2024-09-15 06:10:00,87616.554,87629.607,87615.022,87628.639
2024-09-15 06:15:00,87628.46,87664.541,87616.335,87664.541
2024-09-15 06:20:00,87664.857,87707.292,87664.857,87703.93
2024-09-15 06:25:00,87699.164,87710.81,87695.009,87698.342
2024-09-15 06:30:00,87696.826,87696.826,87677.939,87685.803
2024-09-15 06:35:00,87684.891,87687.868,87652.411,87660.767
2024-09-15 06:40:00,87660.741,87671.147,87660.741,87670.462
2024-09-15 06:45:00,87670.493,87672.755,87637.618,87645.636
2024-09-15 06:50:00,87645.69,87645.69,87617.125,87618.056
2024-09-15 06:55:00,87617.75,87628.873,87610.84,87625.211
2024-09-15 07:00:00,87625.325,87627.737,87617.432,87623.285
2024-09-15 07:05:00,87625.621,87629.207,87594.698,87594.698
2024-09-15 07:10:00,87594.408,87594.408,87579.08,87582.863
2024-09-15 07:15:00,87582.789,87602.144,87581.341,87601.512
2024-09-15 07:20:00,87601.284,87614.663,87600.008,87609.725
2024-09-15 07:25:00,87613.85,87624.476,87597.452,87624.476
2024-09-15 07:30:00,87623.821,87710.656,87623.821,87705.642
2024-09-15 07:35:00,87705.721,87717.42,87702.025,87716.276
2024-09-15 07:40:00,87716.235,87745.723,87712.696,87745.723
2024-09-15 07:45:00,87744.647,87821.065,87744.647,87806.416
2024-09-15 07:50:00,87810.474,87813.005,87798.125,87803.177
2024-09-15 07:55:00,87802.983,87826.293,87802.85,87812.529
2024-09-15 08:00:00,87812.547,87820.154,87812.547,87816.653
2024-09-15 08:05:00,87816.347,87817.158,87806.136,87806.933
2024-09-15 08:10:00,87806.74,87807.684,87782.909,87783.79
2024-09-15 08:15:00,87783.686,87786.218,87781.362,87783.269
2024-09-15 08:20:00,87783.476,87793.706,87783.137,87789.074
2024-09-15 08:25:00,87792.011,87805.066,87787.503,87795.018
2024-09-15 08:30:00,87795.036,87832.169,87794.213,87832.169
2024-09-15 08:35:00,87832.174,87841.048,87832.174,87839.424
2024-09-15 08:40:00,87840.22,87846.615,87832.256,87832.937
2024-09-15 08:45:00,87832.935,87835.91,87801.975,87803.654
2024-09-15 08:50:00,87803.62,87810.766,87799.714,87799.714
2024-09-15 08:55:00,87799.521,87801.554,87789.76,87801.491
2024-09-15 09:00:00,87801.537,87803.826,87794.153,87803.801
2024-09-15 09:05:00,87804.325,87812.853,87800.741,87812.849
2024-09-15 09:10:00,87812.89,87834.195,87808.716,87828.993
2024-09-15 09:15:00,87829.182,87833.674,87820.798,87833.674
2024-09-15 09:20:00,87833.623,87839.8,87832.624,87832.655
2024-09-15 09:25:00,87832.636,87833.014,87817.499,87824.866
2024-09-15 09:30:00,87824.886,87833.28,87818.735,87833.28
2024-09-15 09:35:00,87835.438,87867.987,87835.438,87867.13
2024-09-15 09:40:00,87865.345,87870.526,87864.197,87868.649
2024-09-15 09:45:00,87868.806,87895.189,87867.486,87895.189
2024-09-15 09:50:00,87896.364,87906.615,87893.862,87905.988
2024-09-15 09:55:00,87906.08,87917.031,87904.509,87916.586
2024-09-15 10:00:00,87916.407,87916.407,87909.327,87913.167
2024-09-15 10:05:00,87913.496,87914.464,87899.904,87899.904
2024-09-15 10:10:00,87898.748,87929.857,87894.856,87929.857
2024-09-15 10:15:00,87930.691,88005.058,87925.45,88005.058
2024-09-15 10:20:00,88005.407,88017.795,88004.57,88017.065
2024-09-15 10:25:00,88017.541,88047.787,88000.991,88016.216
2024-09-15 10:30:00,88016.489,88047.287,88015.234,88041.462
2024-09-15 10:35:00,88041.689,88048.842,88033.99,88048.842
2024-09-15 10:40:00,88047.839,88049.569,88038.337,88042.769
2024-09-15 10:45:00,88041.726,88109.043,88040.955,88108.414
2024-09-15 10:50:00,88108.226,88138.705,88103.237,88137.697
2024-09-15 10:55:00,88135.297,88148.311,88125.976,88148.311
2024-09-15 11:00:00,88148.598,88192.341,88148.598,88192.341
2024-09-15 11:05:00,88192.839,88192.839,88167.707,88172.485
2024-09-15 11:10:00,88174.743,88190.844,88172.853,88187.332
2024-09-15 11:15:00,88190.067,88211.224,88190.067,88208.558
2024-09-15 11:20:00,88208.395,88240.32,88187.291,88237.842
2024-09-15 11:25:00,88238.172,88270.146,88238.172,88247.178
2024-09-15 11:30:00,88246.975,88250.131,88214.633,88221.458
2024-09-15 11:35:00,88223.791,88227.915,88214.365,88219.541
2024-09-15 11:40:00,88221.187,88238.351,88220.229,88235.944
2024-09-15 11:45:00,88235.881,88250.173,88235.009,88244.534
2024-09-15 11:50:00,88244.525,88249.014,88241.342,88242.116
2024-09-15 11:55:00,88242.101,88258.551,88242.101,88253.085
2024-09-15 12:00:00,88253.41,88259.603,88250.943,88251.033
2024-09-15 12:05:00,88249.793,88273.534,88247.361,88273.534
2024-09-15 12:10:00,88275.696,88285.212,88172.152,88176.492
2024-09-15 12:15:00,88176.521,88182.27,88165.724,88178.552
2024-09-15 12:20:00,88178.702,88235.753,88173.363,88232.4
2024-09-15 12:25:00,88230.377,88270.639,88228.859,88270.639
2024-09-15 12:30:00,88270.68,88294.274,88265.555,88294.173
2024-09-15 12:35:00,88331.231,88335.879,88318.184,88334.59
2024-09-15 12:40:00,88334.399,88356.426,88330.621,88354.791
2024-09-15 12:45:00,88371.455,88371.455,88345.03,88349.49
2024-09-15 12:50:00,88349.529,88406.18,88349.529,88403.009
2024-09-15 12:55:00,88399.137,88427.497,88399.137,88425.127
2024-09-15 13:00:00,88411.052,88468.265,88408.134,88468.265
2024-09-15 13:05:00,88469.808,88469.808,88376.966,88403.051
2024-09-15 13:10:00,88403.19,88418.515,88402.525,88415.06
2024-09-15 13:15:00,88415.142,88490.647,88409.9,88485.405
2024-09-15 13:20:00,88485.536,88492.491,88471.045,88491.285
2024-09-15 13:25:00,88489.04,88525.698,88487.026,88516.321
2024-09-15 13:30:00,88521.271,88527.317,88477.822,88499.13
2024-09-15 13:35:00,88500.774,88533.886,88498.352,88530.886
2024-09-15 13:40:00,88531.231,88545.918,88529.828,88545.88
2024-09-15 13:45:00,88545.377,88545.377,88529.052,88534.343
2024-09-15 13:50:00,88534.5,88539.544,88531.34,88537.491
2024-09-15 13:55:00,88537.62,88561.424,88537.06,88560.049
2024-09-15 14:00:00,88565.898,88585.566,88565.898,88578.825
2024-09-15 14:05:00,88577.498,88603.916,88577.42,88603.372
2024-09-15 14:10:00,88604.423,88604.423,88586.282,88599.129
2024-09-15 14:15:00,88600.575,88612.476,88597.429,88605.182
2024-09-15 14:20:00,88599.003,88608.09,88593.355,88605.992
2024-09-15 14:25:00,88605.525,88623.363,88602.041,88602.133
2024-09-15 14:30:00,88604.442,88607.039,88567.16,88585.268
2024-09-15 14:35:00,88585.221,88616.099,88574.28,88595.25
2024-09-15 14:40:00,88594.342,88631.839,88594.342,88629.745
2024-09-15 14:45:00,88628.469,88632.945,88624.005,88625.864
2024-09-15 14:50:00,88625.302,88629.796,88604.063,88604.084
2024-09-15 14:55:00,88604.199,88617.661,88600.805,88611.614
2024-09-15 15:00:00,88611.604,88628.777,88610.758,88628.777
2024-09-15 15:05:00,88629.629,88659.56,88629.629,88659.56
2024-09-15 15:10:00,88659.731,88669.903,88618.16,88623.284
2024-09-15 15:15:00,88623.24,88650.355,88618.465,88649.892
2024-09-15 15:20:00,88653.568,88676.178,88653.568,88660.097
2024-09-15 15:25:00,88657.898,88663.307,88635.916,88661.643
2024-09-15 15:30:00,88661.499,88668.449,88645.432,88654.016
2024-09-15 15:35:00,88650.611,88658.929,88650.611,88658.929
2024-09-15 15:40:00,88659.074,88659.154,88642.112,88645.724
2024-09-15 15:45:00,88645.698,88662.495,88639.019,88660.103
2024-09-15 15:50:00,88660.284,88670.44,88658.526,88667.25
2024-09-15 15:55:00,88667.523,88686.773,88503.074,88510.773
2024-09-15 16:00:00,88516.32,88614.101,88481.309,88583.847
2024-09-15 16:05:00,88577,88579.609,88520.281,88527.25
2024-09-15 16:10:00,88526.231,88526.231,88431.863,88437.992
2024-09-15 16:15:00,88438.381,88442.634,88393.336,88393.336
2024-09-15 16:20:00,88394.174,88424.091,88075.881,88105.399
2024-09-15 16:25:00,88109.371,88195.539,88105.385,88185
2024-09-15 16:30:00,88185.779,88205.515,88136.601,88146.684
2024-09-15 16:35:00,88146.01,88211.948,88142.669,88211.948
2024-09-15 16:40:00,88212.125,88242.852,88212.125,88241.007
2024-09-15 16:45:00,88239.839,88265.207,88225.927,88257.742
2024-09-15 16:50:00,88258.571,88357.89,88258.571,88355.067
2024-09-15 16:55:00,88356.184,88357.748,88342.839,88357.748
2024-09-15 17:00:00,88362.096,88372.227,88331.127,88343.653
2024-09-15 17:05:00,88343.062,88370.014,88342.677,88369.541
2024-09-15 17:10:00,88370.116,88414.228,88314.073,88314.073
2024-09-15 17:15:00,88313.912,88389.074,88272.846,88286.065
2024-09-15 17:20:00,88287.579,88298.795,88259.528,88288.847
2024-09-15 17:25:00,88285.672,88340.088,88285.672,88330.192
2024-09-15 17:30:00,88328.892,88328.892,88245.896,88301.058
2024-09-15 17:35:00,88301.949,88315.318,88301.949,88314.979
2024-09-15 17:40:00,88315.037,88348.513,88315.034,88345.082
2024-09-15 17:45:00,88345.469,88361.979,88334.435,88349.622
2024-09-15 17:50:00,88351.192,88354.438,88311.447,88322.089
2024-09-15 17:55:00,88322.521,88369.106,88244.51,88368.433
2024-09-15 18:00:00,88368.136,88446.467,88142.096,88289.345
2024-09-15 18:05:00,88290.11,88362.492,88290.11,88354.263
2024-09-15 18:10:00,88357.411,88382.592,88336.075,88381.617
2024-09-15 18:15:00,88382.15,88420.429,88367.806,88419.863
2024-09-15 18:20:00,88419.847,88448.415,88419.44,88448.415
2024-09-15 18:25:00,88448.015,88482.703,88448.015,88481.405
2024-09-15 18:30:00,88496.891,88516.79,88496.891,88515.093
2024-09-15 18:35:00,88513.979,88513.979,88500.591,88506.305
2024-09-15 18:40:00,88507.056,88526.321,88482.598,88492.061
2024-09-15 18:45:00,88489.714,88521.999,88474.352,88518.67
2024-09-15 18:50:00,88518.67,88579.817,88518.571,88577.336
2024-09-15 18:55:00,88589.274,88598.684,88586.489,88598.675
2024-09-15 19:00:00,88603.496,88638.21,88576.845,88576.845
2024-09-15 19:05:00,88574.758,88580.726,88534.683,88535.417
2024-09-15 19:10:00,88531.4,88531.4,88479.522,88510.698
2024-09-15 19:15:00,88514.855,88519.333,88478.416,88480.703
2024-09-15 19:20:00,88485.273,88485.406,88366.025,88366.025
2024-09-15 19:25:00,88367.707,88381.646,88321.114,88324.801
2024-09-15 19:30:00,88324.386,88375.155,88323.404,88374.684
2024-09-15 19:35:00,88374.025,88491.961,88374.025,88489.891
2024-09-15 19:40:00,88498.798,88529.535,88498.134,88512.292
2024-09-15 19:45:00,88510.747,88510.747,88393.312,88400.846
2024-09-15 19:50:00,88402,88407.236,88393.044,88403.648
2024-09-15 19:55:00,88413.226,88516.044,88408.127,88513.196
2024-09-15 20:00:00,88510.404,88533.25,88446.06,88447.83
2024-09-15 20:05:00,88448.652,88476.366,88382.903,88383.927
2024-09-15 20:10:00,88353.02,88353.02,87957.561,87987.188
2024-09-15 20:15:00,87992.906,88014.974,87969.365,88003.311
2024-09-15 20:20:00,88003.076,88041.476,88003.076,88025.37
2024-09-15 20:25:00,88023.876,88039.569,87961.489,87990.23
2024-09-15 20:30:00,88004.809,88099.261,88004.802,88036.473
2024-09-15 20:35:00,88037.469,88070.141,88037.426,88049.292
2024-09-15 20:40:00,88050.518,88082.87,88050.518,88077.76
2024-09-15 20:45:00,88078.602,88164.49,88078.602,88163.287
2024-09-15 20:50:00,88162.086,88198.296,88160.045,88174.085
2024-09-15 20:55:00,88174.711,88197.716,88162.176,88197.716
2024-09-15 21:00:00,88218.04,88221.742,88193.918,88194.737
2024-09-15 21:05:00,88193.117,88210.157,88192.653,88208.548
2024-09-15 21:10:00,88215.111,88255.677,88213.622,88233.712
2024-09-15 21:15:00,88234.16,88234.758,88218.682,88229.947
2024-09-15 21:20:00,88230.274,88268.142,88229.903,88266.723
2024-09-15 21:25:00,88266.31,88268.61,88248.028,88248.489
2024-09-15 21:30:00,88247.4,88320.94,88232.061,88283.34
2024-09-15 21:35:00,88280.461,88299.015,88269.213,88279.272
2024-09-15 21:40:00,88279.283,88313.923,88263.713,88313.819
2024-09-15 21:45:00,88316.871,88357.112,88316.871,88338.922
2024-09-15 21:50:00,88338.64,88448.645,88318.849,88343.41
2024-09-15 21:55:00,88340.95,88384.429,88138.77,88195.63
2024-09-15 22:00:00,88199.641,88219.972,88067.235,88067.235
2024-09-15 22:05:00,88067.299,88084.616,88044.518,88077.553
2024-09-15 22:10:00,88078.17,88078.783,87956.784,87957.007
2024-09-15 22:15:00,87963.809,88001.647,87963.809,87988.505
2024-09-15 22:20:00,87988.932,88068.505,87988.725,88068.505
2024-09-15 22:25:00,88069.481,88070.1,87993.038,88038.193
2024-09-15 22:30:00,88037.574,88057.983,88037.574,88057.953
2024-09-15 22:35:00,88062.332,88063.71,88002.825,88007.221
2024-09-15 22:40:00,88007.221,88007.221,87981.851,87981.851
2024-09-15 22:45:00,87982.584,88004.357,87965.214,88004.357
2024-09-15 22:50:00,88002.992,88024.31,88002.076,88016.402
2024-09-15 22:55:00,88016.463,88073.082,88006.845,88072.616
2024-09-15 23:00:00,88072.245,88074.371,88033.178,88045.925
2024-09-15 23:05:00,88046.097,88069.474,88013.64,88058.057
2024-09-15 23:10:00,88058.09,88102.008,88058.09,88060.661
2024-09-15 23:15:00,88061.597,88074.429,88042.358,88063.192
2024-09-15 23:20:00,88063.432,88076.207,88053.688,88066.916
2024-09-15 23:25:00,88065.272,88093.301,88004.027,88013.677
2024-09-15 23:30:00,88024.23,88045.792,88024.23,88045.792
2024-09-15 23:35:00,88045.98,88075.799,88045.98,88075.778
2024-09-15 23:40:00,88075.372,88080.377,88066.38,88067.52
2024-09-15 23:45:00,88067.516,88081.185,88063.506,88063.506
2024-09-15 23:50:00,88063.334,88115.826,88054.781,88054.804
2024-09-15 23:55:00,88054.835,88057.448,88003.048,88003.629
2024-09-16 00:00:00,88004.011,88036.506,87714.996,87722.173
2024-09-16 00:05:00,87722.629,87741.465,87677.347,87721.441
2024-09-16 00:10:00,87722.461,87873.767,87720.945,87862.454
2024-09-16 00:15:00,87860.027,87918.855,87851.955,87918.167
2024-09-16 00:20:00,87918.059,87934.183,87890.94,87890.94
2024-09-16 00:25:00,87879.088,87879.088,87664.621,87667.221
2024-09-16 00:30:00,87665.943,87695.148,87664.429,87687.943
2024-09-16 00:35:00,87691.004,87697.13,87550.784,87550.784
2024-09-16 00:40:00,87552.957,87552.957,87489.953,87499.256
2024-09-16 00:45:00,87499.846,87529.711,87499.076,87529.711
2024-09-16 00:50:00,87531.006,87533.489,87486.492,87486.492
2024-09-16 00:55:00,87484.898,87500.707,87482.404,87491.943
2024-09-16 01:00:00,87497.866,87660.084,87497.866,87658.07
2024-09-16 01:05:00,87679.705,87679.705,87442.794,87442.794
2024-09-16 01:10:00,87450.625,87560.726,87429.183,87468.004
2024-09-16 01:15:00,87468.864,87494.156,87454.771,87484.449
2024-09-16 01:20:00,87485.441,87523.107,87481.347,87510.649
2024-09-16 01:25:00,87510.208,87532.247,87496.648,87530.7
2024-09-16 01:30:00,87529.707,87590.198,87527.694,87586.726
2024-09-16 01:35:00,87584.985,87645.097,87584.985,87629.334
2024-09-16 01:40:00,87628.319,87628.319,87582.737,87594.815
2024-09-16 01:45:00,87594.196,87602.638,87587.515,87596.891
2024-09-16 01:50:00,87596.831,87602.09,87559.958,87560.132
2024-09-16 01:55:00,87560.067,87560.071,87527.304,87529.164
2024-09-16 02:00:00,87525.005,87547.56,87218.747,87282.505
2024-09-16 02:05:00,87294.906,87297.168,86585.62,86585.62
2024-09-16 02:10:00,86588.186,86597.059,85894.372,86022.161
2024-09-16 02:15:00,86032.741,86196.847,86030.48,86196.847
2024-09-16 02:20:00,86150.583,86261.498,86140.774,86259.917
2024-09-16 02:25:00,86250.127,86336.329,86219.815,86298.325
2024-09-16 02:30:00,86300.727,86309.58,86055.236,86101.312
2024-09-16 02:35:00,86099.739,86224.27,86094.713,86188.553
2024-09-16 02:40:00,86187.845,86349.09,86187.845,86349.09
2024-09-16 02:45:00,86347.363,86382.12,86343.374,86375.277
2024-09-16 02:50:00,86375.476,86375.498,86322.659,86325.366
2024-09-16 02:55:00,86323.524,86333.651,86289.264,86289.264
2024-09-16 03:00:00,86288.679,86290.374,86126.033,86128.265
2024-09-16 03:05:00,86129.969,86198.237,86114.404,86187.887
2024-09-16 03:10:00,86188.602,86253.733,86170.626,86253.733
2024-09-16 03:15:00,86267.829,86297.02,86229.266,86244.144
2024-09-16 03:20:00,86243.911,86299.559,86213.253,86299.559
2024-09-16 03:25:00,86299.003,86376.037,86297.808,86371.607
2024-09-16 03:30:00,86374.717,86391.112,86259.79,86310.09
2024-09-16 03:35:00,86307.887,86310.036,86093.652,86233.298
2024-09-16 03:40:00,86220.413,86336.582,86127.356,86331.3
2024-09-16 03:45:00,86346.48,86370.48,86299.211,86330.56
2024-09-16 03:50:00,86331.05,86387.769,86306.666,86387.509
2024-09-16 03:55:00,86389.217,86396.48,86312.96,86313.8
2024-09-16 04:00:00,86322.448,86410.573,86322.448,86409.319
2024-09-16 04:05:00,86411.829,86458.721,86367.978,86441.125
2024-09-16 04:10:00,86441.962,86493.965,86136.909,86137.823
2024-09-16 04:15:00,86147.727,86285.678,86094.842,86270.157
2024-09-16 04:20:00,86273.046,86316.793,86067.718,86068.984
2024-09-16 04:25:00,86068.981,86105.071,86068.981,86097.633
2024-09-16 04:30:00,86096.473,86140.107,86078.689,86124.747
2024-09-16 04:35:00,86130.542,86150.534,86080.573,86136.225
2024-09-16 04:40:00,86133.249,86134.47,86086.695,86101.253
2024-09-16 04:45:00,86102.531,86125.626,86095.578,86108.249
2024-09-16 04:50:00,86104.889,86115.217,86029.342,86071.128
2024-09-16 04:55:00,86070.696,86133.484,86043.788,86124.358
2024-09-16 05:00:00,86114.252,86142.63,86053.15,86101.56
2024-09-16 05:05:00,86155.521,86274.695,86113.872,86223.453
2024-09-16 05:10:00,86222.561,86224.517,86107.607,86211.716
2024-09-16 05:15:00,86213.287,86273.908,86097.581,86129.745
2024-09-16 05:20:00,86126.446,86126.446,86070.197,86072.537
2024-09-16 05:25:00,86071.314,86081.29,86035.28,86079.41
2024-09-16 05:30:00,86075.647,86151.683,86074.845,86136.275
2024-09-16 05:35:00,86134.795,86145.983,86101.059,86101.059
2024-09-16 05:40:00,86100.249,86100.249,86069.055,86075.053
2024-09-16 05:45:00,86076.414,86076.414,86047.188,86070.697
2024-09-16 05:50:00,86067.524,86069.257,85973.976,85973.976
2024-09-16 05:55:00,85952.1,85952.1,85773.391,85789.43
2024-09-16 06:00:00,85799.427,85914.426,85799.427,85851.684
2024-09-16 06:05:00,85843.807,85913.509,85828.441,85913.509
2024-09-16 06:10:00,85914.565,85969.328,85907.934,85966.361
2024-09-16 06:15:00,85955.439,85964.666,85657.126,85664.412
2024-09-16 06:20:00,85665.175,85672.102,85605.54,85631.939
2024-09-16 06:25:00,85631.108,85674.213,85630.092,85673.937
2024-09-16 06:30:00,85673.9,85696.041,85561.306,85562.922
2024-09-16 06:35:00,85563.255,85578.671,85518.229,85519.62
2024-09-16 06:40:00,85519.705,85536.16,85484.687,85485.114
2024-09-16 06:45:00,85486.929,85541.299,85457.839,85539.593
2024-09-16 06:50:00,85538.56,85590.799,85521.412,85554.067
2024-09-16 06:55:00,85554.462,85593.366,85554.145,85591.858
2024-09-16 07:00:00,85592.399,85592.399,85534.852,85578.681
2024-09-16 07:05:00,85578.626,85578.626,85538.305,85545.359
2024-09-16 07:10:00,85551.449,85570.255,85539.051,85542.786
2024-09-16 07:15:00,85543.833,85554.1,85522.835,85553.9
2024-09-16 07:20:00,85554.28,85576.546,85549.646,85574.863
2024-09-16 07:25:00,85575.427,85621.074,85567.597,85614.732
2024-09-16 07:30:00,85614.976,85620.12,85600.45,85619.667
2024-09-16 07:35:00,85619.923,85619.923,85594.223,85610.327
2024-09-16 07:40:00,85592.858,85592.858,85519.732,85520.217
2024-09-16 07:45:00,85522.454,85557.899,85485.996,85494.956
2024-09-16 07:50:00,85496.551,85520.93,85496.551,85518.33
2024-09-16 07:55:00,85518.085,85579.594,85496.348,85574.991
2024-09-16 08:00:00,85574.56,85574.56,85548.527,85553.831
2024-09-16 08:05:00,85553.448,85558.589,85366.1,85375.942
2024-09-16 08:10:00,85374.953,85481.83,85372.355,85477.607
2024-09-16 08:15:00,85478.595,85515.711,85478.563,85513.981
2024-09-16 08:20:00,85514.31,85722.453,85494.424,85721.67
2024-09-16 08:25:00,85723.27,85994.507,85721.721,85975.002
2024-09-16 08:30:00,85969.958,85977.22,85915.56,85955.272
2024-09-16 08:35:00,85955.38,85957.741,85919.929,85953.926
2024-09-16 08:40:00,85951.689,85956.29,85902.324,85910.616
2024-09-16 08:45:00,85904.131,85920.973,85885.226,85908.455
2024-09-16 08:50:00,85910.038,85910.038,85812.392,85833.296
2024-09-16 08:55:00,85833.654,85833.979,85769.646,85800.653
2024-09-16 09:00:00,85803.377,85850.264,85791.739,85831.705
2024-09-16 09:05:00,85832.278,85842.554,85740.862,85742.925
2024-09-16 09:10:00,85742.937,85749.461,85546.775,85665.068
2024-09-16 09:15:00,85669.843,85781.544,85626.37,85668.859
2024-09-16 09:20:00,85663.921,85664.737,85572.602,85627.729
2024-09-16 09:25:00,85628.384,85664.37,85627.567,85640.614
2024-09-16 09:30:00,85642.501,85655.558,85599.203,85616.874
2024-09-16 09:35:00,85618.178,85655.617,85609.006,85655.617
2024-09-16 09:40:00,85649.99,85653.266,85564.314,85564.693
2024-09-16 09:45:00,85563.907,85563.907,85460.573,85465.632
2024-09-16 09:50:00,85466.216,85509.47,85466.216,85505.868
2024-09-16 09:55:00,85505.656,85531.105,85495.793,85525.854
2024-09-16 10:00:00,85527.458,85624.599,85527.458,85624.599
2024-09-16 10:05:00,85624.399,85679.814,85615.187,85679.814
2024-09-16 10:10:00,85679.925,85710.161,85679.925,85706.435
2024-09-16 10:15:00,85706.549,85735.805,85706.549,85734.964
2024-09-16 10:20:00,85735.08,85750.557,85678.651,85723.793
2024-09-16 10:25:00,85709.45,85712.743,85681.226,85688.891
2024-09-16 10:30:00,85685.556,85710.705,85628.255,85705.496
2024-09-16 10:35:00,85705.829,85722.372,85681.744,85685.977
2024-09-16 10:40:00,85688.118,85688.858,85662.841,85662.958
2024-09-16 10:45:00,85659.76,85663.783,85603.075,85606.812
2024-09-16 10:50:00,85603.234,85615.679,85596.35,85604.96
2024-09-16 10:55:00,85598.862,85616.538,85598.862,85601.937
2024-09-16 11:00:00,85599.63,85600.788,85532.854,85532.854
2024-09-16 11:05:00,85532.747,85648.582,85530.008,85634.18
2024-09-16 11:10:00,85633.888,85687.469,85627.269,85686.283
2024-09-16 11:15:00,85686.274,85713.714,85670.839,85713.297
2024-09-16 11:20:00,85713.701,85716.333,85467.757,85467.757
2024-09-16 11:25:00,85475.88,85480.52,85117.141,85170.363
2024-09-16 11:30:00,85165.164,85274.602,85147.83,85270.763
2024-09-16 11:35:00,85271.204,85297.343,85260.19,85280.332
2024-09-16 11:40:00,85277.398,85348.836,85277.398,85348.836
2024-09-16 11:45:00,85349.447,85422.039,85349.447,85421.8
2024-09-16 11:50:00,85422.709,85442.201,85422.653,85430.453
2024-09-16 11:55:00,85428.104,85428.104,85393.874,85407.653
2024-09-16 12:00:00,85404.185,85404.185,85358.76,85365.275
2024-09-16 12:05:00,85365.187,85397.061,85365.187,85392.344
2024-09-16 12:10:00,85393.952,85437.026,85393.952,85425.487
2024-09-16 12:15:00,85427.508,85434.267,85293.141,85300.561
2024-09-16 12:20:00,85293.586,85296.143,85182.324,85203.304
2024-09-16 12:25:00,85203.338,85253.045,85202.761,85253.045
2024-09-16 12:30:00,85254.354,85290.765,85247.168,85283.706
2024-09-16 12:35:00,85282.728,85306.941,85254.833,85305.828
2024-09-16 12:40:00,85303.498,85320.914,85145.947,85234.702
2024-09-16 12:45:00,85235.084,85439.768,85235.084,85366.139
2024-09-16 12:50:00,85367.409,85376.561,85359.483,85360.026
2024-09-16 12:55:00,85362.261,85426.424,85354.253,85425.823
2024-09-16 13:00:00,85426.187,85441.198,85349.226,85352.49
2024-09-16 13:05:00,85354.928,85438.289,85354.928,85426.468
2024-09-16 13:10:00,85434.898,85439.388,85336.28,85337.989
2024-09-16 13:15:00,85337.784,85350.111,85292.455,85314.098
2024-09-16 13:20:00,85314.203,85349.773,85314.203,85335.846
2024-09-16 13:25:00,85337.283,85354.039,85308.898,85354.039
2024-09-16 13:30:00,85354.722,85356.665,85325.284,85329.289
2024-09-16 13:35:00,85328.476,85355.275,85321.387,85351.946
2024-09-16 13:40:00,85352.339,85352.339,85257.432,85258.217
2024-09-16 13:45:00,85258.453,85258.453,85129.965,85136.897
2024-09-16 13:50:00,85139.215,85200.063,85135.845,85193.34
2024-09-16 13:55:00,85193.962,85193.987,85174.052,85191.932
2024-09-16 14:00:00,85189.016,85224.737,85176.287,85199.916
2024-09-16 14:05:00,85201.656,85224.883,85201.656,85222.705
2024-09-16 14:10:00,85222.862,85260.004,85216.502,85260.004
2024-09-16 14:15:00,85257.519,85331.177,85244.395,85331.177
2024-09-16 14:20:00,85331.41,85332.679,85310.819,85321.069
2024-09-16 14:25:00,85283.776,85315.78,85263.668,85307.99
2024-09-16 14:30:00,85307.465,85316.904,85292.845,85310.434
2024-09-16 14:35:00,85311.09,85333.561,85306.301,85333.561
2024-09-16 14:40:00,85331.319,85337.621,85313.386,85313.774
2024-09-16 14:45:00,85313.201,85314.139,85293.685,85293.685
2024-09-16 14:50:00,85293.742,85302.09,85293.73,85296.959
2024-09-16 14:55:00,85296.457,85316.73,85290.166,85299.024
2024-09-16 15:00:00,85298.928,85360.498,85298.928,85357.524
2024-09-16 15:05:00,85361.489,85390.84,85352.899,85389.478
2024-09-16 15:10:00,85389.415,85406.985,85374.379,85385.884
2024-09-16 15:15:00,85384.662,85417.208,85383.904,85416.558
2024-09-16 15:20:00,85416.979,85444.278,85416.979,85442.612
2024-09-16 15:25:00,85432.798,85490.203,85432.798,85485.197
2024-09-16 15:30:00,85483.502,85493.311,85428.272,85436.07
2024-09-16 15:35:00,85437.296,85708.793,85436.305,85705.871
2024-09-16 15:40:00,85702.973,85743.204,85661.978,85743.204
2024-09-16 15:45:00,85760.896,85795.598,85760.896,85777.323
2024-09-16 15:50:00,85780.66,85795.442,85741.983,85757.87
2024-09-16 15:55:00,85756.835,85795.748,85755.349,85793.602
2024-09-16 16:00:00,85790.891,85825.427,85788.089,85824.823
2024-09-16 16:05:00,85824.039,85837.108,85794.484,85835.762
2024-09-16 16:10:00,85832.471,85850.842,85825.23,85838.638
2024-09-16 16:15:00,85838.684,85852.077,85837.49,85848.623
2024-09-16 16:20:00,85859.136,85868.566,85776.048,85815.267
2024-09-16 16:25:00,85815.592,85864.971,85815.592,85864.971
2024-09-16 16:30:00,85864.851,86028.096,85855.588,85967.644
2024-09-16 16:35:00,85979.167,86312.375,85923.24,86312.375
2024-09-16 16:40:00,86315.634,86374.685,86237.746,86241.979
2024-09-16 16:45:00,86239.912,86270.685,86079.313,86144.524
2024-09-16 16:50:00,86130.156,86147.672,85783.191,85783.191
2024-09-16 16:55:00,85768.254,85898.249,85750.971,85895.776
2024-09-16 17:00:00,85891.104,85910.686,85856.233,85890.223
2024-09-16 17:05:00,85892.566,86002.234,85834.186,85934.032
2024-09-16 17:10:00,85938.217,85940.112,85862.112,85862.112
2024-09-16 17:15:00,85859.864,85860.012,85733.685,85733.685
2024-09-16 17:20:00,85727.452,85913.329,85725.17,85905.257
2024-09-16 17:25:00,85906.305,86076.372,85645.037,85695.025
2024-09-16 17:30:00,85704.075,85760.994,85390.854,85394.314
2024-09-16 17:35:00,85412.244,85638.714,85336.655,85623.884
2024-09-16 17:40:00,85617.793,85629.325,85486.405,85564.081
2024-09-16 17:45:00,85557.511,85679.566,85557.511,85678.27
2024-09-16 17:50:00,85678.781,85843.681,85678.193,85834.514
2024-09-16 17:55:00,85834.903,85874.325,85827.175,85827.175
2024-09-16 18:00:00,85807.592,85852.922,85746.542,85785.418
2024-09-16 18:05:00,85790.264,86218.801,85787.46,86149.61
2024-09-16 18:10:00,86147.662,86238.919,86143.361,86237.798
2024-09-16 18:15:00,86238.836,86306.277,86238.836,86300.14
2024-09-16 18:20:00,86302.666,86308.712,86255.102,86303.18
2024-09-16 18:25:00,86300.953,86310.121,86277.665,86290.866
2024-09-16 18:30:00,86293.163,86330.625,86236.593,86236.593
2024-09-16 18:35:00,86232.246,86275.686,86200.722,86275.67
2024-09-16 18:40:00,86280.098,86283.026,86178.41,86192.196
2024-09-16 18:45:00,86191.73,86191.73,86030.523,86033.204
2024-09-16 18:50:00,86032.826,86068.839,86029.146,86068.23
2024-09-16 18:55:00,86070.859,86070.859,85982.431,85982.431
2024-09-16 19:00:00,85982.378,86066.34,85973.971,86066.34
2024-09-16 19:05:00,86068.441,86090.736,86064.76,86083.941
2024-09-16 19:10:00,86083.409,86117.058,86082.622,86114.183
2024-09-16 19:15:00,86113.239,86142.09,85849.342,85874.497
2024-09-16 19:20:00,85868.984,85980.881,85868.984,85900.341
2024-09-16 19:25:00,85900.173,86005.073,85897.244,85995.097
2024-09-16 19:30:00,85996.654,86033.04,85956.597,85983.718
2024-09-16 19:35:00,85986.692,86074.352,85986.692,86074.352
2024-09-16 19:40:00,86075.774,86116.404,86067.704,86099.91
2024-09-16 19:45:00,86098.798,86117.741,85985.716,85991.48
2024-09-16 19:50:00,85984.408,86016.347,85896.682,85984.03
2024-09-16 19:55:00,85984.134,85998.685,85944.634,85983.937
2024-09-16 20:00:00,85972.549,86121.215,85969.421,86118.99
2024-09-16 20:05:00,86120.072,86217.676,86120.072,86161.503
2024-09-16 20:10:00,86162.738,86175.456,86058.775,86166.094
2024-09-16 20:15:00,86174.382,86265.566,86174.265,86217.852
2024-09-16 20:20:00,86219.284,86275.403,86216.026,86243.607
2024-09-16 20:25:00,86250.281,86388.428,86250.281,86388.428
2024-09-16 20:30:00,86387.719,86438.346,86312.449,86312.449
2024-09-16 20:35:00,86302.557,86326.392,86281.021,86281.027
2024-09-16 20:40:00,86280.002,86543.681,86280.002,86375.244
2024-09-16 20:45:00,86385.996,86406.204,85829.719,85836.614
2024-09-16 20:50:00,85836.471,85836.471,85540.935,85567.007
2024-09-16 20:55:00,85553.787,85596.244,85307.098,85351.89
2024-09-16 21:00:00,85338.641,85435.442,85300.369,85426.051
2024-09-16 21:05:00,85426.796,85530.495,85422.75,85492.683
2024-09-16 21:10:00,85492.361,85522.703,85187.245,85253.215
2024-09-16 21:15:00,85304.747,85304.747,85222.222,85297.888
2024-09-16 21:20:00,85305.618,85319.456,85273.719,85316.068
2024-09-16 21:25:00,85321.569,85327.696,85300.218,85314.219
2024-09-16 21:30:00,85313.395,85315.018,85193.861,85196.754
2024-09-16 21:35:00,85195.873,85197.37,85154.479,85159.781
2024-09-16 21:40:00,85159.682,85159.682,85084.356,85095.633
2024-09-16 21:45:00,85102.117,85128.834,85097.572,85122.027
2024-09-16 21:50:00,85121.413,85153.755,85094.172,85142.754
2024-09-16 21:55:00,85141.29,85141.29,85054.222,85054.222
2024-09-16 22:00:00,85053.332,85053.332,84982.099,84982.099
2024-09-16 22:05:00,84988.273,85011.645,84975.166,84984.655
2024-09-16 22:10:00,84986.856,85105.77,84986.759,85053.684
2024-09-16 22:15:00,85054.589,85086.246,85028.211,85053.042
2024-09-16 22:20:00,85053.309,85121.349,85049.935,85121.294
2024-09-16 22:25:00,85120.181,85174.467,85120.154,85174.149
2024-09-16 22:30:00,85173.408,85177.368,85157.564,85157.564
2024-09-16 22:35:00,85159.191,85173.664,85156.154,85172.644
2024-09-16 22:40:00,85170.92,85170.968,85149.912,85151.585
2024-09-16 22:45:00,85151.77,85182.756,85149.755,85178.562
2024-09-16 22:50:00,85176.441,85188.473,85141.679,85183.5
2024-09-16 22:55:00,85181.027,85184.972,85133.769,85179.046
2024-09-16 23:00:00,85178.052,85240.323,85178.052,85192.367
2024-09-16 23:05:00,85190.809,85228.838,85188.031,85211.557
2024-09-16 23:10:00,85212.434,85214.446,85031.155,85036.888
2024-09-16 23:15:00,85037.003,85120.925,85018.758,85114.335
2024-09-16 23:20:00,85115.18,85118.225,85059.402,85081.451
2024-09-16 23:25:00,85079.379,85128.641,85019.511,85019.583
2024-09-16 23:30:00,85017.425,85040.52,84946.215,85035.305
2024-09-16 23:35:00,85035.256,85070.545,85032.8,85068.409
2024-09-16 23:40:00,85081.795,85132.87,85081.795,85132.87
2024-09-16 23:45:00,85133.203,85133.943,85114.597,85115.405
2024-09-16 23:50:00,85113.361,85113.867,85048.571,85049.581
2024-09-16 23:55:00,85050.085,85078.935,85026.297,85026.297
2024-09-17 00:00:00,85023.435,85033.151,84883.501,84895.717
2024-09-17 00:05:00,84895.784,84925.666,84887.261,84920.844
2024-09-17 00:10:00,84920.434,84920.434,84802.792,84813.281
2024-09-17 00:15:00,84800.292,84815.335,84770.974,84775.54
2024-09-17 00:20:00,84775.591,84821.359,84771.944,84819.342
2024-09-17 00:25:00,84802.595,84860.786,84802.43,84853.228
2024-09-17 00:30:00,84851.367,84851.678,84780.194,84790.975
2024-09-17 00:35:00,84790.929,84838.744,84790.929,84837.749
2024-09-17 00:40:00,84840.307,84861.733,84839.907,84859.647
2024-09-17 00:45:00,84859.116,84862.488,84823.744,84823.795
2024-09-17 00:50:00,84823.572,84849.475,84797.501,84801.023
2024-09-17 00:55:00,84800.856,84803.13,84739.7,84788.52
2024-09-17 01:00:00,84790.788,84819.841,84742.399,84814
2024-09-17 01:05:00,84812.057,84849.528,84812.057,84836.59
2024-09-17 01:10:00,84835.442,84838.641,84818.919,84820.865
2024-09-17 01:15:00,84822.23,84920.258,84822.23,84914.045
2024-09-17 01:20:00,84914.013,84937.96,84913.684,84924.067
2024-09-17 01:25:00,84924.059,84934.492,84920.841,84923.507
2024-09-17 01:30:00,84924.318,84930.075,84897.562,84902.73
2024-09-17 01:35:00,84904.477,84908.46,84898.988,84898.988
2024-09-17 01:40:00,84897.444,84904.84,84893.977,84896.359
2024-09-17 01:45:00,84896.753,84897.268,84868.565,84869.197
2024-09-17 01:50:00,84870.15,84893.557,84870.15,84892.782
2024-09-17 01:55:00,84886.616,84914.951,84883.816,84914.901
2024-09-17 02:00:00,84912.819,84912.819,84824.841,84825.106
2024-09-17 02:05:00,84820.951,84822.878,84735.64,84743.548
2024-09-17 02:10:00,84743.143,84748.769,84735.859,84740.846
2024-09-17 02:15:00,84740.827,84747.721,84706.919,84711.397
2024-09-17 02:20:00,84709.239,84716.143,84621.736,84680.131
2024-09-17 02:25:00,84679.829,84679.829,84594.059,84606.015
2024-09-17 02:30:00,84606.452,84655.314,84589.081,84590.278
2024-09-17 02:35:00,84591.062,84615.931,84525.512,84528.09
2024-09-17 02:40:00,84527.91,84539.046,84524.484,84530.327
2024-09-17 02:45:00,84530.227,84562.989,84416.012,84536.622
2024-09-17 02:50:00,84533.026,84566.551,84527.375,84527.375
2024-09-17 02:55:00,84526.901,84527.152,84488.447,84526.68
2024-09-17 03:00:00,84525.7,84631.691,84512.389,84626.056
2024-09-17 03:05:00,84626.983,84668.632,84626.181,84668.632
2024-09-17 03:10:00,84669.81,84703.041,84667.713,84701.886
2024-09-17 03:15:00,84683.858,84734.895,84680.743,84719.977
2024-09-17 03:20:00,84723.619,84733.473,84722.175,84727.284
2024-09-17 03:25:00,84727.365,84770.4,84726.337,84738.053
2024-09-17 03:30:00,84738.076,84741.544,84695.994,84697.428
2024-09-17 03:35:00,84697.42,84698.301,84637.844,84642.306
2024-09-17 03:40:00,84642.156,84662.244,84558.979,84573.562
2024-09-17 03:45:00,84573.535,84584.564,84266.871,84305.083
2024-09-17 03:50:00,84279.872,84348.437,84187.359,84187.359
2024-09-17 03:55:00,84169.855,84169.855,83959.326,83992.449
2024-09-17 04:00:00,84006.975,84078.326,83982.665,83987.282
2024-09-17 04:05:00,83991.193,84025.391,83936.118,83953.5
2024-09-17 04:10:00,83943.408,84023.104,83943.408,84018.572
2024-09-17 04:15:00,84027.67,84078.993,84021.502,84078.993
2024-09-17 04:20:00,84080.428,84113.368,84079.409,84101.246
2024-09-17 04:25:00,84102.457,84105.51,84034.98,84047.719
2024-09-17 04:30:00,84047.767,84050.8,84000.658,84015.689
2024-09-17 04:35:00,84016.486,84028.724,83989.551,83999.924
2024-09-17 04:40:00,84000.013,84073.973,83993.954,84073.557
2024-09-17 04:45:00,84072.931,84078.074,84065.757,84068.517
2024-09-17 04:50:00,84066.93,84074.481,84035.941,84035.941
2024-09-17 04:55:00,84034.533,84038.335,84028.327,84032.947
2024-09-17 05:00:00,84032.637,84032.637,83924.829,83928.144
2024-09-17 05:05:00,83930.331,83933.289,83907.128,83907.128
2024-09-17 05:10:00,83907.077,83907.077,83855.589,83866.627
2024-09-17 05:15:00,83866.536,83893.698,83865.643,83879.092
2024-09-17 05:20:00,83875.693,83903.655,83875.693,83885.621
2024-09-17 05:25:00,83885.69,83889.761,83837.978,83838.435
2024-09-17 05:30:00,83841.008,83853.414,83840.326,83853.414
2024-09-17 05:35:00,83853.754,83855.584,83782.566,83819.075
2024-09-17 05:40:00,83818.987,83820.139,83703.491,83704.701
2024-09-17 05:45:00,83710.992,83716.418,83456.877,83507.035
2024-09-17 05:50:00,83509.268,83525.36,83474.997,83487.086
2024-09-17 05:55:00,83479.028,83479.671,83431.793,83432.403
2024-09-17 06:00:00,83432.758,83441.672,83415.977,83428.838
2024-09-17 06:05:00,83430.216,83433.721,83416.132,83416.363
2024-09-17 06:10:00,83416.764,83438.596,83407.12,83419.188
2024-09-17 06:15:00,83419.498,83474.93,83415.102,83415.102
2024-09-17 06:20:00,83428.605,83453.491,83428.605,83442.563
2024-09-17 06:25:00,83445.152,83471.806,83445.064,83459.128
2024-09-17 06:30:00,83460.182,83463.461,83459.334,83462.971
2024-09-17 06:35:00,83473.611,83551.152,83470.41,83551.152
2024-09-17 06:40:00,83551.086,83573.324,83550.805,83573.324
2024-09-17 06:45:00,83576.279,83603.08,83575.289,83600.796
2024-09-17 06:50:00,83600.851,83600.851,83580.697,83588.828
2024-09-17 06:55:00,83590.277,83621.116,83590.188,83620.222
2024-09-17 07:00:00,83620.173,83633.442,83620.173,83630.581
2024-09-17 07:05:00,83630.094,83656.073,83626.482,83633.385
2024-09-17 07:10:00,83633.554,83640.454,83613.53,83640.385
2024-09-17 07:15:00,83640.069,83696.541,83639.377,83695.401
2024-09-17 07:20:00,83695.473,83712.604,83695.473,83712.44
2024-09-17 07:25:00,83712.052,83720.403,83642.532,83649.335
2024-09-17 07:30:00,83648.973,83684.33,83635.965,83683.983
2024-09-17 07:35:00,83684.028,83772.149,83683.454,83756.872
2024-09-17 07:40:00,83763.056,83775.367,83755.01,83775.097
2024-09-17 07:45:00,83775.108,83789.404,83770.91,83780.744
2024-09-17 07:50:00,83779.99,83825.083,83761.37,83813.139
2024-09-17 07:55:00,83814.662,83832.591,83814.053,83815.568
2024-09-17 08:00:00,83822.65,83826.494,83810.573,83817.327
2024-09-17 08:05:00,83817.068,83833.537,83816.631,83830.045
2024-09-17 08:10:00,83820.442,83872.111,83819.368,83872.111
2024-09-17 08:15:00,83872.781,83943.55,83872.781,83943.55
2024-09-17 08:20:00,83942.687,84012.77,83939.427,84012.77
2024-09-17 08:25:00,84012.928,84067.107,83968.72,84015.153
2024-09-17 08:30:00,84016.554,84022.346,83922.77,83938.059
2024-09-17 08:35:00,83937.679,84023.062,83937.679,84023.062
2024-09-17 08:40:00,84025.156,84069.58,84021.614,84065.708
2024-09-17 08:45:00,84067.99,84122.695,84066.439,84117.012
2024-09-17 08:50:00,84117.12,84131.074,83719.204,83733.396
2024-09-17 08:55:00,83735.106,83880.02,83686.932,83832.086
2024-09-17 09:00:00,83824.62,83826.486,83627.925,83651.15
2024-09-17 09:05:00,83673.358,83770.291,83668.916,83707.088
2024-09-17 09:10:00,83729.603,83801.317,83724.302,83792.3
2024-09-17 09:15:00,83791.764,83801.365,83770.704,83789.665
2024-09-17 09:20:00,83790.388,83803.793,83774.716,83778.132
2024-09-17 09:25:00,83778.123,83786.854,83763.938,83771.564
2024-09-17 09:30:00,83770.373,83795.882,83769.736,83795.814
2024-09-17 09:35:00,83796.011,83796.011,83711.358,83742.255
2024-09-17 09:40:00,83742.097,83763.316,83734.566,83734.566
2024-09-17 09:45:00,83734.339,83766.921,83734.339,83764.838
2024-09-17 09:50:00,83764.958,83786.341,83758.4,83758.4
2024-09-17 09:55:00,83758.141,83790.401,83758.141,83789.712
2024-09-17 10:00:00,83794.265,83915.428,83784.852,83902.706
2024-09-17 10:05:00,83903.392,83905.049,83878.198,83878.198
2024-09-17 10:10:00,83878.665,83895.746,83874.202,83878.965
2024-09-17 10:15:00,83878.863,83885.274,83834.793,83845.1
2024-09-17 10:20:00,83848.643,83868.123,83845.889,83867.992
2024-09-17 10:25:00,83867.928,83897.996,83867.084,83896.081
2024-09-17 10:30:00,83901.025,83916.432,83898.655,83914.742
2024-09-17 10:35:00,83922.738,83951.602,83918.524,83947.639
2024-09-17 10:40:00,83947.093,84025.583,83943.383,84013.352
2024-09-17 10:45:00,84018.204,84071.818,84018.204,84069.911
2024-09-17 10:50:00,84070.511,84071.88,84054.177,84054.99
2024-09-17 10:55:00,84056.074,84063.426,84013.52,84018.627
2024-09-17 11:00:00,84018.164,84075.151,83995.041,84003.485
2024-09-17 11:05:00,83907.568,84058.55,83905.62,84051.233
2024-09-17 11:10:00,84053.897,84079.626,84043.761,84069.279
2024-09-17 11:15:00,84070.026,84155.603,84068.616,84154.536
2024-09-17 11:20:00,84155.627,84203.284,84153.762,84167.815
2024-09-17 11:25:00,84160.266,84175.03,84132.707,84170.566
2024-09-17 11:30:00,84173.984,84208.765,84168.391,84201.611
2024-09-17 11:35:00,84202.504,84202.504,84173.102,84173.784
2024-09-17 11:40:00,84171.795,84203.44,84159.706,84177.125
2024-09-17 11:45:00,84179.447,84238.129,84173.785,84237.963
2024-09-17 11:50:00,84238.131,84256.877,84238.131,84251.568
2024-09-17 11:55:00,84252.4,84276.355,84252.4,84276.355
2024-09-17 12:00:00,84278.915,84313.969,84275.556,84310.97
2024-09-17 12:05:00,84307.049,84435.112,84304.302,84434.946
2024-09-17 12:10:00,84436.077,84539.92,84388.004,84538.484
2024-09-17 12:15:00,84530.51,84654.577,84529.401,84653.26
2024-09-17 12:20:00,84646.648,84693.518,84646.648,84692.532
2024-09-17 12:25:00,84692.415,84711.916,84684.637,84710.772
2024-09-17 12:30:00,84710.106,84729.767,84655.388,84657.803
2024-09-17 12:35:00,84658.956,84683.307,84656.549,84668.268
2024-09-17 12:40:00,84684.752,84723.782,84662.01,84723.756
2024-09-17 12:45:00,84721.844,84742.181,84721.844,84728.397
2024-09-17 12:50:00,84729.773,84731.014,84508.569,84508.569
2024-09-17 12:55:00,84513.032,84582.603,84446.878,84524.138
2024-09-17 13:00:00,84511.12,84560.746,84508.633,84560.746
2024-09-17 13:05:00,84561.166,84615.811,84551.284,84579.027
2024-09-17 13:10:00,84581.356,84585.516,84464.913,84490.37
2024-09-17 13:15:00,84492.206,84560.086,84476.875,84542.564
2024-09-17 13:20:00,84539.847,84576.958,84514.666,84574.546
2024-09-17 13:25:00,84572.487,84619.817,84544.763,84563.458
2024-09-17 13:30:00,84558.265,84568.663,84525.969,84530.992
2024-09-17 13:35:00,84532.748,84640.312,84492.484,84556.945
2024-09-17 13:40:00,84559.534,84623.001,84559.487,84623.001
2024-09-17 13:45:00,84628.747,84692.675,84560.361,84692.675
2024-09-17 13:50:00,84695.581,84697.85,84575.436,84587.167
2024-09-17 13:55:00,84587.306,84651.447,84580.166,84651.447
2024-09-17 14:00:00,84662.076,84778.151,84662.076,84749.975
2024-09-17 14:05:00,84750.664,84821.998,84692.079,84821.891
2024-09-17 14:10:00,84820.408,84831.252,84769.896,84819.908
2024-09-17 14:15:00,84817.546,84886.851,84809.604,84869.334
2024-09-17 14:20:00,84877.31,84947.694,84871.339,84918.045
2024-09-17 14:25:00,84920.693,84992.867,84920.111,84991.783
2024-09-17 14:30:00,85007.486,85050.294,85001.22,85043.005
2024-09-17 14:35:00,85043.639,85079.011,85031.033,85079.011
2024-09-17 14:40:00,85078.938,85141.549,85078.938,85136.27
2024-09-17 14:45:00,85135.398,85348.496,85135.398,85345.007
2024-09-17 14:50:00,85344.237,85347.645,85331.064,85336.932
2024-09-17 14:55:00,85335.665,85427.379,85330.008,85427.277
2024-09-17 15:00:00,85427.968,85522.831,85415.265,85522.623
2024-09-17 15:05:00,85521.334,85646.427,85521.334,85645.29
2024-09-17 15:10:00,85654.093,85683.359,85570.615,85608.946
2024-09-17 15:15:00,85616.244,85664.084,85588.71,85662.708
2024-09-17 15:20:00,85634.873,85714.522,85622.05,85690.585
2024-09-17 15:25:00,85691.626,85731.333,85687.958,85730.967
2024-09-17 15:30:00,85731.43,85915.183,85731.43,85855.37
2024-09-17 15:35:00,85855.332,85903.451,85831.878,85903.451
2024-09-17 15:40:00,85899.118,86088.794,85899.118,86069.116
2024-09-17 15:45:00,86092.162,86099.49,85957.2,85977.405
2024-09-17 15:50:00,85977.667,86048.715,85855.492,85997.951
2024-09-17 15:55:00,86008.021,86096.879,86007.218,86090.3
2024-09-17 16:00:00,86089.445,86091.73,86045.035,86063.891
2024-09-17 16:05:00,86065.299,86104.863,86065.299,86074.738
2024-09-17 16:10:00,86064.614,86066.251,85768.217,85768.217
2024-09-17 16:15:00,85767.162,85827.344,85761.576,85811.234
2024-09-17 16:20:00,85804.953,85823.203,85671.198,85671.198
2024-09-17 16:25:00,85671.431,85674.677,85585.383,85599.451
2024-09-17 16:30:00,85593.791,85600.595,85471.41,85471.41
2024-09-17 16:35:00,85473.744,85702.798,85469.452,85691.234
2024-09-17 16:40:00,85695.433,85695.433,85385.903,85420.855
2024-09-17 16:45:00,85428.806,85542.06,85382.418,85502.731
2024-09-17 16:50:00,85484.179,85530.747,85414.948,85516.276
2024-09-17 16:55:00,85516.535,85592.818,85513.433,85592.085
2024-09-17 17:00:00,85591.299,85592.19,85456.437,85495.22
2024-09-17 17:05:00,85502.925,85525.315,85427.098,85443.693
2024-09-17 17:10:00,85442.032,85464.003,84767.831,84974.575
2024-09-17 17:15:00,85069.522,85087.805,84666.728,84711.788
2024-09-17 17:20:00,84757.418,84946.782,84663.649,84868.671
2024-09-17 17:25:00,84866.317,85235.612,84648.787,85234.87
2024-09-17 17:30:00,85246.656,85486.119,85246.656,85416.313
2024-09-17 17:35:00,85397.89,85397.89,84773.65,85054.792
2024-09-17 17:40:00,85059.479,85161.149,85059.479,85161.149
2024-09-17 17:45:00,85155.204,85431.867,85155.204,85419.303
2024-09-17 17:50:00,85417.975,85598.261,85413.523,85597.217
2024-09-17 17:55:00,85611.841,85987.291,85611.841,85987.291
2024-09-17 18:00:00,86000.757,86261.759,85800.577,85800.577
2024-09-17 18:05:00,85818.725,87009.162,85810.566,86996.026
2024-09-17 18:10:00,87002.492,87723.849,87000.211,87704.564
2024-09-17 18:15:00,87696.187,88545.773,87510.281,88545.773
2024-09-17 18:20:00,88547.99,88744.94,88547.99,88740.651
2024-09-17 18:25:00,88741.066,88800.159,88519.118,88519.118
2024-09-17 18:30:00,88500.769,88808.579,88469.532,88524.937
2024-09-17 18:35:00,88530.958,88630.026,88519.743,88629.469
2024-09-17 18:40:00,88630.416,88736.156,88630.416,88713.978
2024-09-17 18:45:00,88674.579,88682.874,88408.292,88409.862
2024-09-17 18:50:00,88398.657,88398.657,88146.221,88204.485
2024-09-17 18:55:00,88207.366,88223.779,88115.474,88148.841
2024-09-17 19:00:00,88209.712,88372.06,88209.712,88369.827
2024-09-17 19:05:00,88370.192,88488.341,88329.741,88488.341
2024-09-17 19:10:00,88488.557,88488.696,88384.685,88386.622
2024-09-17 19:15:00,88392.39,88411.443,88358.83,88396.366
2024-09-17 19:20:00,88386.811,88386.811,88243.936,88375.684
2024-09-17 19:25:00,88375.246,88410.312,88344.218,88379.759
2024-09-17 19:30:00,88383.004,88653.655,88381.039,88653.655
2024-09-17 19:35:00,88652.474,89039.415,88626.257,89035.13
2024-09-17 19:40:00,89036.741,89377.986,89033.749,89377.305
2024-09-17 19:45:00,89381.633,89619.753,89381.633,89619.753
2024-09-17 19:50:00,89624.139,89696.49,89614.741,89670.367
2024-09-17 19:55:00,89671.434,89729.335,89670.186,89710.046
2024-09-17 20:00:00,89708.794,89721.819,89557.024,89557.024
2024-09-17 20:05:00,89556.331,89613.705,89505.392,89563.969
2024-09-17 20:10:00,89565.549,89565.549,89480.736,89525.562
2024-09-17 20:15:00,89525.94,89549.86,89501.354,89533.034
2024-09-17 20:20:00,89546.621,89559.22,89515.962,89525.951
2024-09-17 20:25:00,89525.723,89562.509,89510.895,89546.627
2024-09-17 20:30:00,89541.921,89567.056,89538.433,89545.015
2024-09-17 20:35:00,89540.062,89566.522,89532.764,89561.783
2024-09-17 20:40:00,89562,89597.18,89551.265,89584.67
2024-09-17 20:45:00,89586.405,89593.823,89501.779,89593.823
2024-09-17 20:50:00,89599.041,89600.208,89503.886,89509.541
2024-09-17 20:55:00,89512.355,89514.479,89499.168,89514.479
2024-09-17 21:00:00,89514.505,89514.505,89421.171,89425.814
2024-09-17 21:05:00,89425.773,89503.471,89406.466,89412.308
2024-09-17 21:10:00,89411.326,89447.177,89401.432,89411.043
2024-09-17 21:15:00,89411.791,89411.791,89381.801,89385.047
2024-09-17 21:20:00,89390.923,89390.923,89345.232,89346.851
2024-09-17 21:25:00,89349.101,89392.745,89349.101,89392.456
2024-09-17 21:30:00,89392.504,89413.735,89380.226,89410.453
2024-09-17 21:35:00,89410.38,89441.771,89408.337,89433.775
2024-09-17 21:40:00,89434.275,89434.548,89324.999,89324.999
2024-09-17 21:45:00,89154.631,89156.081,88915.48,88915.48
2024-09-17 21:50:00,88914.664,88948.577,88178.943,88178.943
2024-09-17 21:55:00,88172.07,88172.07,88100.57,88100.57
2024-09-17 22:00:00,88116.701,88143.853,88078.487,88132.45
2024-09-17 22:05:00,88132.779,88159.151,88128.342,88154.504
2024-09-17 22:10:00,88152.954,88153.757,88081.759,88093.628
2024-09-17 22:15:00,88094.669,88135.558,88088.918,88113.165
2024-09-17 22:20:00,88115.425,88177.178,88014.886,88071.15
2024-09-17 22:25:00,88073.12,88091.297,88041.114,88091.297
2024-09-17 22:30:00,88091.671,88169.487,88089.017,88142.644
2024-09-17 22:35:00,88144.207,88188.112,88115.999,88188.112
2024-09-17 22:40:00,88185.735,88272.607,88129.026,88140.593
2024-09-17 22:45:00,88129.664,88129.664,87453.177,87457.04
2024-09-17 22:50:00,87444.774,87528.587,87235.833,87292.334
2024-09-17 22:55:00,87296.043,87309.562,87037.051,87039.199
2024-09-17 23:00:00,87022.503,87025.277,86553.187,86553.187
2024-09-17 23:05:00,86552.104,86570.043,86386.91,86420.673
2024-09-17 23:10:00,86430.667,86430.667,86228.995,86268.879
2024-09-17 23:15:00,86269.089,86269.089,86156.934,86162.273
2024-09-17 23:20:00,86163.737,86163.737,86106.382,86114.911
2024-09-17 23:25:00,86114.131,86114.536,86029.778,86032.857
2024-09-17 23:30:00,86032.163,86037.436,85916.655,85929.451
2024-09-17 23:35:00,85930.282,85934.111,85717.505,85722.547
2024-09-17 23:40:00,85718.181,85762.053,85706.331,85748.388
2024-09-17 23:45:00,85744.53,85756.094,85729.612,85744.241
2024-09-17 23:50:00,85743.184,85746.422,85682.877,85683.548
2024-09-17 23:55:00,85682.079,85682.079,85657.373,85662.584
2024-09-18 00:00:00,85653.984,85653.984,85596.308,85597.071
2024-09-18 00:05:00,85596.556,85596.556,85510.575,85521.333
2024-09-18 00:10:00,85519.672,85553.896,85519.672,85548.838
2024-09-18 00:15:00,85550.483,85553.91,85529.684,85539.875
2024-09-18 00:20:00,85540.118,85560.405,85521.094,85560.405
2024-09-18 00:25:00,85556.691,85568.404,85553.008,85556.034
2024-09-18 00:30:00,85557.82,85558.307,85549.752,85554.616
2024-09-18 00:35:00,85554.649,85561.976,85538.031,85547.545
2024-09-18 00:40:00,85546.917,85558.268,85544.303,85554.711
2024-09-18 00:45:00,85554.068,85554.376,85531.751,85537.487
2024-09-18 00:50:00,85539.033,85546.19,85521.517,85521.517
2024-09-18 00:55:00,85517.343,85524.284,85491.46,85513.281
2024-09-18 01:00:00,85512.136,85603.015,85511.658,85603.015
2024-09-18 01:05:00,85603.141,85609.832,85522.934,85550.425
2024-09-18 01:10:00,85559.604,85587.078,85543.98,85587.043
2024-09-18 01:15:00,85588.608,85606.62,85574.489,85603.25
2024-09-18 01:20:00,85599.708,85623.565,85587.749,85602.003
2024-09-18 01:25:00,85605.28,85642.109,85605.28,85632.305
2024-09-18 01:30:00,85629.111,85636.245,85621.094,85621.972
2024-09-18 01:35:00,85621.562,85641.674,85621.52,85641.357
2024-09-18 01:40:00,85641.357,85654.165,85641.357,85653.593
2024-09-18 01:45:00,85652.808,85653.235,85632.292,85632.345
2024-09-18 01:50:00,85632.1,85632.1,85612.9,85621.178
2024-09-18 01:55:00,85621.121,85631.28,85618.67,85627.582
2024-09-18 02:00:00,85628.441,85649.67,85610.9,85616.898
2024-09-18 02:05:00,85614.854,85615.333,85551.884,85552.628
2024-09-18 02:10:00,85551.085,85551.938,85511.624,85519.274
2024-09-18 02:15:00,85521.427,85521.715,85496.456,85496.456
2024-09-18 02:20:00,85493.302,85550.362,85446.382,85549.189
2024-09-18 02:25:00,85541.605,85547.115,85458.716,85472.784
2024-09-18 02:30:00,85473.098,85494.912,85472.842,85489.121
2024-09-18 02:35:00,85493.23,85494.095,85476.085,85480.865
2024-09-18 02:40:00,85479.087,85504.084,85478.003,85504.084
2024-09-18 02:45:00,85498.938,85512.036,85479.296,85479.296
2024-09-18 02:50:00,85459.456,85459.456,85351.879,85378.761
2024-09-18 02:55:00,85379.378,85409.662,85372.11,85409.298
2024-09-18 03:00:00,85409.232,85440.835,85373.436,85425.184
2024-09-18 03:05:00,85425.251,85535.63,85422.039,85527.711
2024-09-18 03:10:00,85526.252,85586.019,85516.956,85565.312
2024-09-18 03:15:00,85565.007,85678.144,85562.833,85665.699
2024-09-18 03:20:00,85664.719,85724.296,85664.719,85707.988
2024-09-18 03:25:00,85709.482,85711.246,85696.335,85701.83
2024-09-18 03:30:00,85705.209,85711.664,85654.892,85671.218
2024-09-18 03:35:00,85670.938,85679.084,85594.088,85594.894
2024-09-18 03:40:00,85602.941,85625.347,85596.776,85596.776
2024-09-18 03:45:00,85605.127,85605.127,85513.091,85524.527
2024-09-18 03:50:00,85531.888,85539.02,85494.228,85528.668
2024-09-18 03:55:00,85528.402,85541.615,85507.942,85511.389
2024-09-18 04:00:00,85506.833,85518.29,85483.223,85484.71
2024-09-18 04:05:00,85484.572,85484.572,85395.481,85395.481
2024-09-18 04:10:00,85393.941,85400.566,85319.06,85319.06
2024-09-18 04:15:00,85319.626,85319.626,85256.958,85262.865
2024-09-18 04:20:00,85264.566,85264.566,85241.59,85242.291
2024-09-18 04:25:00,85242.291,85243.286,85233.083,85233.545
2024-09-18 04:30:00,85235.074,85252.073,85220.454,85245.137
2024-09-18 04:35:00,85245.159,85261.386,85229.084,85250.801
2024-09-18 04:40:00,85251.616,85291.517,85228.998,85290.655
2024-09-18 04:45:00,85289.571,85290.508,85234.918,85249.885
2024-09-18 04:50:00,85249.444,85417.421,85241.186,85404.748
2024-09-18 04:55:00,85403.057,85404.307,85395.057,85400.731
2024-09-18 05:00:00,85401.408,85419.744,85386.965,85419.744
2024-09-18 05:05:00,85418.826,85441.725,85394.473,85428.998
2024-09-18 05:10:00,85418.604,85459.224,85407.853,85458.859
2024-09-18 05:15:00,85459.732,85463.463,85438.618,85463.463
2024-09-18 05:20:00,85463.66,85463.799,85435.868,85460.156
2024-09-18 05:25:00,85460.451,85463.019,85434.809,85442.512
2024-09-18 05:30:00,85443.034,85481.329,85442.143,85470.34
2024-09-18 05:35:00,85468.763,85468.883,85431.474,85436.337
2024-09-18 05:40:00,85429.771,85438.569,85425.885,85429.67
2024-09-18 05:45:00,85429.287,85446.939,85329.412,85331.802
2024-09-18 05:50:00,85331.717,85331.717,85284.119,85294.233
2024-09-18 05:55:00,85293.551,85310.449,85278.501,85302.643
2024-09-18 06:00:00,85299.608,85332.46,85210.526,85228.509
2024-09-18 06:05:00,84854.457,84854.457,84707.717,84714.353
2024-09-18 06:10:00,84715.133,84748.565,84703.803,84746.654
2024-09-18 06:15:00,84748.339,84786.607,84734.959,84734.978
2024-09-18 06:20:00,84731.977,84752.256,84723.794,84751.502
2024-09-18 06:25:00,84751.261,84807.863,84741.362,84806.035
2024-09-18 06:30:00,84803.926,84810.144,84790.206,84807.621
2024-09-18 06:35:00,84807.737,84820.222,84772.507,84773.494
2024-09-18 06:40:00,84773.159,84846.818,84649.69,84839.265
2024-09-18 06:45:00,84841.612,84950.885,84830.542,84844.82
2024-09-18 06:50:00,84851.188,84913.008,84830.671,84893.553
2024-09-18 06:55:00,84891.591,84899.958,84809.409,84809.409
2024-09-18 07:00:00,84797.313,84843.924,84775.819,84838.458
2024-09-18 07:05:00,84832.632,84930.579,84815.179,84926.279
2024-09-18 07:10:00,84926.595,84931.197,84868.224,84901.85
2024-09-18 07:15:00,84894.83,84941.102,84890.266,84941.102
2024-09-18 07:20:00,84942.474,84970.44,84942.474,84948.763
2024-09-18 07:25:00,84947.399,84952.357,84934.137,84948.411
2024-09-18 07:30:00,84950.412,84960.358,84923.244,84928.857
2024-09-18 07:35:00,84941.975,85009.971,84941.975,85003.62
2024-09-18 07:40:00,85004.698,85012.055,84937.908,84967.042
2024-09-18 07:45:00,84976.589,84978.889,84906.296,84906.655
2024-09-18 07:50:00,84927.181,85085.663,84924.922,84984.888
2024-09-18 07:55:00,84985.567,85081.206,84985.567,85081.206
2024-09-18 08:00:00,85083.1,85104.811,85082.15,85084.915
2024-09-18 08:05:00,85085.981,85121.132,85083.084,85107.393
2024-09-18 08:10:00,85108.44,85126.023,85098.116,85118.514
2024-09-18 08:15:00,85119.073,85143.711,85117.74,85130.072
2024-09-18 08:20:00,85130.808,85147.744,85129.064,85141.284
2024-09-18 08:25:00,85141.235,85141.235,85106.368,85119.791
2024-09-18 08:30:00,85119.885,85133.617,85112.804,85127.981
2024-09-18 08:35:00,85128.013,85147.575,85126.381,85147.575
2024-09-18 08:40:00,85149.667,85169.71,85097.84,85099.556
2024-09-18 08:45:00,85104.557,85104.557,85052.362,85054.042
2024-09-18 08:50:00,85053.311,85053.538,85042.611,85048.111
2024-09-18 08:55:00,85047.218,85107.339,85037.079,85105.605
2024-09-18 09:00:00,85106.206,85106.206,85052.695,85099.555
2024-09-18 09:05:00,85100.759,85190.643,85073.049,85187.739
2024-09-18 09:10:00,85184.044,85218.19,85177.06,85202.174
2024-09-18 09:15:00,85205.423,85265.34,85197.358,85259.787
2024-09-18 09:20:00,85259.766,85281.718,85242.913,85264.848
2024-09-18 09:25:00,85269.048,85273.349,85239.214,85241.578
2024-09-18 09:30:00,85241.112,85242.129,85199.715,85199.715
2024-09-18 09:35:00,85199.355,85199.355,85191.955,85197.198
2024-09-18 09:40:00,85196.978,85203.69,85189.051,85194.978
2024-09-18 09:45:00,85195.003,85197.044,85179.473,85190.636
2024-09-18 09:50:00,85191.012,85194.468,85079.244,85130.35
2024-09-18 09:55:00,85131.726,85170.768,85082.238,85170.768
2024-09-18 10:00:00,85173.826,85233.209,85173.826,85233.209
2024-09-18 10:05:00,85232.859,85250.07,85230.384,85235.529
2024-09-18 10:10:00,85235.49,85257.737,85211.414,85220.605
2024-09-18 10:15:00,85219.404,85229.806,85163.36,85163.927
2024-09-18 10:20:00,85166.97,85175.565,85138.387,85140.089
2024-09-18 10:25:00,85128.014,85142.056,85124.811,85142.056
2024-09-18 10:30:00,85144.904,85197.1,85144.904,85196.288
2024-09-18 10:35:00,85196.722,85228.32,85195.04,85218.696
2024-09-18 10:40:00,85218.078,85234.798,85215.847,85231.185
2024-09-18 10:45:00,85231.126,85237.671,85220.984,85223.064
2024-09-18 10:50:00,85222.827,85280.206,85219.631,85275.701
2024-09-18 10:55:00,85275.424,85276.71,85267.126,85275.535
2024-09-18 11:00:00,85277.684,85277.684,85010.879,85023.027
2024-09-18 11:05:00,85024.488,85101.77,84995.949,85072.881
2024-09-18 11:10:00,85074.27,85074.27,84962.976,84988.288
2024-09-18 11:15:00,84995.389,85009.287,84977.712,85007.842
2024-09-18 11:20:00,84998.296,85026.43,84997.494,85018.725
2024-09-18 11:25:00,85019.003,85038.599,84953.82,84955.73
2024-09-18 11:30:00,84951.191,85017.031,84934.029,85017.031
2024-09-18 11:35:00,85021.742,85049.161,85012.332,85049.098
2024-09-18 11:40:00,85049.905,85074.925,85048.318,85073.954
2024-09-18 11:45:00,85076.284,85158.373,85057.475,85104.79
2024-09-18 11:50:00,85105.454,85172.819,85105.454,85170.644
2024-09-18 11:55:00,85182.144,85203.372,85181.493,85198.196
2024-09-18 12:00:00,85199.731,85205.668,85069.865,85082.068
2024-09-18 12:05:00,85045.982,85045.982,84775.746,84775.746
2024-09-18 12:10:00,84772.074,84773.085,84707.984,84707.984
2024-09-18 12:15:00,84689.523,84689.523,84499.141,84499.141
2024-09-18 12:20:00,84498.754,84513.026,84438.105,84475.008
2024-09-18 12:25:00,84474.784,84474.784,84413.065,84413.065
2024-09-18 12:30:00,84411.885,84501.655,84411.373,84501.655
2024-09-18 12:35:00,84499.156,84633.587,84498.62,84597.536
2024-09-18 12:40:00,84599.114,84619.005,84545.888,84557.334
2024-09-18 12:45:00,84553.188,84598.163,84536.925,84594.432
2024-09-18 12:50:00,84595.818,84599.962,84490.877,84589.384
2024-09-18 12:55:00,84593.085,84593.282,84410.412,84410.559
2024-09-18 13:00:00,84418.218,84418.218,84242.658,84245.885
2024-09-18 13:05:00,84244.171,84267.336,84184.072,84184.072
2024-09-18 13:10:00,84188.938,84237.839,83786.701,83790.401
2024-09-18 13:15:00,83763.776,83784.531,83566.284,83578.368
2024-09-18 13:20:00,83565.962,83610.695,83516.172,83518.967
2024-09-18 13:25:00,83517.205,83542.415,83447.443,83529.823
2024-09-18 13:30:00,83535.638,83536.69,83405.284,83433.005
2024-09-18 13:35:00,83436.29,83436.85,83234.067,83337.354
2024-09-18 13:40:00,83342.007,83355.42,83319.924,83339.599
2024-09-18 13:45:00,83336.229,83351.403,83297.205,83351.403
2024-09-18 13:50:00,83360.576,83365.992,83315.629,83324.42
2024-09-18 13:55:00,83324.118,83388.936,83322.516,83378.44
2024-09-18 14:00:00,83378.743,83470.593,83377.958,83462.927
2024-09-18 14:05:00,83462.018,83477.636,83443.995,83477.029
2024-09-18 14:10:00,83477.019,83501.587,83464.372,83481.099
2024-09-18 14:15:00,83475.609,83478.018,83451.968,83451.968
2024-09-18 14:20:00,83471.065,83503.592,83455.924,83474.254
2024-09-18 14:25:00,83472.244,83486.954,83453.597,83486.954
2024-09-18 14:30:00,83487.297,83504.873,83428.1,83431.136
2024-09-18 14:35:00,83433.386,83455.157,83422.792,83424.45
2024-09-18 14:40:00,83422.413,83527.827,83411.996,83527.827
2024-09-18 14:45:00,83527.338,83539.3,83522.936,83537.802
2024-09-18 14:50:00,83537.314,83605.558,83525.421,83602.133
2024-09-18 14:55:00,83597.607,83620.525,83549.677,83562.008
2024-09-18 15:00:00,83563.2,83595.133,83551.675,83580.81
2024-09-18 15:05:00,83580.857,83634.059,83578.8,83634.059
2024-09-18 15:10:00,83654.406,83665.204,83570.577,83580.38
2024-09-18 15:15:00,83579.625,83634.182,83550.926,83625.362
2024-09-18 15:20:00,83627.51,83630.995,83552.33,83569.726
2024-09-18 15:25:00,83574.332,83644.003,83574.332,83643.745
2024-09-18 15:30:00,83645.148,83669.491,83593.237,83598.038
2024-09-18 15:35:00,83594.919,83609.204,83541.706,83609.204
2024-09-18 15:40:00,83609.599,83653.79,83590.694,83590.694
2024-09-18 15:45:00,83590.012,83592.519,83556.335,83563.408
2024-09-18 15:50:00,83563.322,83566.126,83538.575,83554.025
2024-09-18 15:55:00,83577.785,83599.468,83574.603,83588.352
2024-09-18 16:00:00,83579.369,83613.528,83480.109,83503.881
2024-09-18 16:05:00,83499.226,83499.226,83392.512,83407.584
2024-09-18 16:10:00,83406.514,83606.606,83406.514,83606.606
2024-09-18 16:15:00,83662.375,83758.927,83661.691,83736.176
2024-09-18 16:20:00,83729.795,83735.006,83654.823,83684.924
2024-09-18 16:25:00,83688.965,83707.86,83682.302,83682.395
2024-09-18 16:30:00,83683.475,83820.751,83676.522,83818.313
2024-09-18 16:35:00,83825.669,84029.934,83782.049,83886.818
2024-09-18 16:40:00,83888.365,84101.823,83848.592,84093.997
2024-09-18 16:45:00,84112.905,84346.58,84112.905,84302.137
2024-09-18 16:50:00,84306.847,84417.042,84125.321,84258.689
2024-09-18 16:55:00,84257.253,84257.253,84070.426,84145.398
2024-09-18 17:00:00,84142.03,84143.533,83992.739,84023.238
2024-09-18 17:05:00,84024.905,84126.935,84005.774,84126.935
2024-09-18 17:10:00,84120.264,84239.505,84117.9,84236.35
2024-09-18 17:15:00,84233.993,84235.8,84139.46,84200.734
2024-09-18 17:20:00,84265.948,84265.948,84172.192,84205.774
2024-09-18 17:25:00,84205.182,84205.182,83858.971,83862.704
2024-09-18 17:30:00,83858.434,83865.454,83792.996,83812.605
2024-09-18 17:35:00,83810.449,83856.276,83757.41,83849.864
2024-09-18 17:40:00,83851.05,83931.247,83615.387,83615.387
2024-09-18 17:45:00,83612.526,83618.172,83569.214,83611.348
2024-09-18 17:50:00,83602.453,83614.79,83544.385,83614.582
2024-09-18 17:55:00,83615.293,83621.813,83508.097,83517.857
2024-09-18 18:00:00,83513.962,83531.554,83513.44,83516.148
2024-09-18 18:05:00,83520.786,83533.388,83457.39,83523.385
2024-09-18 18:10:00,83534.792,83562.51,83497.641,83497.641
2024-09-18 18:15:00,83494.997,83561.268,83494.997,83561.268
2024-09-18 18:20:00,83557.519,83593.553,83545.077,83545.077
2024-09-18 18:25:00,83542.57,83556.922,83419.88,83421.639
2024-09-18 18:30:00,83416.992,83417.456,83290.961,83290.961
2024-09-18 18:35:00,83285.422,83300.906,83277.742,83294.768
2024-09-18 18:40:00,83297.439,83347.58,83176.657,83182.188
2024-09-18 18:45:00,83171.917,83226.173,83171.917,83214.23
2024-09-18 18:50:00,83225.337,83234.949,83201.586,83208.064
2024-09-18 18:55:00,83205.78,83205.78,83167.13,83191.561
2024-09-18 19:00:00,83196.17,83334.863,83060.471,83061.128
2024-09-18 19:05:00,83072.069,83072.069,83006.217,83062.539
2024-09-18 19:10:00,83061.973,83080.422,83013.26,83023.34
2024-09-18 19:15:00,83022.295,83076.54,83008.699,83071.158
2024-09-18 19:20:00,83068.88,83163.136,83045.448,83141.97
2024-09-18 19:25:00,83146.822,83170.076,83139.444,83139.691
2024-09-18 19:30:00,83137.773,83215.628,83137.773,83192.189
2024-09-18 19:35:00,83183.744,83183.744,82790.305,82792.69
2024-09-18 19:40:00,82810.941,82837.428,82793.824,82822.896
2024-09-18 19:45:00,82821.636,82822.653,82677.761,82677.86
2024-09-18 19:50:00,82677.236,82678.24,82603.064,82603.064
2024-09-18 19:55:00,82605.64,82612.762,82554.62,82590.078
2024-09-18 20:00:00,82589.348,82596.327,82540.864,82540.864
2024-09-18 20:05:00,82540.761,82545.083,82500.584,82507.742
2024-09-18 20:10:00,82508.664,82520.687,82475.217,82476.946
2024-09-18 20:15:00,82480.222,82480.222,82405.115,82416.419
2024-09-18 20:20:00,82416.19,82468.035,82412.503,82415.901
2024-09-18 20:25:00,82412.915,82412.915,82341.863,82364.619
2024-09-18 20:30:00,82364.511,82386.9,82254.879,82279.995
2024-09-18 20:35:00,82300.272,82415.476,82267.304,82414.421
2024-09-18 20:40:00,82414.299,82414.623,82334.603,82334.603
2024-09-18 20:45:00,82331.95,82341.329,82090.673,82100.4
2024-09-18 20:50:00,82100.507,82150.63,81764.342,81830.679
2024-09-18 20:55:00,81844.512,81904.677,81821.139,81904.677
2024-09-18 21:00:00,82040.916,82242.728,81490.035,81940.584
2024-09-18 21:05:00,81997.891,82299.089,81968.362,82213.688
2024-09-18 21:10:00,82214.072,82554.594,82129.224,82554.594
2024-09-18 21:15:00,82564.696,82709.897,82564.696,82661.035
2024-09-18 21:20:00,82653.386,82730.051,82626.599,82711.255
2024-09-18 21:25:00,82711.046,82780.607,82688.998,82780.607
2024-09-18 21:30:00,82914.544,83049.676,82734.341,83048.25
2024-09-18 21:35:00,82855.83,83004.439,82535.417,83004.439
2024-09-18 21:40:00,82999.893,83736.478,82999.893,83302.239
2024-09-18 21:45:00,83291.259,83342.455,83219.971,83325.468
2024-09-18 21:50:00,83326.517,83627.481,83297.763,83622.468
2024-09-18 21:55:00,83630.394,83664.438,83432.649,83466.773
2024-09-18 22:00:00,83471.921,83657.849,83238.057,83345.33
2024-09-18 22:05:00,83279.9,83293.028,83042.295,83096.191
2024-09-18 22:10:00,83105.483,83167.372,83072.448,83078.969
2024-09-18 22:15:00,83079.792,83131.68,83040.116,83115.7
2024-09-18 22:20:00,83120.309,83608.95,83101.292,83574.854
2024-09-18 22:25:00,83607.024,83720.873,83564.082,83693.46
2024-09-18 22:30:00,83655.013,83714.265,83635.898,83654.158
2024-09-18 22:35:00,83647.437,83824.406,83645.727,83742.667
2024-09-18 22:40:00,83749.395,83797.185,83745.69,83795.078
2024-09-18 22:45:00,83798.824,83960.076,83724.945,83951.332
2024-09-18 22:50:00,83959.814,83986.874,83937.275,83959.94
2024-09-18 22:55:00,83928.427,84023.597,83667.194,83667.194
2024-09-18 23:00:00,83683.101,83756.615,83267.464,83286.136
2024-09-18 23:05:00,83291.028,83428.349,83289.675,83423.39
2024-09-18 23:10:00,83423.741,83451.972,83272.267,83428.402
2024-09-18 23:15:00,83430.115,83525.838,83394.487,83518.726
2024-09-18 23:20:00,83523.5,83678.522,83523.5,83668.444
2024-09-18 23:25:00,83654.969,83661.575,83614.386,83620.34
2024-09-18 23:30:00,83609.658,83619.653,83352.648,83404.591
2024-09-18 23:35:00,83406.434,83424.157,83384.218,83424.157
2024-09-18 23:40:00,83423.908,83429.669,83407.837,83429.669
2024-09-18 23:45:00,83431.703,83431.703,83398.856,83410.137
2024-09-18 23:50:00,83410.629,83412.374,83326.532,83402.056
2024-09-18 23:55:00,83401.156,83401.156,83343.28,83352.013
2024-09-19 00:00:00,83356.504,83359.837,83282.91,83282.94
