2024-09-14 00:05:00,2.471,71.19,28.81
2024-09-14 00:10:00,2.4698,71.18,28.82
2024-09-14 00:15:00,2.4807,71.27,28.73
2024-09-14 00:20:00,2.4795,71.26,28.74
2024-09-14 00:25:00,2.4807,71.27,28.73
2024-09-14 00:30:00,2.4868,71.32,28.68
2024-09-14 00:35:00,2.4106,70.68,29.32
2024-09-14 00:40:00,2.4037,70.62,29.38
2024-09-14 00:45:00,2.4083,70.66,29.34
2024-09-14 00:50:00,2.4118,70.69,29.31
2024-09-14 00:55:00,2.4072,70.65,29.35
2024-09-14 01:00:00,2.4083,70.66,29.34
2024-09-14 01:05:00,2.4072,70.65,29.35
2024-09-14 01:15:00,2.4095,70.67,29.33
2024-09-14 01:15:00,2.4095,70.67,29.33
2024-09-14 01:20:00,2.4048,70.63,29.37
2024-09-14 01:25:00,2.4014,70.6,29.4
2024-09-14 01:30:00,2.4083,70.66,29.34
2024-09-14 01:35:00,2.4106,70.68,29.32
2024-09-14 01:40:00,2.413,70.7,29.3
2024-09-14 01:45:00,2.4118,70.69,29.31
2024-09-14 01:50:00,2.4118,70.69,29.31
2024-09-14 01:55:00,2.391,70.51,29.49
2024-09-14 02:00:00,2.3887,70.49,29.51
2024-09-14 02:05:00,2.3921,70.52,29.48
2024-09-14 02:10:00,2.4002,70.59,29.41
2024-09-14 02:15:00,2.4095,70.67,29.33
2024-09-14 02:20:00,2.413,70.7,29.3
2024-09-14 02:25:00,2.4165,70.73,29.27
2024-09-14 02:35:00,2.4165,70.73,29.27
2024-09-14 02:35:00,2.4165,70.73,29.27
2024-09-14 02:40:00,2.4258,70.81,29.19
2024-09-14 02:45:00,2.4153,70.72,29.28
2024-09-14 02:50:00,2.4188,70.75,29.25
2024-09-14 02:55:00,2.413,70.7,29.3
2024-09-14 03:00:00,2.4095,70.67,29.33
2024-09-14 03:05:00,2.391,70.51,29.49
2024-09-14 03:10:00,2.3967,70.56,29.44
2024-09-14 03:15:00,2.3944,70.54,29.46
2024-09-14 03:20:00,2.3921,70.52,29.48
2024-09-14 03:25:00,2.3647,70.28,29.72
2024-09-14 03:30:00,2.3818,70.43,29.57
2024-09-14 03:35:00,2.375,70.37,29.63
2024-09-14 03:40:00,2.3693,70.32,29.68
2024-09-14 03:45:00,2.3659,70.29,29.71
2024-09-14 03:55:00,2.3681,70.31,29.69
2024-09-14 03:55:00,2.3681,70.31,29.69
2024-09-14 04:00:00,2.3647,70.28,29.72
2024-09-14 04:05:00,2.3659,70.29,29.71
2024-09-14 04:10:00,2.3681,70.31,29.69
2024-09-14 04:15:00,2.3887,70.49,29.51
2024-09-14 04:20:00,2.391,70.51,29.49
2024-09-14 04:25:00,2.3933,70.53,29.47
2024-09-14 04:30:00,2.3795,70.41,29.59
2024-09-14 04:35:00,2.3852,70.46,29.54
2024-09-14 04:40:00,2.3864,70.47,29.53
2024-09-14 04:45:00,2.3887,70.49,29.51
2024-09-14 04:50:00,2.3864,70.47,29.53
2024-09-14 04:55:00,2.3887,70.49,29.51
2024-09-14 05:00:00,2.391,70.51,29.49
2024-09-14 05:05:00,2.3864,70.47,29.53
2024-09-14 05:10:00,2.3807,70.42,29.58
2024-09-14 05:20:00,2.3761,70.38,29.62
2024-09-14 05:20:00,2.3761,70.38,29.62
2024-09-14 05:25:00,2.3841,70.45,29.55
2024-09-14 05:30:00,2.3807,70.42,29.58
2024-09-14 05:35:00,2.3852,70.46,29.54
2024-09-14 05:40:00,2.3864,70.47,29.53
2024-09-14 05:45:00,2.3841,70.45,29.55
2024-09-14 05:50:00,2.3887,70.49,29.51
2024-09-14 05:55:00,2.3852,70.46,29.54
2024-09-14 06:00:00,2.3852,70.46,29.54
2024-09-14 06:05:00,2.3344,70.01,29.99
2024-09-14 06:10:00,2.3378,70.04,29.96
2024-09-14 06:15:00,2.3378,70.04,29.96
2024-09-14 06:20:00,2.3389,70.05,29.95
2024-09-14 06:25:00,2.34,70.06,29.94
2024-09-14 06:35:00,2.3422,70.08,29.92
2024-09-14 06:35:00,2.3422,70.08,29.92
2024-09-14 06:40:00,2.3467,70.12,29.88
2024-09-14 06:45:00,2.349,70.14,29.86
2024-09-14 06:50:00,2.3467,70.12,29.88
2024-09-14 06:55:00,2.2468,69.2,30.8
2024-09-14 07:00:00,2.2446,69.18,30.82
2024-09-14 07:05:00,2.3047,69.74,30.26
2024-09-14 07:10:00,2.2982,69.68,30.32
2024-09-14 07:15:00,2.3014,69.71,30.29
2024-09-14 07:20:00,2.2938,69.64,30.36
2024-09-14 07:25:00,2.2992,69.69,30.31
2024-09-14 07:30:00,2.3025,69.72,30.28
2024-09-14 07:40:00,2.3367,70.03,29.97
2024-09-14 07:40:00,2.3367,70.03,29.97
2024-09-14 07:45:00,2.3322,69.99,30.01
2024-09-14 07:50:00,2.3069,69.76,30.24
2024-09-14 07:55:00,2.3058,69.75,30.25
2024-09-14 08:00:00,2.2415,69.15,30.85
2024-09-14 08:05:00,2.2373,69.11,30.89
2024-09-14 08:10:00,2.2394,69.13,30.87
2024-09-14 08:15:00,2.2383,69.12,30.88
2024-09-14 08:20:00,2.2383,69.12,30.88
2024-09-14 08:25:00,2.2446,69.18,30.82
2024-09-14 08:30:00,2.2425,69.16,30.84
2024-09-14 08:40:00,2.2446,69.18,30.82
2024-09-14 08:40:00,2.2446,69.18,30.82
2024-09-14 08:45:00,2.2289,69.03,30.97
2024-09-14 08:50:00,2.2196,68.94,31.06
2024-09-14 08:55:00,2.2227,68.97,31.03
2024-09-14 09:00:00,2.2258,69,31
2024-09-14 09:05:00,2.2404,69.14,30.86
2024-09-14 09:10:00,2.2383,69.12,30.88
2024-09-14 09:15:00,2.2175,68.92,31.08
2024-09-14 09:20:00,2.2144,68.89,31.11
2024-09-14 09:25:00,2.1969,68.72,31.28
2024-09-14 09:35:00,2.2,68.75,31.25
2024-09-14 09:35:00,2.2,68.75,31.25
2024-09-14 09:40:00,2.198,68.73,31.27
2024-09-14 09:45:00,2.2906,69.61,30.39
2024-09-14 09:50:00,2.2841,69.55,30.45
2024-09-14 09:55:00,2.2895,69.6,30.4
2024-09-14 10:00:00,2.2949,69.65,30.35
2024-09-14 10:05:00,2.3523,70.17,29.83
2024-09-14 10:10:00,2.3613,70.25,29.75
2024-09-14 10:15:00,2.3681,70.31,29.69
2024-09-14 10:25:00,2.3704,70.33,29.67
2024-09-14 10:25:00,2.3704,70.33,29.67
2024-09-14 10:30:00,2.375,70.37,29.63
2024-09-14 10:35:00,2.3761,70.38,29.62
2024-09-14 10:40:00,2.3818,70.43,29.57
2024-09-14 10:45:00,2.3841,70.45,29.55
2024-09-14 10:50:00,2.3864,70.47,29.53
2024-09-14 10:55:00,2.3887,70.49,29.51
2024-09-14 11:00:00,2.3956,70.55,29.45
2024-09-14 11:05:00,2.3956,70.55,29.45
2024-09-14 11:15:00,2.3944,70.54,29.46
2024-09-14 11:15:00,2.3944,70.54,29.46
2024-09-14 11:20:00,2.3898,70.5,29.5
2024-09-14 11:25:00,2.391,70.51,29.49
2024-09-14 11:30:00,2.3738,70.36,29.64
2024-09-14 11:35:00,2.3693,70.32,29.68
2024-09-14 11:40:00,2.3693,70.32,29.68
2024-09-14 11:45:00,2.3625,70.26,29.74
2024-09-14 11:50:00,2.3829,70.44,29.56
2024-09-14 11:55:00,2.3807,70.42,29.58
2024-09-14 12:00:00,2.3887,70.49,29.51
2024-09-14 12:05:00,2.3887,70.49,29.51
2024-09-14 12:15:00,2.3898,70.5,29.5
2024-09-14 12:15:00,2.3898,70.5,29.5
2024-09-14 12:20:00,2.3852,70.46,29.54
2024-09-14 12:25:00,2.391,70.51,29.49
2024-09-14 12:30:00,2.3944,70.54,29.46
2024-09-14 12:35:00,2.3921,70.52,29.48
2024-09-14 12:40:00,2.3344,70.01,29.99
2024-09-14 12:45:00,2.3445,70.1,29.9
2024-09-14 12:50:00,2.3568,70.21,29.79
2024-09-14 12:55:00,2.3625,70.26,29.74
2024-09-14 13:00:00,2.3659,70.29,29.71
2024-09-14 13:05:00,2.3456,70.11,29.89
2024-09-14 13:10:00,2.3411,70.07,29.93
2024-09-14 13:20:00,2.3411,70.07,29.93
2024-09-14 13:20:00,2.3411,70.07,29.93
2024-09-14 13:25:00,2.3278,69.95,30.05
2024-09-14 13:30:00,2.3245,69.92,30.08
2024-09-14 13:35:00,2.3179,69.86,30.14
2024-09-14 13:40:00,2.3167,69.85,30.15
2024-09-14 13:45:00,2.3156,69.84,30.16
2024-09-14 13:50:00,2.3167,69.85,30.15
2024-09-14 13:55:00,2.3278,69.95,30.05
2024-09-14 14:00:00,2.3322,69.99,30.01
2024-09-14 14:05:00,2.3278,69.95,30.05
2024-09-14 14:10:00,2.3523,70.17,29.83
2024-09-14 14:15:00,2.3568,70.21,29.79
2024-09-14 14:20:00,2.3636,70.27,29.73
2024-09-14 14:30:00,2.3681,70.31,29.69
2024-09-14 14:30:00,2.3681,70.31,29.69
2024-09-14 14:35:00,2.3784,70.4,29.6
2024-09-14 14:40:00,2.3807,70.42,29.58
2024-09-14 14:45:00,2.4518,71.03,28.97
2024-09-14 14:50:00,2.4868,71.32,28.68
2024-09-14 14:55:00,2.4831,71.29,28.71
2024-09-14 15:00:00,2.4843,71.3,28.7
2024-09-14 15:05:00,2.4892,71.34,28.66
2024-09-14 15:10:00,2.4892,71.34,28.66
2024-09-14 15:15:00,2.5361,71.72,28.28
2024-09-14 15:20:00,2.5448,71.79,28.21
2024-09-14 15:25:00,2.5461,71.8,28.2
2024-09-14 15:35:00,2.5499,71.83,28.17
2024-09-14 15:35:00,2.5499,71.83,28.17
2024-09-14 15:40:00,2.5714,72,28
2024-09-14 15:45:00,2.5702,71.99,28.01
2024-09-14 15:50:00,2.5663,71.96,28.04
2024-09-14 15:55:00,2.5689,71.98,28.02
2024-09-14 16:00:00,2.5638,71.94,28.06
2024-09-14 16:05:00,2.5689,71.98,28.02
2024-09-14 16:10:00,2.5575,71.89,28.11
2024-09-14 16:15:00,2.56,71.91,28.09
2024-09-14 16:20:00,2.5448,71.79,28.21
2024-09-14 16:25:00,2.5524,71.85,28.15
2024-09-14 16:35:00,2.5549,71.87,28.13
2024-09-14 16:35:00,2.5549,71.87,28.13
2024-09-14 16:40:00,2.5625,71.93,28.07
2024-09-14 16:45:00,2.5638,71.94,28.06
2024-09-14 16:50:00,2.5625,71.93,28.07
2024-09-14 16:55:00,2.5613,71.92,28.08
2024-09-14 17:00:00,2.5587,71.9,28.1
2024-09-14 17:05:00,2.5638,71.94,28.06
2024-09-14 17:10:00,2.5638,71.94,28.06
2024-09-14 17:20:00,2.5638,71.94,28.06
2024-09-14 17:20:00,2.5638,71.94,28.06
2024-09-14 17:25:00,2.5625,71.93,28.07
2024-09-14 17:30:00,2.5651,71.95,28.05
2024-09-14 17:35:00,2.5778,72.05,27.95
2024-09-14 17:40:00,2.5829,72.09,27.91
2024-09-14 17:45:00,2.5804,72.07,27.93
2024-09-14 17:50:00,2.5499,71.83,28.17
2024-09-14 17:55:00,2.5298,71.67,28.33
2024-09-14 18:00:00,2.5273,71.65,28.35
2024-09-14 18:05:00,2.5651,71.95,28.05
2024-09-14 18:15:00,2.5625,71.93,28.07
2024-09-14 18:15:00,2.5625,71.93,28.07
2024-09-14 18:20:00,2.5651,71.95,28.05
2024-09-14 18:25:00,2.5638,71.94,28.06
2024-09-14 18:30:00,2.5638,71.94,28.06
2024-09-14 18:35:00,2.5587,71.9,28.1
2024-09-14 18:40:00,2.5562,71.88,28.12
2024-09-14 18:45:00,2.5613,71.92,28.08
2024-09-14 18:50:00,2.5323,71.69,28.31
2024-09-14 18:55:00,2.5398,71.75,28.25
2024-09-14 19:05:00,2.5361,71.72,28.28
2024-09-14 19:05:00,2.5361,71.72,28.28
2024-09-14 19:10:00,2.5373,71.73,28.27
2024-09-14 19:15:00,2.5398,71.75,28.25
2024-09-14 19:20:00,2.5474,71.81,28.19
2024-09-14 19:25:00,2.5537,71.86,28.14
2024-09-14 19:30:00,2.5499,71.83,28.17
2024-09-14 19:35:00,2.5474,71.81,28.19
2024-09-14 19:40:00,2.5499,71.83,28.17
2024-09-14 19:45:00,2.5537,71.86,28.14
2024-09-14 19:50:00,2.635,72.49,27.51
2024-09-14 19:55:00,2.6456,72.57,27.43
2024-09-14 20:05:00,2.6456,72.57,27.43
2024-09-14 20:05:00,2.6456,72.57,27.43
2024-09-14 20:10:00,2.6576,72.66,27.34
2024-09-14 20:15:00,2.6536,72.63,27.37
2024-09-14 20:20:00,2.6496,72.6,27.4
2024-09-14 20:25:00,2.6456,72.57,27.43
2024-09-14 20:30:00,2.643,72.55,27.45
2024-09-14 20:35:00,2.6166,72.35,27.65
2024-09-14 20:40:00,2.6166,72.35,27.65
2024-09-14 20:45:00,2.6166,72.35,27.65
2024-09-14 20:50:00,2.6179,72.36,27.64
2024-09-14 20:55:00,2.614,72.33,27.67
2024-09-14 21:00:00,2.6114,72.31,27.69
2024-09-14 21:10:00,2.6036,72.25,27.75
2024-09-14 21:10:00,2.6036,72.25,27.75
2024-09-14 21:15:00,2.6563,72.65,27.35
2024-09-14 21:20:00,2.651,72.61,27.39
2024-09-14 21:25:00,2.6576,72.66,27.34
2024-09-14 21:30:00,2.6563,72.65,27.35
2024-09-14 21:35:00,2.6536,72.63,27.37
2024-09-14 21:40:00,2.6603,72.68,27.32
2024-09-14 21:45:00,2.667,72.73,27.27
2024-09-14 21:50:00,2.667,72.73,27.27
2024-09-14 21:55:00,2.667,72.73,27.27
2024-09-14 22:00:00,2.6697,72.75,27.25
2024-09-14 22:05:00,2.6697,72.75,27.25
2024-09-14 22:15:00,2.6738,72.78,27.22
2024-09-14 22:15:00,2.6738,72.78,27.22
2024-09-14 22:20:00,2.667,72.73,27.27
2024-09-14 22:25:00,2.663,72.7,27.3
2024-09-14 22:30:00,2.663,72.7,27.3
2024-09-14 22:35:00,2.667,72.73,27.27
2024-09-14 22:40:00,2.6523,72.62,27.38
2024-09-14 22:45:00,2.651,72.61,27.39
2024-09-14 22:50:00,2.655,72.64,27.36
2024-09-14 22:55:00,2.6536,72.63,27.37
2024-09-14 23:00:00,2.6563,72.65,27.35
2024-09-14 23:05:00,2.6536,72.63,27.37
2024-09-14 23:10:00,2.6496,72.6,27.4
2024-09-14 23:15:00,2.6456,72.57,27.43
2024-09-14 23:25:00,2.6417,72.54,27.46
2024-09-14 23:25:00,2.6417,72.54,27.46
2024-09-14 23:30:00,2.6417,72.54,27.46
2024-09-14 23:35:00,2.6377,72.51,27.49
2024-09-14 23:40:00,2.647,72.58,27.42
2024-09-14 23:45:00,2.6101,72.3,27.7
2024-09-14 23:50:00,2.6114,72.31,27.69
2024-09-14 23:55:00,2.6075,72.28,27.72
2024-09-15 00:00:00,2.6049,72.26,27.74
2024-09-15 00:05:00,2.6049,72.26,27.74
2024-09-15 00:10:00,2.6049,72.26,27.74
2024-09-15 00:15:00,2.6101,72.3,27.7
2024-09-15 00:20:00,2.6062,72.27,27.73
2024-09-15 00:30:00,2.6062,72.27,27.73
2024-09-15 00:30:00,2.6062,72.27,27.73
2024-09-15 00:35:00,2.6101,72.3,27.7
2024-09-15 00:40:00,2.614,72.33,27.67
2024-09-15 00:45:00,2.6101,72.3,27.7
2024-09-15 00:50:00,2.6075,72.28,27.72
2024-09-15 00:55:00,2.6075,72.28,27.72
2024-09-15 01:00:00,2.6062,72.27,27.73
2024-09-15 01:05:00,2.6088,72.29,27.71
2024-09-15 01:10:00,2.6127,72.32,27.68
2024-09-15 01:15:00,2.6088,72.29,27.71
2024-09-15 01:20:00,2.6088,72.29,27.71
2024-09-15 01:25:00,2.6062,72.27,27.73
2024-09-15 01:30:00,2.6062,72.27,27.73
2024-09-15 01:35:00,2.6036,72.25,27.75
2024-09-15 01:45:00,2.6023,72.24,27.76
2024-09-15 01:45:00,2.6023,72.24,27.76
2024-09-15 01:50:00,2.6036,72.25,27.75
2024-09-15 01:55:00,2.6049,72.26,27.74
2024-09-15 02:00:00,2.6049,72.26,27.74
2024-09-15 02:05:00,2.6062,72.27,27.73
2024-09-15 02:10:00,2.6114,72.31,27.69
2024-09-15 02:15:00,2.6101,72.3,27.7
2024-09-15 02:20:00,2.614,72.33,27.67
2024-09-15 02:25:00,2.6088,72.29,27.71
2024-09-15 02:30:00,2.6127,72.32,27.68
2024-09-15 02:35:00,2.6114,72.31,27.69
2024-09-15 02:40:00,2.6114,72.31,27.69
2024-09-15 02:45:00,2.6101,72.3,27.7
2024-09-15 02:50:00,2.6101,72.3,27.7
2024-09-15 02:55:00,2.614,72.33,27.67
2024-09-15 03:05:00,2.6179,72.36,27.64
2024-09-15 03:05:00,2.6179,72.36,27.64
2024-09-15 03:10:00,2.6062,72.27,27.73
2024-09-15 03:15:00,2.6075,72.28,27.72
2024-09-15 03:20:00,2.6101,72.3,27.7
2024-09-15 03:25:00,2.6101,72.3,27.7
2024-09-15 03:30:00,2.6153,72.34,27.66
2024-09-15 03:35:00,2.6206,72.38,27.62
2024-09-15 03:40:00,2.6219,72.39,27.61
2024-09-15 03:45:00,2.6232,72.4,27.6
2024-09-15 03:50:00,2.6298,72.45,27.55
2024-09-15 03:55:00,2.6377,72.51,27.49
2024-09-15 04:00:00,2.6324,72.47,27.53
2024-09-15 04:05:00,2.6258,72.42,27.58
2024-09-15 04:10:00,2.6232,72.4,27.6
2024-09-15 04:15:00,2.6258,72.42,27.58
2024-09-15 04:20:00,2.6219,72.39,27.61
2024-09-15 04:30:00,2.6298,72.45,27.55
2024-09-15 04:30:00,2.6298,72.45,27.55
2024-09-15 04:35:00,2.6193,72.37,27.63
2024-09-15 04:40:00,2.6193,72.37,27.63
2024-09-15 04:45:00,2.6193,72.37,27.63
2024-09-15 04:50:00,2.6232,72.4,27.6
2024-09-15 04:55:00,2.6206,72.38,27.62
2024-09-15 05:00:00,2.6206,72.38,27.62
2024-09-15 05:05:00,2.6245,72.41,27.59
2024-09-15 05:10:00,2.6258,72.42,27.58
2024-09-15 05:15:00,2.6298,72.45,27.55
2024-09-15 05:20:00,2.6206,72.38,27.62
2024-09-15 05:25:00,2.6258,72.42,27.58
2024-09-15 05:30:00,2.6778,72.81,27.19
2024-09-15 05:35:00,2.6805,72.83,27.17
2024-09-15 05:45:00,2.6751,72.79,27.21
2024-09-15 05:45:00,2.6751,72.79,27.21
2024-09-15 05:50:00,2.6819,72.84,27.16
2024-09-15 05:55:00,2.6792,72.82,27.18
2024-09-15 06:00:00,2.6832,72.85,27.15
2024-09-15 06:05:00,2.6751,72.79,27.21
2024-09-15 06:10:00,2.6697,72.75,27.25
2024-09-15 06:15:00,2.6536,72.63,27.37
2024-09-15 06:20:00,2.6523,72.62,27.38
2024-09-15 06:25:00,2.6523,72.62,27.38
2024-09-15 06:30:00,2.6536,72.63,27.37
2024-09-15 06:35:00,2.655,72.64,27.36
2024-09-15 06:40:00,2.6496,72.6,27.4
2024-09-15 06:45:00,2.6523,72.62,27.38
2024-09-15 06:50:00,2.655,72.64,27.36
2024-09-15 06:55:00,2.655,72.64,27.36
2024-09-15 07:05:00,2.659,72.67,27.33
2024-09-15 07:05:00,2.659,72.67,27.33
2024-09-15 07:10:00,2.6617,72.69,27.31
2024-09-15 07:15:00,2.6684,72.74,27.26
2024-09-15 07:20:00,2.6684,72.74,27.26
2024-09-15 07:25:00,2.6697,72.75,27.25
2024-09-15 07:30:00,2.6657,72.72,27.28
2024-09-15 07:35:00,2.663,72.7,27.3
2024-09-15 07:40:00,2.6643,72.71,27.29
2024-09-15 07:45:00,2.6603,72.68,27.32
2024-09-15 07:50:00,2.659,72.67,27.33
2024-09-15 07:55:00,2.663,72.7,27.3
2024-09-15 08:00:00,2.667,72.73,27.27
2024-09-15 08:05:00,2.6805,72.83,27.17
2024-09-15 08:15:00,2.6846,72.86,27.14
2024-09-15 08:15:00,2.6846,72.86,27.14
2024-09-15 08:20:00,2.686,72.87,27.13
2024-09-15 08:25:00,2.6765,72.8,27.2
2024-09-15 08:30:00,2.6792,72.82,27.18
2024-09-15 08:35:00,2.6819,72.84,27.16
2024-09-15 08:40:00,2.6873,72.88,27.12
2024-09-15 08:45:00,2.6792,72.82,27.18
2024-09-15 08:50:00,2.6887,72.89,27.11
2024-09-15 08:55:00,2.7425,73.28,26.72
2024-09-15 09:00:00,2.7411,73.27,26.73
2024-09-15 09:05:00,2.7286,73.18,26.82
2024-09-15 09:10:00,2.723,73.14,26.86
2024-09-15 09:15:00,2.7244,73.15,26.85
2024-09-15 09:25:00,2.7216,73.13,26.87
2024-09-15 09:25:00,2.7216,73.13,26.87
2024-09-15 09:30:00,2.7286,73.18,26.82
2024-09-15 09:35:00,2.7313,73.2,26.8
2024-09-15 09:40:00,2.7313,73.2,26.8
2024-09-15 09:45:00,2.7327,73.21,26.79
2024-09-15 09:50:00,2.7341,73.22,26.78
2024-09-15 09:55:00,2.7369,73.24,26.76
2024-09-15 10:00:00,2.7369,73.24,26.76
2024-09-15 10:05:00,2.7397,73.26,26.74
2024-09-15 10:10:00,2.7327,73.21,26.79
2024-09-15 10:15:00,2.7286,73.18,26.82
2024-09-15 10:20:00,2.723,73.14,26.86
2024-09-15 10:30:00,2.7244,73.15,26.85
2024-09-15 10:30:00,2.7244,73.15,26.85
2024-09-15 10:35:00,2.7258,73.16,26.84
2024-09-15 10:40:00,2.7175,73.1,26.9
2024-09-15 10:45:00,2.7133,73.07,26.93
2024-09-15 10:50:00,2.7078,73.03,26.97
2024-09-15 10:55:00,2.712,73.06,26.94
2024-09-15 11:00:00,2.7147,73.08,26.92
2024-09-15 11:05:00,2.7202,73.12,26.88
2024-09-15 11:10:00,2.7106,73.05,26.95
2024-09-15 11:15:00,2.712,73.06,26.94
2024-09-15 11:20:00,2.712,73.06,26.94
2024-09-15 11:25:00,2.7092,73.04,26.96
2024-09-15 11:35:00,2.701,72.98,27.02
2024-09-15 11:35:00,2.701,72.98,27.02
2024-09-15 11:40:00,2.6941,72.93,27.07
2024-09-15 11:45:00,2.6914,72.91,27.09
2024-09-15 11:50:00,2.6955,72.94,27.06
2024-09-15 11:55:00,2.6982,72.96,27.04
2024-09-15 12:00:00,2.6969,72.95,27.05
2024-09-15 12:05:00,2.6832,72.85,27.15
2024-09-15 12:10:00,2.69,72.9,27.1
2024-09-15 12:15:00,2.6982,72.96,27.04
2024-09-15 12:20:00,2.6996,72.97,27.03
2024-09-15 12:25:00,2.7078,73.03,26.97
2024-09-15 12:30:00,2.7051,73.01,26.99
2024-09-15 12:40:00,2.7023,72.99,27.01
2024-09-15 12:40:00,2.7023,72.99,27.01
2024-09-15 12:45:00,2.6996,72.97,27.03
2024-09-15 12:50:00,2.701,72.98,27.02
2024-09-15 12:55:00,2.7078,73.03,26.97
2024-09-15 13:00:00,2.7051,73.01,26.99
2024-09-15 13:05:00,2.7037,73,27
2024-09-15 13:10:00,2.7023,72.99,27.01
2024-09-15 13:15:00,2.7037,73,27
2024-09-15 13:20:00,2.7092,73.04,26.96
2024-09-15 13:25:00,2.7051,73.01,26.99
2024-09-15 13:30:00,2.7064,73.02,26.98
2024-09-15 13:35:00,2.7286,73.18,26.82
2024-09-15 13:45:00,2.7369,73.24,26.76
2024-09-15 13:45:00,2.7369,73.24,26.76
2024-09-15 13:50:00,2.7538,73.36,26.64
2024-09-15 13:55:00,2.7523,73.35,26.65
2024-09-15 14:00:00,2.7467,73.31,26.69
2024-09-15 14:05:00,2.7523,73.35,26.65
2024-09-15 14:10:00,2.7467,73.31,26.69
2024-09-15 14:15:00,2.7341,73.22,26.78
2024-09-15 14:20:00,2.7286,73.18,26.82
2024-09-15 14:25:00,2.7313,73.2,26.8
2024-09-15 14:30:00,2.7341,73.22,26.78
2024-09-15 14:35:00,2.7355,73.23,26.77
2024-09-15 14:40:00,2.7453,73.3,26.7
2024-09-15 14:50:00,2.7495,73.33,26.67
2024-09-15 14:50:00,2.7495,73.33,26.67
2024-09-15 14:55:00,2.7286,73.18,26.82
2024-09-15 15:00:00,2.7341,73.22,26.78
2024-09-15 15:05:00,2.723,73.14,26.86
2024-09-15 15:10:00,2.723,73.14,26.86
2024-09-15 15:15:00,2.6711,72.76,27.24
2024-09-15 15:20:00,2.6738,72.78,27.22
2024-09-15 15:25:00,2.6751,72.79,27.21
2024-09-15 15:30:00,2.6765,72.8,27.2
2024-09-15 15:35:00,2.6711,72.76,27.24
2024-09-15 15:40:00,2.6684,72.74,27.26
2024-09-15 15:50:00,2.6684,72.74,27.26
2024-09-15 15:50:00,2.6684,72.74,27.26
2024-09-15 15:55:00,2.6711,72.76,27.24
2024-09-15 16:00:00,2.6643,72.71,27.29
2024-09-15 16:05:00,2.6643,72.71,27.29
2024-09-15 16:10:00,2.6792,72.82,27.18
2024-09-15 16:15:00,2.6846,72.86,27.14
2024-09-15 16:20:00,2.6832,72.85,27.15
2024-09-15 16:25:00,2.6724,72.77,27.23
2024-09-15 16:35:00,2.6697,72.75,27.25
2024-09-15 16:35:00,2.6697,72.75,27.25
2024-09-15 16:40:00,2.6258,72.42,27.58
2024-09-15 16:45:00,2.6245,72.41,27.59
2024-09-15 16:50:00,2.6337,72.48,27.52
2024-09-15 16:55:00,2.6258,72.42,27.58
2024-09-15 17:00:00,2.6245,72.41,27.59
2024-09-15 17:05:00,2.6193,72.37,27.63
2024-09-15 17:10:00,2.6153,72.34,27.66
2024-09-15 17:15:00,2.6298,72.45,27.55
2024-09-15 17:20:00,2.6496,72.6,27.4
2024-09-15 17:30:00,2.6443,72.56,27.44
2024-09-15 17:30:00,2.6443,72.56,27.44
2024-09-15 17:35:00,2.6443,72.56,27.44
2024-09-15 17:40:00,2.639,72.52,27.48
2024-09-15 17:45:00,2.6364,72.5,27.5
2024-09-15 17:50:00,2.639,72.52,27.48
2024-09-15 17:55:00,2.6324,72.47,27.53
2024-09-15 18:00:00,2.6258,72.42,27.58
2024-09-15 18:05:00,2.6364,72.5,27.5
2024-09-15 18:10:00,2.6311,72.46,27.54
2024-09-15 18:15:00,2.6284,72.44,27.56
2024-09-15 18:20:00,2.6179,72.36,27.64
2024-09-15 18:25:00,2.6101,72.3,27.7
2024-09-15 18:35:00,2.6088,72.29,27.71
2024-09-15 18:35:00,2.6088,72.29,27.71
2024-09-15 18:40:00,2.6049,72.26,27.74
2024-09-15 18:45:00,2.6062,72.27,27.73
2024-09-15 18:50:00,2.6036,72.25,27.75
2024-09-15 18:55:00,2.6049,72.26,27.74
2024-09-15 19:00:00,2.5958,72.19,27.81
2024-09-15 19:05:00,2.6049,72.26,27.74
2024-09-15 19:10:00,2.614,72.33,27.67
2024-09-15 19:15:00,2.6166,72.35,27.65
2024-09-15 19:20:00,2.6153,72.34,27.66
2024-09-15 19:25:00,2.6258,72.42,27.58
2024-09-15 19:35:00,2.6258,72.42,27.58
2024-09-15 19:35:00,2.6258,72.42,27.58
2024-09-15 19:40:00,2.6245,72.41,27.59
2024-09-15 19:45:00,2.635,72.49,27.51
2024-09-15 19:50:00,2.635,72.49,27.51
2024-09-15 19:55:00,2.6377,72.51,27.49
2024-09-15 20:00:00,2.5907,72.15,27.85
2024-09-15 20:05:00,2.5894,72.14,27.86
2024-09-15 20:10:00,2.5984,72.21,27.79
2024-09-15 20:15:00,2.6127,72.32,27.68
2024-09-15 20:20:00,2.6023,72.24,27.76
2024-09-15 20:25:00,2.5997,72.22,27.78
2024-09-15 20:30:00,2.6114,72.31,27.69
2024-09-15 20:40:00,2.614,72.33,27.67
2024-09-15 20:40:00,2.614,72.33,27.67
2024-09-15 20:45:00,2.6049,72.26,27.74
2024-09-15 20:50:00,2.5997,72.22,27.78
2024-09-15 20:55:00,2.5984,72.21,27.79
2024-09-15 21:00:00,2.5829,72.09,27.91
2024-09-15 21:05:00,2.5689,71.98,28.02
2024-09-15 21:10:00,2.5727,72.01,27.99
2024-09-15 21:15:00,2.5702,71.99,28.01
2024-09-15 21:20:00,2.5651,71.95,28.05
2024-09-15 21:25:00,2.5638,71.94,28.06
2024-09-15 21:30:00,2.5549,71.87,28.13
2024-09-15 21:35:00,2.5537,71.86,28.14
2024-09-15 21:45:00,2.5676,71.97,28.03
2024-09-15 21:45:00,2.5676,71.97,28.03
2024-09-15 21:50:00,2.574,72.02,27.98
2024-09-15 21:55:00,2.5575,71.89,28.11
2024-09-15 22:00:00,2.5562,71.88,28.12
2024-09-15 22:05:00,2.5411,71.76,28.24
2024-09-15 22:10:00,2.5323,71.69,28.31
2024-09-15 22:15:00,2.5373,71.73,28.27
2024-09-15 22:20:00,2.5361,71.72,28.28
2024-09-15 22:25:00,2.5298,71.67,28.33
2024-09-15 22:30:00,2.5524,71.85,28.15
2024-09-15 22:35:00,2.5537,71.86,28.14
2024-09-15 22:40:00,2.5511,71.84,28.16
2024-09-15 22:50:00,2.5587,71.9,28.1
2024-09-15 22:50:00,2.5587,71.9,28.1
2024-09-15 22:55:00,2.5625,71.93,28.07
2024-09-15 23:00:00,2.5651,71.95,28.05
2024-09-15 23:05:00,2.5663,71.96,28.04
2024-09-15 23:10:00,2.5945,72.18,27.82
2024-09-15 23:15:00,2.5984,72.21,27.79
2024-09-15 23:20:00,2.5932,72.17,27.83
2024-09-15 23:25:00,2.5997,72.22,27.78
2024-09-15 23:30:00,2.6114,72.31,27.69
2024-09-15 23:35:00,2.6023,72.24,27.76
2024-09-15 23:40:00,2.6023,72.24,27.76
2024-09-15 23:45:00,2.6062,72.27,27.73
2024-09-15 23:55:00,2.6049,72.26,27.74
2024-09-15 23:55:00,2.6049,72.26,27.74
2024-09-16 00:00:00,2.6062,72.27,27.73
2024-09-16 00:05:00,2.6153,72.34,27.66
2024-09-16 00:10:00,2.6496,72.6,27.4
2024-09-16 00:15:00,2.7552,73.37,26.63
2024-09-16 00:20:00,2.7383,73.25,26.75
2024-09-16 00:25:00,2.7566,73.38,26.62
2024-09-16 00:30:00,2.7495,73.33,26.67
2024-09-16 00:35:00,2.7467,73.31,26.69
2024-09-16 00:40:00,2.7481,73.32,26.68
2024-09-16 00:45:00,2.7566,73.38,26.62
2024-09-16 00:50:00,2.7552,73.37,26.63
2024-09-16 00:55:00,2.7538,73.36,26.64
2024-09-16 01:05:00,2.7523,73.35,26.65
2024-09-16 01:05:00,2.7523,73.35,26.65
2024-09-16 01:10:00,2.7369,73.24,26.76
2024-09-16 01:15:00,2.7411,73.27,26.73
2024-09-16 01:20:00,2.7481,73.32,26.68
2024-09-16 01:25:00,2.7495,73.33,26.67
2024-09-16 01:30:00,2.7481,73.32,26.68
2024-09-16 01:35:00,2.7453,73.3,26.7
2024-09-16 01:40:00,2.7453,73.3,26.7
2024-09-16 01:45:00,2.7481,73.32,26.68
2024-09-16 01:50:00,2.7509,73.34,26.66
2024-09-16 01:55:00,2.7411,73.27,26.73
2024-09-16 02:00:00,2.7425,73.28,26.72
2024-09-16 02:05:00,2.7327,73.21,26.79
2024-09-16 02:10:00,2.7908,73.62,26.38
2024-09-16 02:20:00,2.8865,74.27,25.73
2024-09-16 02:20:00,2.8865,74.27,25.73
2024-09-16 02:25:00,2.9093,74.42,25.58
2024-09-16 02:30:00,2.9124,74.44,25.56
2024-09-16 02:35:00,2.9124,74.44,25.56
2024-09-16 02:40:00,2.9139,74.45,25.55
2024-09-16 02:45:00,2.9293,74.55,25.45
2024-09-16 02:50:00,2.9277,74.54,25.46
2024-09-16 02:55:00,2.92,74.49,25.51
2024-09-16 03:00:00,2.9185,74.48,25.52
2024-09-16 03:05:00,2.8373,73.94,26.06
2024-09-16 03:10:00,2.8314,73.9,26.1
2024-09-16 03:15:00,2.8285,73.88,26.12
2024-09-16 03:20:00,2.8447,73.99,26.01
2024-09-16 03:25:00,2.8417,73.97,26.03
2024-09-16 03:30:00,2.9078,74.41,25.59
2024-09-16 03:40:00,2.9017,74.37,25.63
2024-09-16 03:40:00,2.9017,74.37,25.63
2024-09-16 03:45:00,2.8971,74.34,25.66
2024-09-16 03:50:00,2.8956,74.33,25.67
2024-09-16 03:55:00,2.9078,74.41,25.59
2024-09-16 04:00:00,2.9185,74.48,25.52
2024-09-16 04:05:00,2.9047,74.39,25.61
2024-09-16 04:10:00,2.9017,74.37,25.63
2024-09-16 04:15:00,2.9463,74.66,25.34
2024-09-16 04:20:00,2.9063,74.4,25.6
2024-09-16 04:25:00,2.917,74.47,25.53
2024-09-16 04:30:00,2.9231,74.51,25.49
2024-09-16 04:35:00,2.9293,74.55,25.45
2024-09-16 04:40:00,2.9432,74.64,25.36
2024-09-16 04:45:00,2.9432,74.64,25.36
2024-09-16 04:50:00,3.0453,75.28,24.72
2024-09-16 05:00:00,3.042,75.26,24.74
2024-09-16 05:00:00,3.042,75.26,24.74
2024-09-16 05:05:00,3.0048,75.03,24.97
2024-09-16 05:10:00,3.0225,75.14,24.86
2024-09-16 05:15:00,3.0096,75.06,24.94
2024-09-16 05:20:00,3.0096,75.06,24.94
2024-09-16 05:25:00,3.0112,75.07,24.93
2024-09-16 05:30:00,3.0306,75.19,24.81
2024-09-16 05:35:00,3.0323,75.2,24.8
2024-09-16 05:40:00,3.0306,75.19,24.81
2024-09-16 05:45:00,3.0209,75.13,24.87
2024-09-16 05:50:00,3.0241,75.15,24.85
2024-09-16 05:55:00,3.0469,75.29,24.71
2024-09-16 06:00:00,3.0634,75.39,24.61
2024-09-16 06:05:00,3.0502,75.31,24.69
2024-09-16 06:10:00,3.0486,75.3,24.7
2024-09-16 06:20:00,3.0502,75.31,24.69
2024-09-16 06:20:00,3.0502,75.31,24.69
2024-09-16 06:25:00,3.08,75.49,24.51
2024-09-16 06:30:00,3.0833,75.51,24.49
2024-09-16 06:35:00,3.0032,75.02,24.98
2024-09-16 06:40:00,3.0048,75.03,24.97
2024-09-16 06:45:00,3.008,75.05,24.95
2024-09-16 06:50:00,3.0128,75.08,24.92
2024-09-16 06:55:00,3.0128,75.08,24.92
2024-09-16 07:00:00,3.0161,75.1,24.9
2024-09-16 07:05:00,3.0128,75.08,24.92
2024-09-16 07:10:00,3.0112,75.07,24.93
2024-09-16 07:15:00,3.0064,75.04,24.96
2024-09-16 07:20:00,2.9984,74.99,25.01
2024-09-16 07:25:00,3.0032,75.02,24.98
2024-09-16 07:30:00,2.9984,74.99,25.01
2024-09-16 07:35:00,2.9952,74.97,25.03
2024-09-16 07:45:00,2.9968,74.98,25.02
2024-09-16 07:45:00,2.9968,74.98,25.02
2024-09-16 07:50:00,2.992,74.95,25.05
2024-09-16 07:55:00,2.9857,74.91,25.09
2024-09-16 08:00:00,2.9698,74.81,25.19
2024-09-16 08:05:00,2.9355,74.59,25.41
2024-09-16 08:10:00,2.9339,74.58,25.42
2024-09-16 08:15:00,2.9246,74.52,25.48
2024-09-16 08:20:00,2.9262,74.53,25.47
2024-09-16 08:25:00,2.9494,74.68,25.32
2024-09-16 08:30:00,2.9761,74.85,25.15
2024-09-16 08:35:00,2.9698,74.81,25.19
2024-09-16 08:40:00,2.9683,74.8,25.2
2024-09-16 08:50:00,2.9604,74.75,25.25
2024-09-16 08:50:00,2.9604,74.75,25.25
2024-09-16 08:55:00,2.9557,74.72,25.28
2024-09-16 09:00:00,2.9526,74.7,25.3
2024-09-16 09:05:00,2.9557,74.72,25.28
2024-09-16 09:10:00,2.9541,74.71,25.29
2024-09-16 09:15:00,2.9479,74.67,25.33
2024-09-16 09:20:00,2.9448,74.65,25.35
2024-09-16 09:25:00,2.9448,74.65,25.35
2024-09-16 09:30:00,2.9432,74.64,25.36
2024-09-16 09:35:00,2.9355,74.59,25.41
2024-09-16 09:40:00,2.9355,74.59,25.41
2024-09-16 09:50:00,2.9293,74.55,25.45
2024-09-16 09:50:00,2.9293,74.55,25.45
2024-09-16 09:55:00,2.917,74.47,25.53
2024-09-16 10:00:00,2.92,74.49,25.51
2024-09-16 10:05:00,2.9124,74.44,25.56
2024-09-16 10:10:00,2.917,74.47,25.53
2024-09-16 10:15:00,2.9139,74.45,25.55
2024-09-16 10:20:00,2.9154,74.46,25.54
2024-09-16 10:25:00,2.9108,74.43,25.57
2024-09-16 10:30:00,2.9154,74.46,25.54
2024-09-16 10:35:00,2.9108,74.43,25.57
2024-09-16 10:40:00,2.9078,74.41,25.59
2024-09-16 10:50:00,2.9093,74.42,25.58
2024-09-16 10:50:00,2.9093,74.42,25.58
2024-09-16 10:55:00,2.8447,73.99,26.01
2024-09-16 11:00:00,2.861,74.1,25.9
2024-09-16 11:05:00,2.8565,74.07,25.93
2024-09-16 11:10:00,2.8521,74.04,25.96
2024-09-16 11:15:00,2.8462,74,26
2024-09-16 11:20:00,2.8476,74.01,25.99
2024-09-16 11:25:00,2.8314,73.9,26.1
2024-09-16 11:30:00,2.8329,73.91,26.09
2024-09-16 11:35:00,2.8447,73.99,26.01
2024-09-16 11:40:00,2.8373,73.94,26.06
2024-09-16 11:45:00,2.8329,73.91,26.09
2024-09-16 11:55:00,2.8285,73.88,26.12
2024-09-16 11:55:00,2.8285,73.88,26.12
2024-09-16 12:00:00,2.8402,73.96,26.04
2024-09-16 12:05:00,2.8432,73.98,26.02
2024-09-16 12:10:00,2.8447,73.99,26.01
2024-09-16 12:15:00,2.8402,73.96,26.04
2024-09-16 12:20:00,2.8491,74.02,25.98
2024-09-16 12:25:00,2.8506,74.03,25.97
2024-09-16 12:30:00,2.8462,74,26
2024-09-16 12:35:00,2.8447,73.99,26.01
2024-09-16 12:40:00,2.8285,73.88,26.12
2024-09-16 12:45:00,2.8066,73.73,26.27
2024-09-16 12:50:00,2.8168,73.8,26.2
2024-09-16 13:00:00,2.8212,73.83,26.17
2024-09-16 13:00:00,2.8212,73.83,26.17
2024-09-16 13:05:00,2.7622,73.42,26.58
2024-09-16 13:10:00,2.7936,73.64,26.36
2024-09-16 13:15:00,2.7893,73.61,26.39
2024-09-16 13:20:00,2.7951,73.65,26.35
2024-09-16 13:25:00,2.7951,73.65,26.35
2024-09-16 13:30:00,2.7936,73.64,26.36
2024-09-16 13:35:00,2.7893,73.61,26.39
2024-09-16 13:40:00,2.7922,73.63,26.37
2024-09-16 13:45:00,2.8008,73.69,26.31
2024-09-16 13:50:00,2.8139,73.78,26.22
2024-09-16 13:55:00,2.8241,73.85,26.15
2024-09-16 14:00:00,2.8183,73.81,26.19
2024-09-16 14:10:00,2.8168,73.8,26.2
2024-09-16 14:10:00,2.8168,73.8,26.2
2024-09-16 14:15:00,2.8124,73.77,26.23
2024-09-16 14:20:00,2.811,73.76,26.24
2024-09-16 14:25:00,2.8153,73.79,26.21
2024-09-16 14:30:00,2.8168,73.8,26.2
2024-09-16 14:35:00,2.8153,73.79,26.21
2024-09-16 14:40:00,2.8095,73.75,26.25
2024-09-16 14:45:00,2.8212,73.83,26.17
2024-09-16 14:50:00,2.8153,73.79,26.21
2024-09-16 14:55:00,2.8153,73.79,26.21
2024-09-16 15:00:00,2.8095,73.75,26.25
2024-09-16 15:10:00,2.7965,73.66,26.34
2024-09-16 15:10:00,2.7965,73.66,26.34
2024-09-16 15:15:00,2.8008,73.69,26.31
2024-09-16 15:20:00,2.7951,73.65,26.35
2024-09-16 15:25:00,2.8052,73.72,26.28
2024-09-16 15:30:00,2.8095,73.75,26.25
2024-09-16 15:35:00,2.8095,73.75,26.25
2024-09-16 15:40:00,2.8373,73.94,26.06
2024-09-16 15:45:00,2.827,73.87,26.13
2024-09-16 15:50:00,2.8241,73.85,26.15
2024-09-16 15:55:00,2.8314,73.9,26.1
2024-09-16 16:00:00,2.8285,73.88,26.12
2024-09-16 16:05:00,2.827,73.87,26.13
2024-09-16 16:15:00,2.8314,73.9,26.1
2024-09-16 16:15:00,2.8314,73.9,26.1
2024-09-16 16:20:00,2.8358,73.93,26.07
2024-09-16 16:25:00,2.8358,73.93,26.07
2024-09-16 16:30:00,2.8256,73.86,26.14
2024-09-16 16:35:00,2.8462,74,26
2024-09-16 16:40:00,2.8956,74.33,25.67
2024-09-16 16:45:00,2.888,74.28,25.72
2024-09-16 16:50:00,2.87,74.16,25.84
2024-09-16 16:55:00,2.876,74.2,25.8
2024-09-16 17:00:00,2.8911,74.3,25.7
2024-09-16 17:05:00,2.9293,74.55,25.45
2024-09-16 17:15:00,2.9231,74.51,25.49
2024-09-16 17:15:00,2.9231,74.51,25.49
2024-09-16 17:20:00,2.9154,74.46,25.54
2024-09-16 17:25:00,2.9588,74.74,25.26
2024-09-16 17:30:00,2.9463,74.66,25.34
2024-09-16 17:35:00,3.1563,75.94,24.06
2024-09-16 17:40:00,3.2105,76.25,23.75
2024-09-16 17:45:00,3.2301,76.36,23.64
2024-09-16 17:50:00,3.2248,76.33,23.67
2024-09-16 17:55:00,3.2355,76.39,23.61
2024-09-16 18:00:00,3.2194,76.3,23.7
2024-09-16 18:05:00,3.1771,76.06,23.94
2024-09-16 18:15:00,3.1719,76.03,23.97
2024-09-16 18:15:00,3.1719,76.03,23.97
2024-09-16 18:20:00,3.1771,76.06,23.94
2024-09-16 18:25:00,3.1929,76.15,23.85
2024-09-16 18:30:00,3.1894,76.13,23.87
2024-09-16 18:35:00,3.1754,76.05,23.95
2024-09-16 18:40:00,3.1771,76.06,23.94
2024-09-16 18:45:00,3.1754,76.05,23.95
2024-09-16 18:50:00,3.1667,76,24
2024-09-16 18:55:00,3.1649,75.99,24.01
2024-09-16 19:05:00,3.158,75.95,24.05
2024-09-16 19:05:00,3.158,75.95,24.05
2024-09-16 19:10:00,3.1135,75.69,24.31
2024-09-16 19:15:00,3.1237,75.75,24.25
2024-09-16 19:20:00,3.1135,75.69,24.31
2024-09-16 19:25:00,3.1186,75.72,24.28
2024-09-16 19:30:00,3.1305,75.79,24.21
2024-09-16 19:35:00,3.1911,76.14,23.86
2024-09-16 19:40:00,3.1894,76.13,23.87
2024-09-16 19:45:00,3.1789,76.07,23.93
2024-09-16 19:50:00,3.1824,76.09,23.91
2024-09-16 19:55:00,3.1771,76.06,23.94
2024-09-16 20:05:00,3.1859,76.11,23.89
2024-09-16 20:05:00,3.1859,76.11,23.89
2024-09-16 20:10:00,3.1771,76.06,23.94
2024-09-16 20:15:00,3.1771,76.06,23.94
2024-09-16 20:20:00,3.1824,76.09,23.91
2024-09-16 20:25:00,3.1667,76,24
2024-09-16 20:30:00,3.1667,76,24
2024-09-16 20:35:00,3.1667,76,24
2024-09-16 20:40:00,3.1511,75.91,24.09
2024-09-16 20:45:00,3.1859,76.11,23.89
2024-09-16 20:50:00,3.1946,76.16,23.84
2024-09-16 20:55:00,3.1911,76.14,23.86
2024-09-16 21:05:00,3.1876,76.12,23.88
2024-09-16 21:05:00,3.1876,76.12,23.88
2024-09-16 21:10:00,3.1894,76.13,23.87
2024-09-16 21:15:00,3.1911,76.14,23.86
2024-09-16 21:20:00,3.1859,76.11,23.89
2024-09-16 21:25:00,3.1876,76.12,23.88
2024-09-16 21:30:00,3.1911,76.14,23.86
2024-09-16 21:35:00,3.1911,76.14,23.86
2024-09-16 21:40:00,3.1911,76.14,23.86
2024-09-16 21:45:00,3.2088,76.24,23.76
2024-09-16 21:50:00,3.2052,76.22,23.78
2024-09-16 21:55:00,3.2034,76.21,23.79
2024-09-16 22:00:00,3.2017,76.2,23.8
2024-09-16 22:10:00,3.1982,76.18,23.82
2024-09-16 22:10:00,3.1982,76.18,23.82
2024-09-16 22:15:00,3.2052,76.22,23.78
2024-09-16 22:20:00,3.1999,76.19,23.81
2024-09-16 22:25:00,3.1649,75.99,24.01
2024-09-16 22:30:00,3.1684,76.01,23.99
2024-09-16 22:35:00,3.1667,76,24
2024-09-16 22:40:00,3.1771,76.06,23.94
2024-09-16 22:45:00,3.1789,76.07,23.93
2024-09-16 22:50:00,3.1789,76.07,23.93
2024-09-16 22:55:00,3.1929,76.15,23.85
2024-09-16 23:00:00,3.2248,76.33,23.67
2024-09-16 23:05:00,3.2176,76.29,23.71
2024-09-16 23:15:00,3.2105,76.25,23.75
2024-09-16 23:15:00,3.2105,76.25,23.75
2024-09-16 23:20:00,3.2141,76.27,23.73
2024-09-16 23:25:00,3.2159,76.28,23.72
2024-09-16 23:30:00,3.2355,76.39,23.61
2024-09-16 23:35:00,3.2301,76.36,23.64
2024-09-16 23:40:00,3.1068,75.65,24.35
2024-09-16 23:45:00,3.095,75.58,24.42
2024-09-16 23:50:00,3.1051,75.64,24.36
2024-09-16 23:55:00,3.1017,75.62,24.38
2024-09-17 00:00:00,3.1102,75.67,24.33
2024-09-17 00:05:00,3.065,75.4,24.6
2024-09-17 00:10:00,3.0667,75.41,24.59
2024-09-17 00:15:00,3.0601,75.37,24.63
2024-09-17 00:25:00,3.0634,75.39,24.61
2024-09-17 00:25:00,3.0634,75.39,24.61
2024-09-17 00:30:00,3.075,75.46,24.54
2024-09-17 00:35:00,3.0766,75.47,24.53
2024-09-17 00:40:00,3.0816,75.5,24.5
2024-09-17 00:45:00,3.08,75.49,24.51
2024-09-17 00:50:00,3.085,75.52,24.48
2024-09-17 00:55:00,3.0783,75.48,24.52
2024-09-17 01:00:00,3.075,75.46,24.54
2024-09-17 01:05:00,3.0535,75.33,24.67
2024-09-17 01:10:00,3.0519,75.32,24.68
2024-09-17 01:15:00,3.0486,75.3,24.7
2024-09-17 01:20:00,3.0535,75.33,24.67
2024-09-17 01:25:00,3.0568,75.35,24.65
2024-09-17 01:30:00,3.0568,75.35,24.65
2024-09-17 01:35:00,3.0568,75.35,24.65
2024-09-17 01:45:00,3.0535,75.33,24.67
2024-09-17 01:45:00,3.0535,75.33,24.67
2024-09-17 01:50:00,3.0323,75.2,24.8
2024-09-17 01:55:00,3.0323,75.2,24.8
2024-09-17 02:00:00,3.0323,75.2,24.8
2024-09-17 02:05:00,3.0404,75.25,24.75
2024-09-17 02:10:00,3.0388,75.24,24.76
2024-09-17 02:15:00,3.0469,75.29,24.71
2024-09-17 02:20:00,3.0486,75.3,24.7
2024-09-17 02:25:00,3.0486,75.3,24.7
2024-09-17 02:30:00,3.0502,75.31,24.69
2024-09-17 02:35:00,3.0519,75.32,24.68
2024-09-17 02:40:00,3.0535,75.33,24.67
2024-09-17 02:45:00,3.0502,75.31,24.69
2024-09-17 02:50:00,3.0469,75.29,24.71
2024-09-17 02:55:00,3.0486,75.3,24.7
2024-09-17 03:00:00,3.0225,75.14,24.86
2024-09-17 03:10:00,2.9793,74.87,25.13
2024-09-17 03:10:00,2.9793,74.87,25.13
2024-09-17 03:15:00,2.9541,74.71,25.29
2024-09-17 03:20:00,2.9293,74.55,25.45
2024-09-17 03:25:00,2.9246,74.52,25.48
2024-09-17 03:30:00,2.9277,74.54,25.46
2024-09-17 03:35:00,2.9277,74.54,25.46
2024-09-17 03:40:00,2.9308,74.56,25.44
2024-09-17 03:45:00,2.9386,74.61,25.39
2024-09-17 03:50:00,2.9432,74.64,25.36
2024-09-17 03:55:00,2.9494,74.68,25.32
2024-09-17 04:00:00,2.9463,74.66,25.34
2024-09-17 04:05:00,2.9093,74.42,25.58
2024-09-17 04:10:00,2.9139,74.45,25.55
2024-09-17 04:15:00,2.9078,74.41,25.59
2024-09-17 04:20:00,2.9063,74.4,25.6
2024-09-17 04:30:00,2.8956,74.33,25.67
2024-09-17 04:30:00,2.8956,74.33,25.67
2024-09-17 04:35:00,2.8941,74.32,25.68
2024-09-17 04:40:00,2.8956,74.33,25.67
2024-09-17 04:45:00,2.8865,74.27,25.73
2024-09-17 04:50:00,2.8971,74.34,25.66
2024-09-17 04:55:00,2.8941,74.32,25.68
2024-09-17 05:00:00,2.8926,74.31,25.69
2024-09-17 05:05:00,2.8956,74.33,25.67
2024-09-17 05:10:00,2.8971,74.34,25.66
2024-09-17 05:15:00,2.8971,74.34,25.66
2024-09-17 05:20:00,2.8941,74.32,25.68
2024-09-17 05:25:00,2.8941,74.32,25.68
2024-09-17 05:30:00,2.888,74.28,25.72
2024-09-17 05:35:00,2.8926,74.31,25.69
2024-09-17 05:40:00,2.8865,74.27,25.73
2024-09-17 05:50:00,2.8911,74.3,25.7
2024-09-17 05:50:00,2.8911,74.3,25.7
2024-09-17 05:55:00,2.8895,74.29,25.71
2024-09-17 06:00:00,2.885,74.26,25.74
2024-09-17 06:05:00,2.876,74.2,25.8
2024-09-17 06:10:00,2.885,74.26,25.74
2024-09-17 06:15:00,2.885,74.26,25.74
2024-09-17 06:20:00,2.8805,74.23,25.77
2024-09-17 06:25:00,2.8865,74.27,25.73
2024-09-17 06:30:00,2.879,74.22,25.78
2024-09-17 06:35:00,2.885,74.26,25.74
2024-09-17 06:40:00,2.8805,74.23,25.77
2024-09-17 06:45:00,2.8805,74.23,25.77
2024-09-17 06:50:00,2.8775,74.21,25.79
2024-09-17 06:55:00,2.876,74.2,25.8
2024-09-17 07:00:00,2.879,74.22,25.78
2024-09-17 07:10:00,2.873,74.18,25.82
2024-09-17 07:10:00,2.873,74.18,25.82
2024-09-17 07:15:00,2.8715,74.17,25.83
2024-09-17 07:20:00,2.873,74.18,25.82
2024-09-17 07:25:00,2.8715,74.17,25.83
2024-09-17 07:30:00,2.876,74.2,25.8
2024-09-17 07:35:00,2.876,74.2,25.8
2024-09-17 07:40:00,2.873,74.18,25.82
2024-09-17 07:45:00,2.879,74.22,25.78
2024-09-17 07:50:00,2.8775,74.21,25.79
2024-09-17 07:55:00,2.827,73.87,26.13
2024-09-17 08:00:00,2.8168,73.8,26.2
2024-09-17 08:05:00,2.8183,73.81,26.19
2024-09-17 08:10:00,2.8226,73.84,26.16
2024-09-17 08:15:00,2.8212,73.83,26.17
2024-09-17 08:20:00,2.8241,73.85,26.15
2024-09-17 08:30:00,2.7994,73.68,26.32
2024-09-17 08:30:00,2.7994,73.68,26.32
2024-09-17 08:35:00,2.8081,73.74,26.26
2024-09-17 08:40:00,2.8052,73.72,26.28
2024-09-17 08:45:00,2.8008,73.69,26.31
2024-09-17 08:50:00,2.7793,73.54,26.46
2024-09-17 08:55:00,2.686,72.87,27.13
2024-09-17 09:00:00,2.7037,73,27
2024-09-17 09:05:00,2.6887,72.89,27.11
2024-09-17 09:10:00,2.6941,72.93,27.07
2024-09-17 09:15:00,2.686,72.87,27.13
2024-09-17 09:20:00,2.6778,72.81,27.19
2024-09-17 09:25:00,2.6805,72.83,27.17
2024-09-17 09:35:00,2.6846,72.86,27.14
2024-09-17 09:35:00,2.6846,72.86,27.14
2024-09-17 09:40:00,2.6873,72.88,27.12
2024-09-17 09:45:00,2.6873,72.88,27.12
2024-09-17 09:50:00,2.6928,72.92,27.08
2024-09-17 09:55:00,2.6887,72.89,27.11
2024-09-17 10:00:00,2.6873,72.88,27.12
2024-09-17 10:05:00,2.6832,72.85,27.15
2024-09-17 10:10:00,2.6778,72.81,27.19
2024-09-17 10:15:00,2.6832,72.85,27.15
2024-09-17 10:20:00,2.686,72.87,27.13
2024-09-17 10:25:00,2.7023,72.99,27.01
2024-09-17 10:30:00,2.6982,72.96,27.04
2024-09-17 10:40:00,2.6982,72.96,27.04
2024-09-17 10:40:00,2.6982,72.96,27.04
2024-09-17 10:45:00,2.7051,73.01,26.99
2024-09-17 10:50:00,2.6928,72.92,27.08
2024-09-17 10:55:00,2.6969,72.95,27.05
2024-09-17 11:00:00,2.6941,72.93,27.07
2024-09-17 11:05:00,2.6955,72.94,27.06
2024-09-17 11:10:00,2.6996,72.97,27.03
2024-09-17 11:15:00,2.6941,72.93,27.07
2024-09-17 11:20:00,2.69,72.9,27.1
2024-09-17 11:25:00,2.69,72.9,27.1
2024-09-17 11:30:00,2.6969,72.95,27.05
2024-09-17 11:40:00,2.6941,72.93,27.07
2024-09-17 11:40:00,2.6941,72.93,27.07
2024-09-17 11:45:00,2.6969,72.95,27.05
2024-09-17 11:50:00,2.6955,72.94,27.06
2024-09-17 11:55:00,2.6941,72.93,27.07
2024-09-17 12:00:00,2.6955,72.94,27.06
2024-09-17 12:05:00,2.6969,72.95,27.05
2024-09-17 12:10:00,2.6792,72.82,27.18
2024-09-17 12:15:00,2.69,72.9,27.1
2024-09-17 12:20:00,2.701,72.98,27.02
2024-09-17 12:25:00,2.6873,72.88,27.12
2024-09-17 12:30:00,2.6873,72.88,27.12
2024-09-17 12:35:00,2.6873,72.88,27.12
2024-09-17 12:45:00,2.69,72.9,27.1
2024-09-17 12:45:00,2.69,72.9,27.1
2024-09-17 12:50:00,2.6914,72.91,27.09
2024-09-17 12:55:00,2.6846,72.86,27.14
2024-09-17 13:00:00,2.6955,72.94,27.06
2024-09-17 13:05:00,2.6969,72.95,27.05
2024-09-17 13:10:00,2.6914,72.91,27.09
2024-09-17 13:15:00,2.6941,72.93,27.07
2024-09-17 13:20:00,2.6914,72.91,27.09
2024-09-17 13:25:00,2.6969,72.95,27.05
2024-09-17 13:30:00,2.7175,73.1,26.9
2024-09-17 13:35:00,2.7175,73.1,26.9
2024-09-17 13:40:00,2.7175,73.1,26.9
2024-09-17 13:50:00,2.712,73.06,26.94
2024-09-17 13:50:00,2.712,73.06,26.94
2024-09-17 13:55:00,2.7092,73.04,26.96
2024-09-17 14:00:00,2.7147,73.08,26.92
2024-09-17 14:05:00,2.7092,73.04,26.96
2024-09-17 14:10:00,2.7133,73.07,26.93
2024-09-17 14:15:00,2.7064,73.02,26.98
2024-09-17 14:20:00,2.7051,73.01,26.99
2024-09-17 14:25:00,2.7037,73,27
2024-09-17 14:30:00,2.7023,72.99,27.01
2024-09-17 14:35:00,2.7064,73.02,26.98
2024-09-17 14:40:00,2.7078,73.03,26.97
2024-09-17 14:45:00,2.7133,73.07,26.93
2024-09-17 14:55:00,2.7133,73.07,26.93
2024-09-17 14:55:00,2.7133,73.07,26.93
2024-09-17 15:00:00,2.7092,73.04,26.96
2024-09-17 15:05:00,2.6982,72.96,27.04
2024-09-17 15:10:00,2.7023,72.99,27.01
2024-09-17 15:15:00,2.701,72.98,27.02
2024-09-17 15:20:00,2.6873,72.88,27.12
2024-09-17 15:25:00,2.723,73.14,26.86
2024-09-17 15:30:00,2.7244,73.15,26.85
2024-09-17 15:35:00,2.7244,73.15,26.85
2024-09-17 15:40:00,2.723,73.14,26.86
2024-09-17 15:45:00,2.723,73.14,26.86
2024-09-17 15:50:00,2.7272,73.17,26.83
2024-09-17 16:00:00,2.7313,73.2,26.8
2024-09-17 16:00:00,2.7313,73.2,26.8
2024-09-17 16:05:00,2.7272,73.17,26.83
2024-09-17 16:10:00,2.723,73.14,26.86
2024-09-17 16:15:00,2.7244,73.15,26.85
2024-09-17 16:20:00,2.7313,73.2,26.8
2024-09-17 16:25:00,2.701,72.98,27.02
2024-09-17 16:30:00,2.7175,73.1,26.9
2024-09-17 16:35:00,2.7216,73.13,26.87
2024-09-17 16:40:00,2.7244,73.15,26.85
2024-09-17 16:45:00,2.7244,73.15,26.85
2024-09-17 16:50:00,2.7147,73.08,26.92
2024-09-17 17:00:00,2.7258,73.16,26.84
2024-09-17 17:00:00,2.7258,73.16,26.84
2024-09-17 17:05:00,2.7272,73.17,26.83
2024-09-17 17:10:00,2.7202,73.12,26.88
2024-09-17 17:15:00,2.7147,73.08,26.92
2024-09-17 17:20:00,2.6982,72.96,27.04
2024-09-17 17:25:00,2.6832,72.85,27.15
2024-09-17 17:30:00,2.6337,72.48,27.52
2024-09-17 17:35:00,2.6657,72.72,27.28
2024-09-17 17:40:00,2.6873,72.88,27.12
2024-09-17 17:45:00,2.6832,72.85,27.15
2024-09-17 17:50:00,2.6969,72.95,27.05
2024-09-17 18:00:00,2.7106,73.05,26.95
2024-09-17 18:00:00,2.7106,73.05,26.95
2024-09-17 18:05:00,2.6887,72.89,27.11
2024-09-17 18:10:00,2.6617,72.69,27.31
2024-09-17 18:15:00,2.6324,72.47,27.53
2024-09-17 18:20:00,2.6023,72.24,27.76
2024-09-17 18:25:00,2.5984,72.21,27.79
2024-09-17 18:30:00,2.5765,72.04,27.96
2024-09-17 18:40:00,2.5727,72.01,27.99
2024-09-17 18:40:00,2.5727,72.01,27.99
2024-09-17 18:45:00,2.5524,71.85,28.15
2024-09-17 18:50:00,2.5524,71.85,28.15
2024-09-17 18:55:00,2.5549,71.87,28.13
2024-09-17 19:00:00,2.5562,71.88,28.12
2024-09-17 19:05:00,2.5511,71.84,28.16
2024-09-17 19:10:00,2.5486,71.82,28.18
2024-09-17 19:15:00,2.5423,71.77,28.23
2024-09-17 19:25:00,2.5613,71.92,28.08
2024-09-17 19:25:00,2.5613,71.92,28.08
2024-09-17 19:30:00,2.5714,72,28
2024-09-17 19:35:00,2.5817,72.08,27.92
2024-09-17 19:40:00,2.574,72.02,27.98
2024-09-17 19:45:00,2.5714,72,28
2024-09-17 19:50:00,2.5753,72.03,27.97
2024-09-17 19:55:00,2.5753,72.03,27.97
2024-09-17 20:00:00,2.574,72.02,27.98
2024-09-17 20:05:00,2.5663,71.96,28.04
2024-09-17 20:10:00,2.5727,72.01,27.99
2024-09-17 20:20:00,2.5714,72,28
2024-09-17 20:20:00,2.5714,72,28
2024-09-17 20:25:00,2.5663,71.96,28.04
2024-09-17 20:30:00,2.5689,71.98,28.02
2024-09-17 20:35:00,2.5663,71.96,28.04
2024-09-17 20:40:00,2.5663,71.96,28.04
2024-09-17 20:45:00,2.5638,71.94,28.06
2024-09-17 20:50:00,2.5575,71.89,28.11
2024-09-17 20:55:00,2.5613,71.92,28.08
2024-09-17 21:00:00,2.5613,71.92,28.08
2024-09-17 21:05:00,2.56,71.91,28.09
2024-09-17 21:10:00,2.56,71.91,28.09
2024-09-17 21:15:00,2.56,71.91,28.09
2024-09-17 21:25:00,2.5499,71.83,28.17
2024-09-17 21:25:00,2.5499,71.83,28.17
2024-09-17 21:30:00,2.5562,71.88,28.12
2024-09-17 21:35:00,2.5676,71.97,28.03
2024-09-17 21:40:00,2.5714,72,28
2024-09-17 21:45:00,2.5702,71.99,28.01
2024-09-17 21:50:00,2.6075,72.28,27.72
2024-09-17 21:55:00,2.6075,72.28,27.72
2024-09-17 22:00:00,2.6023,72.24,27.76
2024-09-17 22:05:00,2.5997,72.22,27.78
2024-09-17 22:10:00,2.601,72.23,27.77
2024-09-17 22:15:00,2.5984,72.21,27.79
2024-09-17 22:20:00,2.6075,72.28,27.72
2024-09-17 22:30:00,2.6075,72.28,27.72
2024-09-17 22:30:00,2.6075,72.28,27.72
2024-09-17 22:35:00,2.6075,72.28,27.72
2024-09-17 22:40:00,2.6062,72.27,27.73
2024-09-17 22:45:00,2.6036,72.25,27.75
2024-09-17 22:50:00,2.7161,73.09,26.91
2024-09-17 22:55:00,2.7078,73.03,26.97
2024-09-17 23:00:00,2.7023,72.99,27.01
2024-09-17 23:05:00,2.712,73.06,26.94
2024-09-17 23:10:00,2.6955,72.94,27.06
2024-09-17 23:15:00,2.6887,72.89,27.11
2024-09-17 23:20:00,2.6928,72.92,27.08
2024-09-17 23:25:00,2.6969,72.95,27.05
2024-09-17 23:35:00,2.6955,72.94,27.06
2024-09-17 23:35:00,2.6955,72.94,27.06
2024-09-17 23:40:00,2.6982,72.96,27.04
2024-09-17 23:45:00,2.6969,72.95,27.05
2024-09-17 23:50:00,2.6969,72.95,27.05
2024-09-17 23:55:00,2.7037,73,27
2024-09-18 00:00:00,2.7064,73.02,26.98
2024-09-18 00:05:00,2.6914,72.91,27.09
2024-09-18 00:10:00,2.6996,72.97,27.03
2024-09-18 00:15:00,2.6996,72.97,27.03
2024-09-18 00:20:00,2.6969,72.95,27.05
2024-09-18 00:25:00,2.6914,72.91,27.09
2024-09-18 00:30:00,2.6941,72.93,27.07
2024-09-18 00:40:00,2.7023,72.99,27.01
2024-09-18 00:40:00,2.7023,72.99,27.01
2024-09-18 00:45:00,2.6955,72.94,27.06
2024-09-18 00:50:00,2.6955,72.94,27.06
2024-09-18 00:55:00,2.7064,73.02,26.98
2024-09-18 01:00:00,2.7037,73,27
2024-09-18 01:05:00,2.7051,73.01,26.99
2024-09-18 01:10:00,2.7078,73.03,26.97
2024-09-18 01:15:00,2.7147,73.08,26.92
2024-09-18 01:20:00,2.7133,73.07,26.93
2024-09-18 01:25:00,2.7078,73.03,26.97
2024-09-18 01:30:00,2.6928,72.92,27.08
2024-09-18 01:35:00,2.69,72.9,27.1
2024-09-18 01:40:00,2.6955,72.94,27.06
2024-09-18 01:50:00,2.6873,72.88,27.12
2024-09-18 01:50:00,2.6873,72.88,27.12
2024-09-18 01:55:00,2.69,72.9,27.1
2024-09-18 02:00:00,2.6955,72.94,27.06
2024-09-18 02:05:00,2.686,72.87,27.13
2024-09-18 02:10:00,2.6941,72.93,27.07
2024-09-18 02:15:00,2.6982,72.96,27.04
2024-09-18 02:20:00,2.6955,72.94,27.06
2024-09-18 02:25:00,2.6996,72.97,27.03
2024-09-18 02:30:00,2.6941,72.93,27.07
2024-09-18 02:35:00,2.6914,72.91,27.09
2024-09-18 02:40:00,2.6928,72.92,27.08
2024-09-18 02:45:00,2.6941,72.93,27.07
2024-09-18 02:50:00,2.6887,72.89,27.11
2024-09-18 02:55:00,2.6887,72.89,27.11
2024-09-18 03:00:00,2.6996,72.97,27.03
2024-09-18 03:05:00,2.7453,73.3,26.7
2024-09-18 03:15:00,2.7566,73.38,26.62
2024-09-18 03:15:00,2.7566,73.38,26.62
2024-09-18 03:20:00,2.7411,73.27,26.73
2024-09-18 03:25:00,2.7707,73.48,26.52
2024-09-18 03:30:00,2.7722,73.49,26.51
2024-09-18 03:35:00,2.7807,73.55,26.45
2024-09-18 03:40:00,2.8023,73.7,26.3
2024-09-18 03:45:00,2.7965,73.66,26.34
2024-09-18 03:50:00,2.8023,73.7,26.3
2024-09-18 03:55:00,2.7908,73.62,26.38
2024-09-18 04:00:00,2.7908,73.62,26.38
2024-09-18 04:05:00,2.7722,73.49,26.51
2024-09-18 04:10:00,2.7707,73.48,26.52
2024-09-18 04:15:00,2.7793,73.54,26.46
2024-09-18 04:20:00,2.7764,73.52,26.48
2024-09-18 04:25:00,2.775,73.51,26.49
2024-09-18 04:35:00,2.7707,73.48,26.52
2024-09-18 04:35:00,2.7707,73.48,26.52
2024-09-18 04:40:00,2.7679,73.46,26.54
2024-09-18 04:45:00,2.7594,73.4,26.6
2024-09-18 04:50:00,2.7679,73.46,26.54
2024-09-18 04:55:00,2.7608,73.41,26.59
2024-09-18 05:00:00,2.7608,73.41,26.59
2024-09-18 05:05:00,2.7509,73.34,26.66
2024-09-18 05:10:00,2.7467,73.31,26.69
2024-09-18 05:15:00,2.7538,73.36,26.64
2024-09-18 05:20:00,2.7566,73.38,26.62
2024-09-18 05:25:00,2.7552,73.37,26.63
2024-09-18 05:30:00,2.758,73.39,26.61
2024-09-18 05:35:00,2.7651,73.44,26.56
2024-09-18 05:40:00,2.7651,73.44,26.56
2024-09-18 05:50:00,2.7622,73.42,26.58
2024-09-18 05:50:00,2.7622,73.42,26.58
2024-09-18 05:55:00,2.758,73.39,26.61
2024-09-18 06:00:00,2.7244,73.15,26.85
2024-09-18 06:05:00,2.7092,73.04,26.96
2024-09-18 06:10:00,2.7092,73.04,26.96
2024-09-18 06:15:00,2.6206,72.38,27.62
2024-09-18 06:20:00,2.635,72.49,27.51
2024-09-18 06:25:00,2.635,72.49,27.51
2024-09-18 06:30:00,2.6324,72.47,27.53
2024-09-18 06:35:00,2.635,72.49,27.51
2024-09-18 06:40:00,2.6271,72.43,27.57
2024-09-18 06:45:00,2.6245,72.41,27.59
2024-09-18 06:50:00,2.635,72.49,27.51
2024-09-18 07:00:00,2.6324,72.47,27.53
2024-09-18 07:00:00,2.6324,72.47,27.53
2024-09-18 07:05:00,2.6166,72.35,27.65
2024-09-18 07:10:00,2.6153,72.34,27.66
2024-09-18 07:15:00,2.6166,72.35,27.65
2024-09-18 07:20:00,2.6219,72.39,27.61
2024-09-18 07:25:00,2.6284,72.44,27.56
2024-09-18 07:30:00,2.6337,72.48,27.52
2024-09-18 07:35:00,2.6443,72.56,27.44
2024-09-18 07:40:00,2.6536,72.63,27.37
2024-09-18 07:45:00,2.6563,72.65,27.35
2024-09-18 07:50:00,2.6563,72.65,27.35
2024-09-18 07:55:00,2.6603,72.68,27.32
2024-09-18 08:05:00,2.6643,72.71,27.29
2024-09-18 08:05:00,2.6643,72.71,27.29
2024-09-18 08:10:00,2.6657,72.72,27.28
2024-09-18 08:15:00,2.663,72.7,27.3
2024-09-18 08:20:00,2.6617,72.69,27.31
2024-09-18 08:25:00,2.6603,72.68,27.32
2024-09-18 08:30:00,2.6603,72.68,27.32
2024-09-18 08:35:00,2.6643,72.71,27.29
2024-09-18 08:40:00,2.6684,72.74,27.26
2024-09-18 08:45:00,2.6684,72.74,27.26
2024-09-18 08:50:00,2.6711,72.76,27.24
2024-09-18 08:55:00,2.6697,72.75,27.25
2024-09-18 09:00:00,2.6724,72.77,27.23
2024-09-18 09:10:00,2.6684,72.74,27.26
2024-09-18 09:10:00,2.6684,72.74,27.26
2024-09-18 09:15:00,2.6697,72.75,27.25
2024-09-18 09:20:00,2.6751,72.79,27.21
2024-09-18 09:25:00,2.6778,72.81,27.19
2024-09-18 09:30:00,2.6832,72.85,27.15
2024-09-18 09:35:00,2.6778,72.81,27.19
2024-09-18 09:40:00,2.6819,72.84,27.16
2024-09-18 09:45:00,2.6805,72.83,27.17
2024-09-18 09:50:00,2.6805,72.83,27.17
2024-09-18 09:55:00,2.6724,72.77,27.23
2024-09-18 10:00:00,2.6738,72.78,27.22
2024-09-18 10:10:00,2.6684,72.74,27.26
2024-09-18 10:10:00,2.6684,72.74,27.26
2024-09-18 10:15:00,2.6523,72.62,27.38
2024-09-18 10:20:00,2.6523,72.62,27.38
2024-09-18 10:25:00,2.643,72.55,27.45
2024-09-18 10:30:00,2.639,72.52,27.48
2024-09-18 10:35:00,2.6377,72.51,27.49
2024-09-18 10:40:00,2.6324,72.47,27.53
2024-09-18 10:45:00,2.6311,72.46,27.54
2024-09-18 10:50:00,2.6324,72.47,27.53
2024-09-18 10:55:00,2.6245,72.41,27.59
2024-09-18 11:00:00,2.6153,72.34,27.66
2024-09-18 11:05:00,2.614,72.33,27.67
2024-09-18 11:15:00,2.5881,72.13,27.87
2024-09-18 11:15:00,2.5881,72.13,27.87
2024-09-18 11:20:00,2.5727,72.01,27.99
2024-09-18 11:25:00,2.5791,72.06,27.94
2024-09-18 11:30:00,2.5829,72.09,27.91
2024-09-18 11:35:00,2.5932,72.17,27.83
2024-09-18 11:40:00,2.592,72.16,27.84
2024-09-18 11:45:00,2.5958,72.19,27.81
2024-09-18 11:50:00,2.5958,72.19,27.81
2024-09-18 11:55:00,2.592,72.16,27.84
2024-09-18 12:00:00,2.5945,72.18,27.82
2024-09-18 12:05:00,2.6049,72.26,27.74
2024-09-18 12:15:00,2.6284,72.44,27.56
2024-09-18 12:15:00,2.6284,72.44,27.56
2024-09-18 12:20:00,2.6298,72.45,27.55
2024-09-18 12:25:00,2.6232,72.4,27.6
2024-09-18 12:30:00,2.6166,72.35,27.65
2024-09-18 12:35:00,2.6219,72.39,27.61
2024-09-18 12:40:00,2.6232,72.4,27.6
2024-09-18 12:45:00,2.6193,72.37,27.63
2024-09-18 12:50:00,2.6337,72.48,27.52
2024-09-18 12:55:00,2.643,72.55,27.45
2024-09-18 13:00:00,2.6617,72.69,27.31
2024-09-18 13:05:00,2.6778,72.81,27.19
2024-09-18 13:15:00,2.6724,72.77,27.23
2024-09-18 13:15:00,2.6724,72.77,27.23
2024-09-18 13:20:00,2.7608,73.41,26.59
2024-09-18 13:25:00,2.7636,73.43,26.57
2024-09-18 13:30:00,2.7651,73.44,26.56
2024-09-18 13:35:00,2.7707,73.48,26.52
2024-09-18 13:40:00,2.7594,73.4,26.6
2024-09-18 13:45:00,2.7622,73.42,26.58
2024-09-18 13:50:00,2.7608,73.41,26.59
2024-09-18 13:55:00,2.7608,73.41,26.59
2024-09-18 14:05:00,2.7566,73.38,26.62
2024-09-18 14:05:00,2.7566,73.38,26.62
2024-09-18 14:10:00,2.7636,73.43,26.57
2024-09-18 14:15:00,2.7608,73.41,26.59
2024-09-18 14:20:00,2.7722,73.49,26.51
2024-09-18 14:25:00,2.775,73.51,26.49
2024-09-18 14:30:00,2.7764,73.52,26.48
2024-09-18 14:35:00,2.7736,73.5,26.5
2024-09-18 14:40:00,2.775,73.51,26.49
2024-09-18 14:45:00,2.7736,73.5,26.5
2024-09-18 14:50:00,2.7736,73.5,26.5
2024-09-18 15:00:00,2.7707,73.48,26.52
2024-09-18 15:05:00,2.7693,73.47,26.53
2024-09-18 15:10:00,2.7636,73.43,26.57
2024-09-18 15:15:00,2.7622,73.42,26.58
2024-09-18 15:20:00,2.7594,73.4,26.6
2024-09-18 15:25:00,2.7608,73.41,26.59
2024-09-18 15:30:00,2.7523,73.35,26.65
2024-09-18 15:35:00,2.7538,73.36,26.64
2024-09-18 15:40:00,2.7566,73.38,26.62
2024-09-18 15:50:00,2.7538,73.36,26.64
2024-09-18 15:55:00,2.7411,73.27,26.73
2024-09-18 16:00:00,2.7133,73.07,26.93
2024-09-18 16:05:00,2.7106,73.05,26.95
2024-09-18 16:10:00,2.7147,73.08,26.92
2024-09-18 16:15:00,2.7133,73.07,26.93
2024-09-18 16:25:00,2.7133,73.07,26.93
2024-09-18 16:30:00,2.7051,73.01,26.99
2024-09-18 16:35:00,2.7078,73.03,26.97
2024-09-18 16:40:00,2.7106,73.05,26.95
2024-09-18 16:50:00,2.7552,73.37,26.63
2024-09-18 16:55:00,2.7608,73.41,26.59
2024-09-18 17:00:00,2.7608,73.41,26.59
2024-09-18 17:05:00,2.7495,73.33,26.67
2024-09-18 17:10:00,2.758,73.39,26.61
2024-09-18 17:15:00,2.7707,73.48,26.52
2024-09-18 17:25:00,2.7693,73.47,26.53
2024-09-18 17:30:00,2.7495,73.33,26.67
2024-09-18 17:35:00,2.7538,73.36,26.64
2024-09-18 17:40:00,2.7425,73.28,26.72
2024-09-18 17:45:00,2.7566,73.38,26.62
2024-09-18 17:50:00,2.7509,73.34,26.66
2024-09-18 18:00:00,2.7523,73.35,26.65
2024-09-18 18:05:00,2.7439,73.29,26.71
2024-09-18 18:10:00,2.7467,73.31,26.69
2024-09-18 18:15:00,2.7439,73.29,26.71
2024-09-18 18:25:00,2.7523,73.35,26.65
2024-09-18 18:30:00,2.7481,73.32,26.68
2024-09-18 18:35:00,2.7411,73.27,26.73
2024-09-18 18:40:00,2.7397,73.26,26.74
2024-09-18 18:50:00,2.785,73.58,26.42
2024-09-18 18:55:00,2.785,73.58,26.42
2024-09-18 19:00:00,2.7779,73.53,26.47
2024-09-18 19:05:00,2.7836,73.57,26.43
2024-09-18 19:10:00,2.7552,73.37,26.63
2024-09-18 19:20:00,2.7538,73.36,26.64
2024-09-18 19:25:00,2.7979,73.67,26.33
2024-09-18 19:30:00,2.8037,73.71,26.29
2024-09-18 19:35:00,2.7936,73.64,26.36
2024-09-18 19:40:00,2.7864,73.59,26.41
2024-09-18 19:45:00,2.7936,73.64,26.36
2024-09-18 19:55:00,2.7951,73.65,26.35
2024-09-18 20:00:00,2.7951,73.65,26.35
2024-09-18 20:05:00,2.7922,73.63,26.37
2024-09-18 20:10:00,2.7936,73.64,26.36
2024-09-18 20:15:00,2.8081,73.74,26.26
2024-09-18 20:20:00,2.7922,73.63,26.37
2024-09-18 20:25:00,2.7893,73.61,26.39
2024-09-18 20:30:00,2.7864,73.59,26.41
2024-09-18 20:40:00,2.7679,73.46,26.54
2024-09-18 20:45:00,2.7552,73.37,26.63
2024-09-18 20:50:00,2.7538,73.36,26.64
2024-09-18 20:55:00,2.7313,73.2,26.8
2024-09-18 21:00:00,2.7327,73.21,26.79
2024-09-18 21:05:00,2.7202,73.12,26.88
2024-09-18 21:10:00,2.7106,73.05,26.95
2024-09-18 21:15:00,2.7161,73.09,26.91
2024-09-18 21:20:00,2.7355,73.23,26.77
2024-09-18 21:25:00,2.7341,73.22,26.78
2024-09-18 21:35:00,2.7327,73.21,26.79
2024-09-18 21:40:00,2.7272,73.17,26.83
2024-09-18 21:45:00,2.7836,73.57,26.43
2024-09-18 21:50:00,2.7864,73.59,26.41
2024-09-18 21:55:00,2.7836,73.57,26.43
2024-09-18 22:00:00,2.8023,73.7,26.3
2024-09-18 22:05:00,2.8183,73.81,26.19
2024-09-18 22:10:00,2.8344,73.92,26.08
2024-09-18 22:15:00,2.8226,73.84,26.16
2024-09-18 22:20:00,2.8139,73.78,26.22
2024-09-18 22:25:00,2.8432,73.98,26.02
2024-09-18 22:30:00,2.8358,73.93,26.07
2024-09-18 22:40:00,2.8476,74.01,25.99
2024-09-18 22:45:00,2.8551,74.06,25.94
2024-09-18 22:50:00,2.8536,74.05,25.95
2024-09-18 22:55:00,2.858,74.08,25.92
2024-09-18 23:00:00,2.8521,74.04,25.96
2024-09-18 23:05:00,2.9386,74.61,25.39
2024-09-18 23:10:00,2.9293,74.55,25.45
2024-09-18 23:15:00,2.962,74.76,25.24
2024-09-18 23:20:00,2.9588,74.74,25.26
2024-09-18 23:25:00,2.9541,74.71,25.29
2024-09-18 23:30:00,2.9526,74.7,25.3
2024-09-18 23:35:00,2.9494,74.68,25.32
2024-09-18 23:45:00,2.9262,74.53,25.47
2024-09-18 23:50:00,2.9216,74.5,25.5
2024-09-18 23:55:00,2.9154,74.46,25.54
2024-09-19 00:00:00,2.8956,74.33,25.67
