2024-09-14 00:00:00,237017198.3,237017198.3,236697762.5,236697762.5
2024-09-14 00:05:00,236700524.4,236700524.4,236457973.2,236596046.5
2024-09-14 00:10:00,236592592.5,236655754.6,236352766.9,236376635.6
2024-09-14 00:15:00,236374535,236814022.2,236359084.9,236705880.9
2024-09-14 00:20:00,236705865.3,236734751.1,236503041.6,236503041.6
2024-09-14 00:25:00,236465475.1,236474000,236226034.4,236236686.6
2024-09-14 00:30:00,236236208.6,236236208.6,235899875.3,235997822.3
2024-09-14 00:35:00,236002239,236064661.8,235706975.7,235873470.1
2024-09-14 00:40:00,235821367.2,235860225.3,235645818.8,235645818.8
2024-09-14 00:45:00,235635395.4,235702720.6,235629266.3,235680983.9
2024-09-14 00:50:00,235670699.7,235670699.7,235415016.2,235420601.6
2024-09-14 00:55:00,235419816.6,235449888.9,235328732.4,235431614.4
2024-09-14 01:00:00,235449186,236129433.8,235368141.6,236015212
2024-09-14 01:05:00,235948933.1,236108535,235948933.1,236108535
2024-09-14 01:10:00,236116210.9,236507816.1,236107600.8,236329678
2024-09-14 01:15:00,236335609.9,236656976.4,236335609.9,236525553.3
2024-09-14 01:20:00,236542277.2,236712221.1,236542277.2,236648914.5
2024-09-14 01:25:00,236648314.3,236696617.8,236414336.9,236414336.9
2024-09-14 01:30:00,236429466.6,236431281,236253844.8,236254950.4
2024-09-14 01:35:00,236255281.6,236321553.5,236179912.9,236319897.6
2024-09-14 01:40:00,236320077.5,236343531.2,236152007.9,236152007.9
2024-09-14 01:45:00,236171943.3,236267245.3,236164139.6,236216342.8
2024-09-14 01:50:00,236212134,236238648,235776336.6,235780511.3
2024-09-14 01:55:00,235779955.5,235832157.8,235777198.4,235820857.2
2024-09-14 02:00:00,235825251,235825251,235383256.1,235383256.1
2024-09-14 02:05:00,235371218,235388561.5,235063037.5,235263002.6
2024-09-14 02:10:00,235263727,235263727,235045584,235060330.5
2024-09-14 02:15:00,235115084.3,235179778.5,234926168,234926168
2024-09-14 02:20:00,234922963,234922963,234834987.5,234903912.9
2024-09-14 02:25:00,234903912.9,234953042.8,234764505,234769095.3
2024-09-14 02:30:00,234769211.7,234771116.4,234621878.2,234636889.8
2024-09-14 02:35:00,234648045.1,234655470,234577358.3,234626885
2024-09-14 02:40:00,234624733.9,234779581,234581133.7,234749049.4
2024-09-14 02:45:00,234748302.5,235012767.1,234746367,234965465.4
2024-09-14 02:50:00,234971092.9,235138809.2,234926538.4,235138644.4
2024-09-14 02:55:00,235137585.2,235189397.4,235130680.5,235153608.9
2024-09-14 03:00:00,235150828.9,235301820.7,235014335.1,235152711
2024-09-14 03:05:00,235152789,235482460.3,235129234.7,235482460.3
2024-09-14 03:10:00,235486308.8,235524981.4,235445661.1,235480461.5
2024-09-14 03:15:00,235481461.6,236983184.1,235478098.8,236819276.4
2024-09-14 03:20:00,236894621.6,236894621.6,236814062.9,236839102.5
2024-09-14 03:25:00,236838681.5,236966907.6,236837177.1,236953449.9
2024-09-14 03:30:00,236953681,237059322.7,236935859.3,236942131
2024-09-14 03:35:00,236942378.6,236945926.1,236786284.7,236802681.6
2024-09-14 03:40:00,236792055.5,236792055.5,236654229.7,236656503.5
2024-09-14 03:45:00,236663368.3,236759491.4,236661016.2,236753557.8
2024-09-14 03:50:00,236788788.3,236793800.2,236700130.4,236717251.5
2024-09-14 03:55:00,236717473.6,236720719.1,236489577.1,236548803.4
2024-09-14 04:00:00,236531897,236549128.4,236436451.6,236549128.4
2024-09-14 04:05:00,236549079.6,236864992.6,236520745.1,236841104.3
2024-09-14 04:10:00,236856245.5,236860155.4,236113555.7,236177563.1
2024-09-14 04:15:00,236177420.9,236318876.6,236176915.9,236279838.3
2024-09-14 04:20:00,236279741.1,236391722.3,236278490.1,236355216.4
2024-09-14 04:25:00,236355204.8,236394184.5,236318942.6,236394184.5
2024-09-14 04:30:00,236393806.8,236590090.8,236273353.3,236590090.8
2024-09-14 04:35:00,236596901.3,237001042,236596901.3,236943424.1
2024-09-14 04:40:00,237009120.6,237435473.6,237007857.8,237407351.8
2024-09-14 04:45:00,237404830.4,237580884.7,237263876.7,237332281.3
2024-09-14 04:50:00,237318018.2,237966597.7,237307426.9,237897199.6
2024-09-14 04:55:00,237893543.1,237926022,237863313,237901613.1
2024-09-14 05:00:00,237902942.1,237980129.5,237557535.2,237617711.4
2024-09-14 05:05:00,237618528.1,237647927.8,237582887.5,237588700.1
2024-09-14 05:10:00,237578684.8,237931533,237546266.2,237931533
2024-09-14 05:15:00,237961645.1,239549507.5,237961645.1,239514972.8
2024-09-14 05:20:00,239598822,239674553.4,239539829.8,239650907.9
2024-09-14 05:25:00,239674151,239674151,239310530.1,239310530.1
2024-09-14 05:30:00,239280937.7,239281446.6,239000279.8,239051260.5
2024-09-14 05:35:00,239051260.5,239051316.4,238517982.5,238533121.1
2024-09-14 05:40:00,238528952.1,238528952.1,238311521.4,238322969.4
2024-09-14 05:45:00,238323336.8,238341659.5,237669396.7,237679710.9
2024-09-14 05:50:00,237678611.4,237747005.9,237504303.5,237524151.2
2024-09-14 05:55:00,237526279,237971093.9,237526279,237959212.9
2024-09-14 06:00:00,238004616.9,238263257.9,237966249.1,238219628.5
2024-09-14 06:05:00,238258600.5,238390451.8,238204397.2,238364386.8
2024-09-14 06:10:00,238364517.8,238747534.7,238356904.7,238697297.2
2024-09-14 06:15:00,238696105.4,239323865.3,238624255,239238709.6
2024-09-14 06:20:00,239231873.5,239555247,239210183.5,239425044.7
2024-09-14 06:25:00,239420372.8,239579122.1,239108263.3,239124533.4
2024-09-14 06:30:00,239124085.6,239126683.3,238670054.4,238816584.7
2024-09-14 06:35:00,238817706.1,238855361.9,238590148,238656858.2
2024-09-14 06:40:00,238657474.3,238727406.7,238616768.1,238659032.8
2024-09-14 06:45:00,238672811.8,238874567.3,238640324.4,238874567.3
2024-09-14 06:50:00,238875904.3,239007991.6,238829558.5,239007991.6
2024-09-14 06:55:00,239007991.6,239033371.7,238949521.1,238949521.1
2024-09-14 07:00:00,238949438.8,238977212.1,238917622.5,238942015
2024-09-14 07:05:00,238942088.8,238999250.1,238926201.5,238966241.5
2024-09-14 07:10:00,238967656.4,239020563.4,238907917.9,238921866.9
2024-09-14 07:15:00,238897689.3,238937007.1,238667709.9,238743080.2
2024-09-14 07:20:00,238740540.7,238787210.8,238682417.5,238690392.2
2024-09-14 07:25:00,238690308.4,238770733.6,238550322.6,238550322.6
2024-09-14 07:30:00,238550322.6,238602497,238544308.2,238545875.9
2024-09-14 07:35:00,238569502.6,238652931.4,238569502.6,238638281.4
2024-09-14 07:40:00,238638045.8,238661284.4,238569930,238661284.4
2024-09-14 07:45:00,238605546.9,238605546.9,238122881,238157434.5
2024-09-14 07:50:00,238157446.5,238179391.9,238086505.9,238086505.9
2024-09-14 07:55:00,238076935.1,238079826.5,237845127.1,237856233.9
2024-09-14 08:00:00,237854455.9,237994184.6,237853180.8,237911779.6
2024-09-14 08:05:00,237914437.9,238186594.1,237914437.9,238178149.4
2024-09-14 08:10:00,238169318.1,238423427.9,238169318.1,238355623.6
2024-09-14 08:15:00,238358542,238619943.7,238316281.2,238510052.8
2024-09-14 08:20:00,238502096.6,238555613.5,238419490.2,238419490.2
2024-09-14 08:25:00,238434277.3,238609754.3,238434277.3,238563095.9
2024-09-14 08:30:00,238563095.9,239663289.7,238562251.6,239526729.3
2024-09-14 08:35:00,239525365.4,239906734.5,239512197.5,239892435.1
2024-09-14 08:40:00,239867795.1,240099353,239867570.8,240059364.1
2024-09-14 08:45:00,240059364.1,240119234.3,240051766.2,240107099.9
2024-09-14 08:50:00,240105657.7,240106232.6,239814894,239821818
2024-09-14 08:55:00,239821806.6,239833799.2,238975970.8,239303867.1
2024-09-14 09:00:00,239289334.3,239290386.5,238720138,238755600.5
2024-09-14 09:05:00,238770324.6,238990660.6,238747824.3,238926201
2024-09-14 09:10:00,238927117.9,238927117.9,238829005.1,238922800.1
2024-09-14 09:15:00,238918386.5,238932496,238848959.4,238889997.3
2024-09-14 09:20:00,238890023.8,238901211,238777061.6,238866227.1
2024-09-14 09:25:00,238866227.1,238882666.6,238815511.2,238815511.2
2024-09-14 09:30:00,238815273.4,238824643.5,238085451.6,238085451.6
2024-09-14 09:35:00,238086294.7,238086294.7,237179556.9,237179556.9
2024-09-14 09:40:00,237191229.4,237191408.1,236519942.6,236730408.6
2024-09-14 09:45:00,236731429.2,236780172.6,236527692.7,236527692.7
2024-09-14 09:50:00,236527548.2,236598866.3,236386433.7,236595252.8
2024-09-14 09:55:00,236595339.7,236892437.6,236593267.1,236892437.6
2024-09-14 10:00:00,236892008.8,236967140.1,236861615.2,236942789
2024-09-14 10:05:00,236943237.9,236968919,236913000.9,236953685.5
2024-09-14 10:10:00,236937177.7,236965686.1,236936480,236959511.5
2024-09-14 10:15:00,236959551.7,237011058,236954504.4,236986366.3
2024-09-14 10:20:00,236986016.7,237032356,236967970.4,236974099.9
2024-09-14 10:25:00,236974109.6,236985426.9,236897561.7,236942349
2024-09-14 10:30:00,236929105.3,236977203.3,236900060.6,236900299.3
2024-09-14 10:35:00,236900996,236943867.2,236017698.4,236017717.2
2024-09-14 10:40:00,236016742.7,236783243.5,236000642.5,236782574.1
2024-09-14 10:45:00,236812608.6,237512015.3,236800269.7,237511826.6
2024-09-14 10:50:00,237513222.4,238164207.4,237216013.5,237216013.5
2024-09-14 10:55:00,237264965.6,238187311.9,237264965.6,238187311.9
2024-09-14 11:00:00,238192313.2,238259672.3,238064134.4,238259672.3
2024-09-14 11:05:00,238258877.2,238306430.5,237984305.6,238090427.7
2024-09-14 11:10:00,238090393.8,238342796.6,238055455.6,238248134.8
2024-09-14 11:15:00,238255165.3,238323101.8,238217200.6,238280812.5
2024-09-14 11:20:00,238279338,238637310.1,238273629.9,238634108.1
2024-09-14 11:25:00,238638463.3,240442605.8,238635115.9,240156215.2
2024-09-14 11:30:00,240205584.1,240258227.4,238645879,240026918.7
2024-09-14 11:35:00,239998142.8,240113491.8,239820108.7,239831129.6
2024-09-14 11:40:00,239802893.9,240165750.6,239796408.8,240165750.6
2024-09-14 11:45:00,240199569,240304038.1,239682323.6,240119743
2024-09-14 11:50:00,239919732.3,240889335.2,239919732.3,240889335.2
2024-09-14 11:55:00,240908083.3,241161137.1,240378850.3,241161137.1
2024-09-14 12:00:00,241165362.6,241594498.8,241165362.6,241569975.3
2024-09-14 12:05:00,241556320.2,241840083.4,241475114.9,241840083.4
2024-09-14 12:10:00,241831393.1,242272761.8,241831393.1,242106290.2
2024-09-14 12:15:00,242105179,242914252,242037507.9,242832269.5
2024-09-14 12:20:00,242829993.6,243404055.2,242791023,243084926.7
2024-09-14 12:25:00,243068878.5,243135619.6,242776253.3,243110844.2
2024-09-14 12:30:00,243075928.6,243415855.7,242952157.7,242952157.7
2024-09-14 12:35:00,242942657.2,244168355.9,242897823.3,244168355.9
2024-09-14 12:40:00,244208349.9,244208349.9,243720083.8,244167131.1
2024-09-14 12:45:00,244145649.9,244507610.3,244145649.9,244506169
2024-09-14 12:50:00,244502294.2,244521982.7,244356674,244356674
2024-09-14 12:55:00,244354238.8,244354238.8,243845961.2,243964061.6
2024-09-14 13:00:00,243964733.2,244516938.7,243848151.7,243921022.5
2024-09-14 13:05:00,243751647.9,243944499,243592781.3,243936401.8
2024-09-14 13:10:00,243937876,244309678.6,243925101.8,244295189.6
2024-09-14 13:15:00,244314018.3,244352225.1,243928048.4,243968440.1
2024-09-14 13:20:00,243960577.3,244096382.8,243654691.3,243654691.3
2024-09-14 13:25:00,243647666.1,243983870.8,243645457.6,243983870.8
2024-09-14 13:30:00,243986425.8,244224271.1,243971816.5,244224271.1
2024-09-14 13:35:00,244229427.6,244585430.4,244221909.6,244258334.3
2024-09-14 13:40:00,244258687.7,244445247.7,244204340.6,244366660
2024-09-14 13:45:00,244373625,244513032.2,244302578.2,244302578.2
2024-09-14 13:50:00,244298430.3,244465276.7,244275779.5,244439699.7
2024-09-14 13:55:00,244439784.9,244597805.7,243949448.5,243988885.5
2024-09-14 14:00:00,243982150.1,244145447.9,243929031.1,244132904
2024-09-14 14:05:00,244138747,245277892.4,244138747,244628994.9
2024-09-14 14:10:00,244736505.7,247576137.9,244725552.9,247525640.6
2024-09-14 14:15:00,247532340,248366933.5,247532340,248311822.5
2024-09-14 14:20:00,248320987.7,249913184.3,248134545.2,249913184.3
2024-09-14 14:25:00,249921871.5,251508459.3,245671575.9,245687808
2024-09-14 14:30:00,250219792.2,250219792.2,249542616.4,249976834.7
2024-09-14 14:35:00,250015239.3,250949089.8,249734733.8,250949089.8
2024-09-14 14:40:00,250950312.4,251964170.5,250950312.4,251945133.9
2024-09-14 14:45:00,251964205,252674151.4,251845297,251866457.1
2024-09-14 14:50:00,251848043.5,252320436.1,251803251.9,252174753.1
2024-09-14 14:55:00,252153466.5,252297216.8,250986662.6,251437988.2
2024-09-14 15:00:00,251470502.7,252144626.4,248072435.8,248130684.5
2024-09-14 15:05:00,248027513.6,248536480.1,247962958.9,248509097.7
2024-09-14 15:10:00,248545233.3,248964692.8,248525318.4,248964692.8
2024-09-14 15:15:00,248943682.7,249574313.3,248819648.1,249505392.9
2024-09-14 15:20:00,249505466.4,250531329.9,249496870.8,250332326.8
2024-09-14 15:25:00,250313255.2,250988819.2,248794078.2,250553976.9
2024-09-14 15:30:00,250513824.8,250552835.2,248901774,249403316.8
2024-09-14 15:35:00,249499404.8,250125841.5,248437635.7,250122683.3
2024-09-14 15:40:00,250102639.7,250438731.4,250099605.4,250195381.6
2024-09-14 15:45:00,250144248.9,250397177.3,249486440.5,249543867.2
2024-09-14 15:50:00,249546252.2,249776599.2,249491579.7,249775541.3
2024-09-14 15:55:00,249786615.6,250006991.6,249641271.1,250006991.6
2024-09-14 16:00:00,250008180.3,250104349.8,249841946.9,249944465.6
2024-09-14 16:05:00,249944754,250039284.2,249838444.8,249899248.2
2024-09-14 16:10:00,249895915.1,249898403.1,249740338.8,249844591.8
2024-09-14 16:15:00,249862012.8,250073312.4,249761987.5,250032415
2024-09-14 16:20:00,250025130.4,250085578.4,249358695.5,249649938.8
2024-09-14 16:25:00,249656838.5,250043511.6,249369473.8,250043511.6
2024-09-14 16:30:00,250054746.2,250246673.4,249498330.4,249707182.6
2024-09-14 16:35:00,249701579.7,250088295.6,249701579.7,249800793.3
2024-09-14 16:40:00,249800802.3,249843268.2,249660269.5,249689003.8
2024-09-14 16:45:00,249695040.1,249869114.7,249243219.9,249321531.3
2024-09-14 16:50:00,249363426.6,249751193.5,249363426.6,249578700.6
2024-09-14 16:55:00,249576003.4,249585092.4,249422317.8,249502316.7
2024-09-14 17:00:00,249459709.8,249487778.7,249321010.3,249327466.8
2024-09-14 17:05:00,249328694.8,249389988.4,249232940.9,249350118.4
2024-09-14 17:10:00,249344443,249345816.9,249184510.3,249292372.9
2024-09-14 17:15:00,249318280.3,249413675,249269750.5,249355870.5
2024-09-14 17:20:00,249355499.4,249520678.6,249354653.5,249399594.2
2024-09-14 17:25:00,249404225.7,249475999.3,249253317.7,249413575.2
2024-09-14 17:30:00,249417975.4,249600090.2,249295075.3,249600090.2
2024-09-14 17:35:00,249600169.7,249600169.7,249483193.2,249588557.4
2024-09-14 17:40:00,249587022.7,249624068.8,249396487,249419566.5
2024-09-14 17:45:00,249419320.7,249868380.5,249400101.9,249765006.6
2024-09-14 17:50:00,249863460.5,250130447.3,249858364.4,250125483.5
2024-09-14 17:55:00,250109039.6,250158480.3,250000300.1,250001670.7
2024-09-14 18:00:00,250036742.1,250073873.1,249851480.8,249882638.7
2024-09-14 18:05:00,249879300,250423087.3,249879300,250404771
2024-09-14 18:10:00,250419431.8,250568473.1,250419431.8,250539130.8
2024-09-14 18:15:00,250529587.7,250595945.4,250485734.3,250519073.2
2024-09-14 18:20:00,250519090.2,250609414.9,250497992.1,250548446.8
2024-09-14 18:25:00,250541191.4,250613940,250533865,250566395.4
2024-09-14 18:30:00,250559972.1,250619295.8,250542254.4,250557267.2
2024-09-14 18:35:00,250541913.1,250603623.6,250295086.1,250295114.6
2024-09-14 18:40:00,250295325.3,250407238.3,250290375.7,250406212.3
2024-09-14 18:45:00,250406243.4,250413168.8,250293912,250310140.8
2024-09-14 18:50:00,250310074.1,250697555.9,250270270.3,250601127.4
2024-09-14 18:55:00,250593525.9,250732523.8,250427356.4,250568625.4
2024-09-14 19:00:00,250572610.1,250647397.7,250565023.8,250599062.3
2024-09-14 19:05:00,250598919.2,250826011.1,250584585,250826011.1
2024-09-14 19:10:00,250818443,251009134,250818443,250981899.6
2024-09-14 19:15:00,250972596.5,250972596.5,250869007.4,250896499.3
2024-09-14 19:20:00,250882492.3,250925641.6,250844713.6,250920641.8
2024-09-14 19:25:00,250846833.6,251184750.5,250734002.7,251162619.7
2024-09-14 19:30:00,251162609.7,251224690.2,250167048.3,250168111.8
2024-09-14 19:35:00,250175985.1,250487535.3,250175985.1,250310026.1
2024-09-14 19:40:00,250312228.9,250473195,250312228.9,250470631.9
2024-09-14 19:45:00,250487187.1,250632556.9,250448145.6,250606201.8
2024-09-14 19:50:00,250607038,250770687.6,250593631.3,250755054.7
2024-09-14 19:55:00,250755277,250791015.4,250492790.5,250492790.5
2024-09-14 20:00:00,250486701,250494867.4,249840786.8,249933627.1
2024-09-14 20:05:00,249934466,249997313.8,249818304.3,249891733.3
2024-09-14 20:10:00,249892824.6,250125482.3,249829135.5,250055050.1
2024-09-14 20:15:00,250059008.3,250080727.9,250004680.2,250048557.8
2024-09-14 20:20:00,250052906,250308085.3,250052797.1,250307791.3
2024-09-14 20:25:00,250306052.3,250684847.5,250303088.2,250684847.5
2024-09-14 20:30:00,250691555.4,250846998.4,250623339,250843546
2024-09-14 20:35:00,250836243.8,251020025.6,250591826.9,250605842.6
2024-09-14 20:40:00,250633110.5,251285292.8,250623733.2,251272141.5
2024-09-14 20:45:00,251271696.1,251850533,251271696.1,251850533
2024-09-14 20:50:00,251850706.3,252327793,251850706.3,252254364.2
2024-09-14 20:55:00,252264249.8,252577535.4,252264249.8,252568527.7
2024-09-14 21:00:00,252568440.6,252976421.3,252568440.6,252967378.6
2024-09-14 21:05:00,252951064.3,253110149,251874229.2,251891955.6
2024-09-14 21:10:00,251997189.6,252842504.8,251958058,252606705.8
2024-09-14 21:15:00,252642329.8,253341914.9,252642329.8,253288789
2024-09-14 21:20:00,253320179.9,253971410.6,253285219,253937802.5
2024-09-14 21:25:00,253776877,253993287.3,253682103.6,253993287.3
2024-09-14 21:30:00,254031656.3,254371526.6,254029939.4,254283177.2
2024-09-14 21:35:00,254285090.1,254679088.4,254283788.4,254627164.3
2024-09-14 21:40:00,254627992.9,254655610.8,254329776.3,254632369.8
2024-09-14 21:45:00,254617552.6,254644401.1,254274160.2,254429705.3
2024-09-14 21:50:00,254429189.5,254786293.9,254413478.7,254742492.7
2024-09-14 21:55:00,254746324.4,254850438.6,254570126,254570126
2024-09-14 22:00:00,254542569.1,254592442,254447103.2,254566003.3
2024-09-14 22:05:00,254566693.1,254647132.8,254566693.1,254576883.1
2024-09-14 22:10:00,254572608.5,254641972.2,254314463.5,254633194
2024-09-14 22:15:00,254629394.1,254640504,254462361.3,254525694.6
2024-09-14 22:20:00,254523949.9,254529708.8,254408642.6,254503568.5
2024-09-14 22:25:00,254503782.9,254788180,254487506.5,254736343.7
2024-09-14 22:30:00,254752006.8,254752006.8,254284571.1,254339370
2024-09-14 22:35:00,254342255.1,254373484.7,253687678.9,254010676.6
2024-09-14 22:40:00,253995697,254194434.9,253895481.8,254187101.2
2024-09-14 22:45:00,254183263.1,254249594.7,254083971.1,254197981.4
2024-09-14 22:50:00,254165326.3,254286340.8,253974721.1,254286340.8
2024-09-14 22:55:00,254287663.8,254336879.9,254232109,254328396.5
2024-09-14 23:00:00,254327410.6,254972035.5,254323793.4,254768298.1
2024-09-14 23:05:00,254791266.9,254837416.1,254580399.6,254618397.1
2024-09-14 23:10:00,254618937.7,254902729.3,254618937.7,254786671.4
2024-09-14 23:15:00,254781030.9,255021940.5,254781030.9,255014517.7
2024-09-14 23:20:00,255012293.1,255398538.1,254738190.3,255114933.5
2024-09-14 23:25:00,255118997.6,255143841.7,254810686.7,255011168.5
2024-09-14 23:30:00,255010511,255047496.8,254906049.2,255047496.8
2024-09-14 23:35:00,255061731.6,255300572.7,254817186.6,255058161
2024-09-14 23:40:00,255060846.8,255468536.4,254900540.1,254900540.1
2024-09-14 23:45:00,254907024.7,255039059,254907024.7,254957092.1
2024-09-14 23:50:00,254957194.9,254957720.4,254663637,254873422.2
2024-09-14 23:55:00,254973490.1,255108988.3,254956499.5,255108988.3
2024-09-15 00:00:00,255110004.2,255278594.2,255085544.2,255123041
2024-09-15 00:05:00,255124539.3,255257636.3,254855454,254864962.1
2024-09-15 00:10:00,254828601.1,257835415.6,253453753.2,256845930.5
2024-09-15 00:15:00,256825816.1,256975731.5,256685221.3,256737939.8
2024-09-15 00:20:00,256733501.8,256822415.9,256626736.4,256717678.9
2024-09-15 00:25:00,256670615.8,256714686.9,255657528.3,255747894.3
2024-09-15 00:30:00,255746366.1,256205577.1,255714601.2,256205223.3
2024-09-15 00:35:00,256203975.5,256651388.4,256173181.3,256651388.4
2024-09-15 00:40:00,256617194.6,256841184.2,256329770.3,256329770.3
2024-09-15 00:45:00,256299538.6,256299538.6,256053717.2,256214134
2024-09-15 00:50:00,256207812.6,256399071.5,256207812.6,256361459.2
2024-09-15 00:55:00,256361498.3,256786016.2,256197700.7,256754326.5
2024-09-15 01:00:00,256756961.8,257192723.2,256517017.8,257192723.2
2024-09-15 01:05:00,257247867.7,257659171.8,257247867.7,257585195.9
2024-09-15 01:10:00,257582719.6,257695222.4,257405407.3,257622110.6
2024-09-15 01:15:00,257622424.3,257622489.9,257418980.8,257470713.6
2024-09-15 01:20:00,257488011.6,257678817.5,257129598.9,257393333.6
2024-09-15 01:25:00,257393340.5,257574315.5,257393340.5,257522542.2
2024-09-15 01:30:00,257526354.6,257526354.6,257256681.2,257361749.8
2024-09-15 01:35:00,257372996.1,257634786.2,257369433.9,257630370.6
2024-09-15 01:40:00,257631774.4,257669321.9,257528602.5,257574807.5
2024-09-15 01:45:00,257566153.4,257719290.4,257536637.4,257635102.3
2024-09-15 01:50:00,257633041.4,258344525.8,257630635.8,258251770.5
2024-09-15 01:55:00,258303993.6,258477446.5,258224497.5,258458035.2
2024-09-15 02:00:00,258491532.2,259056004.4,258476413,259018512.7
2024-09-15 02:05:00,259010135.2,259179359.5,258228217.6,258363512.2
2024-09-15 02:10:00,258379987.4,258509006.3,258345128.3,258506158.9
2024-09-15 02:15:00,258505508.8,260087854.2,258502486.9,260087854.2
2024-09-15 02:20:00,260087854.2,260427468.2,260087854.2,260427468.2
2024-09-15 02:25:00,260416496.7,260565120.8,260397796.6,260535277.8
2024-09-15 02:30:00,260553285.9,260709233.9,260409342,260709233.9
2024-09-15 02:35:00,260705999.8,260939113.8,260578887.6,260934880.3
2024-09-15 02:40:00,260934859.6,261196909.5,260869592.7,261196909.5
2024-09-15 02:45:00,261199980.4,261371992.9,261165648,261356280.8
2024-09-15 02:50:00,261357519.2,261498082.4,261267516.3,261498082.4
2024-09-15 02:55:00,261500084.6,261595023,261473992.6,261559311.1
2024-09-15 03:00:00,261582850.1,262005327.2,261544503.5,261843236.8
2024-09-15 03:05:00,261827152.7,261827152.7,261533624.1,261675880.2
2024-09-15 03:10:00,261666412.4,261666412.4,261312404.2,261645010.6
2024-09-15 03:15:00,261646350.3,261784176.5,261604972.6,261609715.5
2024-09-15 03:20:00,261582879.5,261774145.6,261550179.1,261729644.7
2024-09-15 03:25:00,261737902.3,261798576.6,261373008.6,261504594.5
2024-09-15 03:30:00,261492586.3,261516054.7,261320827.3,261429253.3
2024-09-15 03:35:00,261419283.3,261689341.3,261419283.3,261657531.1
2024-09-15 03:40:00,261652094.8,261954454.9,261636816.1,261935568.8
2024-09-15 03:45:00,261887669.3,261937120.7,261758516.2,261793437.5
2024-09-15 03:50:00,261828278.9,261898906.5,261779425.3,261785732.4
2024-09-15 03:55:00,261778725.8,261853466.7,261726356.2,261850144.3
2024-09-15 04:00:00,261850582.3,261914930.3,261805019.1,261871936.1
2024-09-15 04:05:00,261876246.1,261876246.1,261161073.9,261173439.7
2024-09-15 04:10:00,261167047.1,261222575.7,260962541.4,261028373.9
2024-09-15 04:15:00,261004752.9,261049299.1,259903013.6,259903013.6
2024-09-15 04:20:00,259885482.6,259920916.5,259698381.6,259698381.6
2024-09-15 04:25:00,259689239.9,260080576.8,259687541.1,259885210.7
2024-09-15 04:30:00,259885166.6,260027460.5,259876622.9,259897781.6
2024-09-15 04:35:00,259897818.7,259900713.4,259824594.7,259871220.3
2024-09-15 04:40:00,259869103.7,260200687.5,259868034.2,260169426.1
2024-09-15 04:45:00,260198990.6,260393958.7,260178067.7,260381016.7
2024-09-15 04:50:00,260383774.8,260488438.7,260362644,260459324.7
2024-09-15 04:55:00,260460465.1,260462901.4,260101085.3,260137554.6
2024-09-15 05:00:00,260137128.4,260170390.2,260104513.7,260158641.3
2024-09-15 05:05:00,260159884.2,260302151.5,260110573.5,260296198.8
2024-09-15 05:10:00,260295037.7,260305922.3,259804368.3,259822557.8
2024-09-15 05:15:00,259824476.5,259835781.6,259717355,259755988.3
2024-09-15 05:20:00,259753783.7,259754114.1,259709317.3,259714491.1
2024-09-15 05:25:00,259714520.7,259906819.9,259648295.9,259830104.8
2024-09-15 05:30:00,259829344.8,259867465.8,259754386.9,259754913.4
2024-09-15 05:35:00,259750247.8,259753725.2,259672230.6,259706444.3
2024-09-15 05:40:00,259708374.8,259733148.4,259564905.8,259604994.4
2024-09-15 05:45:00,259604965.3,259604965.3,259307494.5,259319184.9
2024-09-15 05:50:00,259320231.5,259332081.3,258615854.3,258616414.3
2024-09-15 05:55:00,258616346.2,258940611.7,258554593.2,258940611.7
2024-09-15 06:00:00,258940746.2,259170914,258940746.2,259135691.5
2024-09-15 06:05:00,259135660.4,259339274.6,259109969,259125315.6
2024-09-15 06:10:00,259120879.5,259130811.2,258848499.7,258892014.6
2024-09-15 06:15:00,258892030.4,258936004.5,258752901.6,258781451.7
2024-09-15 06:20:00,258642949.9,258958486.6,258570224.8,258570224.8
2024-09-15 06:25:00,258568997.6,258593431.4,258448706.8,258520415.9
2024-09-15 06:30:00,258506937.9,258564769.4,258335427.2,258513180.5
2024-09-15 06:35:00,258542964.1,258620352.7,258485778.8,258495753.2
2024-09-15 06:40:00,258477934.5,258567743.5,258477934.5,258551703.5
2024-09-15 06:45:00,258554186.8,258603495.6,258488472,258520001.8
2024-09-15 06:50:00,258514533.8,258765482.4,258511420.7,258750882.8
2024-09-15 06:55:00,258755015.9,258846378.6,258693085.1,258693085.1
2024-09-15 07:00:00,258685031.8,258755240.2,258048698.6,258048942.7
2024-09-15 07:05:00,258014865.5,258394780.5,258006623.4,258394190.1
2024-09-15 07:10:00,258396675.5,258499344.2,258257583.4,258318539.1
2024-09-15 07:15:00,258319620.3,258477897.7,258319620.3,258441029.3
2024-09-15 07:20:00,258470213.2,258706644.8,258468369.1,258659455
2024-09-15 07:25:00,258660092.8,258670318.4,258538850.4,258637085.3
2024-09-15 07:30:00,258636699.6,258685029.3,258282822.9,258282822.9
2024-09-15 07:35:00,258282071.3,258364190.8,258125596.7,258335515.4
2024-09-15 07:40:00,258336205.9,258337355.1,258171328.6,258226655.7
2024-09-15 07:45:00,258209633.7,258366708.5,258182958.6,258359072.6
2024-09-15 07:50:00,258358655.6,258660536,258352323.5,258651484.9
2024-09-15 07:55:00,258651532.2,258859505.1,258647094.4,258814832.6
2024-09-15 08:00:00,258812099.8,258821141.5,258421355.6,258477155.9
2024-09-15 08:05:00,258475986.5,258726069.3,258422969.4,258726069.3
2024-09-15 08:10:00,258723065.2,258928370.1,258714738.9,258926012.7
2024-09-15 08:15:00,258927270.1,259009038.1,258869517.3,258919581.6
2024-09-15 08:20:00,258919635.7,258951631,258830912.3,258830912.3
2024-09-15 08:25:00,258830721.8,258863056.9,258621352.8,258858080.8
2024-09-15 08:30:00,258858087.8,258920952.1,258803416.6,258873154.1
2024-09-15 08:35:00,258915147,259009288.6,258885456.3,259007384.4
2024-09-15 08:40:00,259022598.7,259039554.5,258902593.3,258907461.5
2024-09-15 08:45:00,258911577.5,259575059.3,258911107.6,259368291.1
2024-09-15 08:50:00,259371195.6,259431722.8,259302514.8,259302514.8
2024-09-15 08:55:00,259299185.1,259420422.9,259244232.3,259263971
2024-09-15 09:00:00,259255512.5,259361746,259152945.2,259361746
2024-09-15 09:05:00,259378468.2,259709800.9,259211147.4,259211147.4
2024-09-15 09:10:00,259207163.6,259207163.6,258917930.8,259036457.7
2024-09-15 09:15:00,259043292.5,259155190,259001728.8,259155190
2024-09-15 09:20:00,259156487.2,259360171.2,259067412.4,259360161.6
2024-09-15 09:25:00,259360205.8,259361677.4,259056360.2,259088764
2024-09-15 09:30:00,259089056.8,259279730.1,259087744.6,259273199.7
2024-09-15 09:35:00,259268738.8,259300486.8,259255836.5,259255836.5
2024-09-15 09:40:00,259256321.9,259274439.4,258738259.9,258798565.9
2024-09-15 09:45:00,258796817.1,258796817.1,258500063.9,258605407.5
2024-09-15 09:50:00,258611512.9,258646593.5,258540570.5,258550058.1
2024-09-15 09:55:00,258549868.1,258549868.1,258280252.8,258343030.6
2024-09-15 10:00:00,258343645.3,258349363.2,258209029,258247985.8
2024-09-15 10:05:00,258238591.1,258374097.7,258201604.6,258207673
2024-09-15 10:10:00,258199663.5,258252730.3,258199237.8,258249293
2024-09-15 10:15:00,258248896,258266123.7,258077043.4,258095135.9
2024-09-15 10:20:00,258095125.2,258161182.1,258095112.4,258147260.4
2024-09-15 10:25:00,258147222.6,258194130.8,258121281.9,258131245
2024-09-15 10:30:00,258129041.7,258246855.1,258129041.7,258150909.3
2024-09-15 10:35:00,258150819.7,258283241.5,258037903.3,258151238.2
2024-09-15 10:40:00,258151227.9,258165361.3,258073951.3,258102724
2024-09-15 10:45:00,258102043,258117957.4,257896983.1,257974282.9
2024-09-15 10:50:00,257974135.7,258277339,257962262.5,258243756.8
2024-09-15 10:55:00,258243756.8,258352576.5,258243756.8,258331513.2
2024-09-15 11:00:00,258330181,258330181,258173247.4,258238691.9
2024-09-15 11:05:00,258237033.2,258250086.6,258155993,258232488
2024-09-15 11:10:00,258232551.9,258347525.7,258224700.1,258339869.2
2024-09-15 11:15:00,258466486.3,258610628,258054476.5,258093796.4
2024-09-15 11:20:00,258102337.5,258102337.5,256476780,256600514.5
2024-09-15 11:25:00,256578407,256594844.4,256502700.5,256532245.3
2024-09-15 11:30:00,256536031,256634576.2,256507606.7,256584099.6
2024-09-15 11:35:00,256596974.2,256596974.2,255888877.4,256046920.1
2024-09-15 11:40:00,256035716.8,256288279.9,255979916.8,256218641.7
2024-09-15 11:45:00,256218758.2,256274935.3,256034209.1,256079130.7
2024-09-15 11:50:00,256079785.1,256184360.9,255949941,256107341.4
2024-09-15 11:55:00,256107108.5,256154321.9,255998507.2,255998507.2
2024-09-15 12:00:00,256005854.8,256354635.4,255999467.6,256235743.7
2024-09-15 12:05:00,256235059.6,256258072.8,256137072.8,256168195.8
2024-09-15 12:10:00,256168455.3,256168455.3,255866476.4,255866476.4
2024-09-15 12:15:00,255852279.7,256060488.6,255844954.2,255953933.2
2024-09-15 12:20:00,255954210.2,256041375.9,255954183.8,256035115.5
2024-09-15 12:25:00,256037495.3,256195282.7,256025416.7,256061200.8
2024-09-15 12:30:00,256061174.9,256148190.7,255918276.1,255939294.4
2024-09-15 12:35:00,255940653.4,255941783.4,255879972.5,255930655
2024-09-15 12:40:00,255908968.2,255908968.2,255823210.6,255902793
2024-09-15 12:45:00,255897374.7,255977588.2,255831456.5,255931952.8
2024-09-15 12:50:00,255939858.9,256008166.2,255711241.4,255720007
2024-09-15 12:55:00,255720010.4,255721605.2,255594617.1,255610142.8
2024-09-15 13:00:00,255609782.9,255656467,255329692.3,255386078.9
2024-09-15 13:05:00,255421526.2,255472787.7,255267650.2,255443030.3
2024-09-15 13:10:00,255448958.5,255488838.7,255365719.1,255459876.7
2024-09-15 13:15:00,255459882.5,255607786.9,255459584.8,255607786.9
2024-09-15 13:20:00,255608715.1,255726895.1,255534126.2,255665380.5
2024-09-15 13:25:00,255656365.4,255859154.4,255572091.1,255806940.3
2024-09-15 13:30:00,255817844.9,256081095.5,255798357.4,256049526.7
2024-09-15 13:35:00,256049026.7,256056765.6,255741935.4,255744665.6
2024-09-15 13:40:00,255739007,255955999.4,255409995.3,255493551.8
2024-09-15 13:45:00,255497097.7,255807118.4,255485960,255556891.6
2024-09-15 13:50:00,255552983.2,255723915.3,255431988,255469113
2024-09-15 13:55:00,255463979.1,255469167.6,254970161.3,255046788.7
2024-09-15 14:00:00,255041746,255043171.6,253776686.2,253776686.2
2024-09-15 14:05:00,253773632.9,254306146,253749643.5,254293015.1
2024-09-15 14:10:00,254298181.2,254328830.5,253926959.5,253926976.6
2024-09-15 14:15:00,253904116.5,254134668.7,253772663.3,254128436.2
2024-09-15 14:20:00,254136024.1,254138746.1,253934095.6,254071890.6
2024-09-15 14:25:00,254079625.1,254237570.6,253992407.9,254131074
2024-09-15 14:30:00,254130802.5,254130802.5,252974438.5,252974438.5
2024-09-15 14:35:00,252941245.3,252977692.2,252808706.6,252819096
2024-09-15 14:40:00,252819086.9,252884293.3,252781793.2,252807695.7
2024-09-15 14:45:00,252796663.5,252935186.9,252796663.5,252889239.9
2024-09-15 14:50:00,252892923.9,252997293.9,252778734.6,252813693
2024-09-15 14:55:00,252813720.6,252831679.2,252745833,252748520.8
2024-09-15 15:00:00,252748591.1,252748591.1,252661096.2,252684085.5
2024-09-15 15:05:00,252684240.1,253003454.7,252684240.1,252980484.7
2024-09-15 15:10:00,252985236.3,252987309.5,252787354.1,252787354.1
2024-09-15 15:15:00,252794292.7,252937235.3,252794292.7,252824841.8
2024-09-15 15:20:00,252824968.8,252876198.4,252606720.5,252692377.7
2024-09-15 15:25:00,252664304.1,252983260.8,252475333.7,252983260.8
2024-09-15 15:30:00,252980250.3,253057928.1,252933313.2,253057928.1
2024-09-15 15:35:00,253094464.4,253295830.9,253090846.8,253280282.5
2024-09-15 15:40:00,253284466.6,253335338,253194072,253194072
2024-09-15 15:45:00,253194072,253323338.9,253042261.5,253243164.9
2024-09-15 15:50:00,253258662.9,253271653.8,252891139.5,252945867.7
2024-09-15 15:55:00,252948282.9,253251998.7,252855159.6,253178236.1
2024-09-15 16:00:00,253172806.9,253786317.2,253172806.9,253373230.7
2024-09-15 16:05:00,252991943.3,253031100.9,252814975.5,252868999.9
2024-09-15 16:10:00,252897346.1,253484640.2,252831987.6,253366837.1
2024-09-15 16:15:00,253366815.2,253533128.6,253352180.3,253405152.2
2024-09-15 16:20:00,253405052.2,253745806.8,253405052.2,253719611
2024-09-15 16:25:00,253740048.5,253786065.2,253691851.1,253710330.8
2024-09-15 16:30:00,253710235.5,253796267,253699931.7,253739525.2
2024-09-15 16:35:00,253725471.5,253788293.6,253631161.4,253638710.3
2024-09-15 16:40:00,253638633.7,253742020.8,253578299.5,253608073
2024-09-15 16:45:00,253608154.8,253637034.7,253505766.8,253550755
2024-09-15 16:50:00,253550740,253610588.2,253430692.3,253430692.3
2024-09-15 16:55:00,253430673.2,253645810.4,253415960,253633121.6
2024-09-15 17:00:00,253633121.6,253715200.2,253628840,253656461.2
2024-09-15 17:05:00,253652275.4,253662393.9,253571237.3,253640241.4
2024-09-15 17:10:00,253639932.9,253716024.3,253334722.4,253427051.5
2024-09-15 17:15:00,253524054.3,253757615.3,253016684.7,253016684.7
2024-09-15 17:20:00,253065964.8,253192372.6,252973049.7,253192372.6
2024-09-15 17:25:00,253191384.2,253284623.6,253186666.8,253277663
2024-09-15 17:30:00,253280066.2,253677253.5,253207266,253677253.5
2024-09-15 17:35:00,253671720.5,253745490,253661855.8,253699580.7
2024-09-15 17:40:00,253754549.1,253808154.1,253707048.3,253735816.6
2024-09-15 17:45:00,253734692.9,253762169.4,253623792.1,253630508.3
2024-09-15 17:50:00,253604119.2,253604119.2,253352469.8,253383698.5
2024-09-15 17:55:00,253336700.2,253360490.2,253145161.6,253201423.7
2024-09-15 18:00:00,253201628.2,253226855.3,253036083,253089003.2
2024-09-15 18:05:00,253114189,253268825.6,253097960.2,253254595
2024-09-15 18:10:00,253257450.8,253279794.2,253165820.4,253196727.9
2024-09-15 18:15:00,253216435.9,253320511.5,253174469.9,253319112.5
2024-09-15 18:20:00,253319108.5,253415426.8,253316377.4,253415426.8
2024-09-15 18:25:00,253435377.8,253623047.3,253432835.9,253623047.3
2024-09-15 18:30:00,253616501.3,253681299.4,253053238.7,253055229.9
2024-09-15 18:35:00,253057898.7,253078883,252770273.8,252865655.6
2024-09-15 18:40:00,252865581.6,252892763.3,252774358.3,252845162.3
2024-09-15 18:45:00,252840167.9,252865675.9,252690637.7,252863396.2
2024-09-15 18:50:00,252861956.3,253085049,252861956.3,253043984.3
2024-09-15 18:55:00,253044008,253054933.8,252925473.9,252934620.7
2024-09-15 19:00:00,252932908.5,252937087.1,252743507.3,252774802.5
2024-09-15 19:05:00,252773948.3,253139513.5,252773948.3,252775520
2024-09-15 19:10:00,252760524.7,252811275.2,252493829.6,252517485.6
2024-09-15 19:15:00,252515133.1,252535690.5,252455774.7,252474692.9
2024-09-15 19:20:00,252479645.2,252655502.3,252472846.7,252618550.2
2024-09-15 19:25:00,252611172.3,252613791.7,252350509.9,252490775.7
2024-09-15 19:30:00,252502133.1,252531590.9,252360387,252439924.2
2024-09-15 19:35:00,252439924.2,252538608.2,252421979.5,252434591
2024-09-15 19:40:00,252425491.5,252439535.3,252220645.8,252232203
2024-09-15 19:45:00,252232289.5,252605516.8,252148349.3,252565172.1
2024-09-15 19:50:00,252506031.2,252620511.4,252506031.2,252561306.1
2024-09-15 19:55:00,252560294.7,252857899.8,252475803,252731854.4
2024-09-15 20:00:00,252659535.5,252659535.5,252401111.9,252464327.8
2024-09-15 20:05:00,252464468.5,252663555.3,252114117.6,252114117.6
2024-09-15 20:10:00,252098181.9,252098181.9,251156893.2,251242993.6
2024-09-15 20:15:00,251183941.9,251279647.5,249538366.8,249629321.8
2024-09-15 20:20:00,249639587.9,249683633.8,249571164.8,249583239.4
2024-09-15 20:25:00,249586655.4,249754372,249584053.4,249685466.5
2024-09-15 20:30:00,249676936.5,249701496.6,248867083.4,248972045.6
2024-09-15 20:35:00,248950743.3,249408488.5,248950743.3,249408488.5
2024-09-15 20:40:00,249466878.2,249897903.2,249466878.2,249895151.5
2024-09-15 20:45:00,249940290.6,250776670.2,249897730.5,250700488.8
2024-09-15 20:50:00,250701317.9,250847322,250647647.2,250726578.2
2024-09-15 20:55:00,250761594.9,250761594.9,250442965.8,250473981.7
2024-09-15 21:00:00,250463371.5,250472255.6,250249849.9,250261666.5
2024-09-15 21:05:00,250259929.2,250282443.4,250163110.1,250223973.1
2024-09-15 21:10:00,250224357.7,250225408.6,250100934.7,250140086.3
2024-09-15 21:15:00,250141029,250299650,250141029,250265641.5
2024-09-15 21:20:00,250280079.9,250382604.9,250275417.1,250382200.7
2024-09-15 21:25:00,250382044.3,250382044.3,250303169.7,250311789.3
2024-09-15 21:30:00,250322875.1,250325635.3,250212349.2,250278712
2024-09-15 21:35:00,250273187.1,250335527,250217647,250333146.1
2024-09-15 21:40:00,250337911.8,250497257.5,250057072.7,250126672.3
2024-09-15 21:45:00,250120140.4,250221004.8,250120140.4,250142672.6
2024-09-15 21:50:00,250132871.5,250155834.8,249823751,249867659.8
2024-09-15 21:55:00,249867066.9,250065611.5,249842224.1,249920021.7
2024-09-15 22:00:00,249919898.8,250043128.1,249908477.1,249914159.9
2024-09-15 22:05:00,249906181.1,249977216.3,249889907.2,249971912.9
2024-09-15 22:10:00,249989475.2,250051236.5,249988337.6,250039174
2024-09-15 22:15:00,250029826.8,250043148,249960527.7,249968771.6
2024-09-15 22:20:00,249973398.5,249997361.7,249915903.2,249922725.5
2024-09-15 22:25:00,249924281.4,249924281.4,249576224.6,249620538.1
2024-09-15 22:30:00,249620572.1,249739335.8,249589684.9,249618734.8
2024-09-15 22:35:00,249608838,249671075.7,249540594.5,249665209.3
2024-09-15 22:40:00,249681234.7,249688705.9,249425608.1,249461570.6
2024-09-15 22:45:00,249453564.3,249453564.3,249399674.5,249446510.8
2024-09-15 22:50:00,249446452.5,249446452.5,249333739.1,249333739.1
2024-09-15 22:55:00,249333830.9,249409871.1,249312482.7,249392886.9
2024-09-15 23:00:00,249413692.3,249455916.7,248928834.2,249220704.3
2024-09-15 23:05:00,249231169,249231169,248781320.1,248931970.5
2024-09-15 23:10:00,248931137.3,249445582.4,248931137.3,249445582.4
2024-09-15 23:15:00,249454386.4,249454386.4,249288153.3,249301013
2024-09-15 23:20:00,249305325,249386448.5,249269102.1,249282576.2
2024-09-15 23:25:00,249275982.9,249327179.7,249029508.5,249062496
2024-09-15 23:30:00,249058824.5,249061647.1,248753213.9,248800122.6
2024-09-15 23:35:00,248800096.9,248932445.4,248776091.7,248836387.7
2024-09-15 23:40:00,248837583.9,248915127.6,248834740.4,248897174.1
2024-09-15 23:45:00,248902192.4,248933357.8,248767648.8,248769176.3
2024-09-15 23:50:00,248771335.7,248782450.9,248728642.7,248747962.9
2024-09-15 23:55:00,248753820.8,248789684.7,248638153.5,248638153.5
2024-09-16 00:00:00,248628214.9,248632066.1,245097533.4,245141532.2
2024-09-16 00:05:00,245224582,245224582,243920677.4,243949788.2
2024-09-16 00:10:00,244073714.4,244073714.4,242891210.9,243437904.6
2024-09-16 00:15:00,243380558,243512913.3,243049731,243512148.9
2024-09-16 00:20:00,243316499,243425322.2,243089388.2,243104366.3
2024-09-16 00:25:00,243103636.2,243103636.2,242505848.9,242549154.6
2024-09-16 00:30:00,242545761,242546623.9,242360464.9,242360464.9
2024-09-16 00:35:00,242328471.8,242368718.6,242231868,242231868
2024-09-16 00:40:00,242219002,242268002.2,242076355.8,242093923.8
2024-09-16 00:45:00,242106197.7,242123980.4,242028580.5,242028580.5
2024-09-16 00:50:00,242032860.1,242076984.1,242029708,242075660.4
2024-09-16 00:55:00,242075320.6,242735330.8,242050551.7,242593216.1
2024-09-16 01:00:00,242573815.1,242737155,242233052.4,242670632.8
2024-09-16 01:05:00,242667983.8,243047495.7,242659443.9,243047495.7
2024-09-16 01:10:00,243068617.8,243555638,243065603.7,243461856.1
2024-09-16 01:15:00,243462544.4,244645001.1,243402893.4,244627973.2
2024-09-16 01:20:00,244627975.8,244778862.2,244627443.8,244768404.5
2024-09-16 01:25:00,244766570.5,244884413.6,244750860.6,244884072.6
2024-09-16 01:30:00,244881801.5,245076299.1,244880930.2,245075950.6
2024-09-16 01:35:00,245075950.6,245091710.5,245005057.8,245009520.9
2024-09-16 01:40:00,244985394.5,245000061.2,244668373.8,244759968.8
2024-09-16 01:45:00,244760175.5,244909681.9,244754934,244909681.9
2024-09-16 01:50:00,244913337.2,244924979.4,244689595.2,244689595.2
2024-09-16 01:55:00,244688997,244743175.2,244675021.3,244743036
2024-09-16 02:00:00,244736708,244824865.6,244653082.2,244819523
2024-09-16 02:05:00,244821454.8,245151173,244645264.9,244645264.9
2024-09-16 02:10:00,244603144.8,244666534.6,243536769.7,244204821.9
2024-09-16 02:15:00,244244376.4,244431194.9,244085501,244314874
2024-09-16 02:20:00,244387398.6,245291961.5,244387398.6,245291961.5
2024-09-16 02:25:00,245291664.9,245892216.5,245224965.2,245882019.2
2024-09-16 02:30:00,245915761.2,246403181.3,245897836.9,246377885.7
2024-09-16 02:35:00,246359089.8,246370405.7,245808056.9,245817213.1
2024-09-16 02:40:00,245819383.4,245819641.6,245057475.7,245089136.1
2024-09-16 02:45:00,245094737.4,245215748.5,244996572.2,245215748.5
2024-09-16 02:50:00,245214305.5,245216054.1,245118997.3,245211733.9
2024-09-16 02:55:00,245211663.2,245248140.7,245005121.2,245011266.9
2024-09-16 03:00:00,245012282.4,245196628.7,245008281.9,245026152.7
2024-09-16 03:05:00,245027258.6,245129036.6,245007328.5,245072979.4
2024-09-16 03:10:00,245064975.2,245087880.9,244842936.6,244938482.4
2024-09-16 03:15:00,244914762.7,244935966.1,244087096,244196900.4
2024-09-16 03:20:00,244225035.6,244881151,244179199.4,244881151
2024-09-16 03:25:00,244888999.5,245221119.1,244872016.2,245221119.1
2024-09-16 03:30:00,245226730.5,245401032.7,245127070,245401032.7
2024-09-16 03:35:00,245400481.1,245822536.2,245400481.1,245800528.2
2024-09-16 03:40:00,245786270.1,245793464.4,245549722.6,245550550.2
2024-09-16 03:45:00,245549793.2,245748792.7,245540602.3,245748792.7
2024-09-16 03:50:00,245748641.7,245970467.7,245741150.8,245894221.2
2024-09-16 03:55:00,245863361.5,245910884.7,245746349.1,245748187.8
2024-09-16 04:00:00,245763673.3,245776207.9,245685716.3,245691699.1
2024-09-16 04:05:00,245688876.7,245773647.7,245666147.4,245758028.8
2024-09-16 04:10:00,245749308.2,245755394,243932500.4,243932500.4
2024-09-16 04:15:00,243848862.5,244321295,243506097.6,244295569.4
2024-09-16 04:20:00,244296693.4,244689426.7,244244943.9,244647963
2024-09-16 04:25:00,244646376.6,244646376.6,244455533.3,244553103.3
2024-09-16 04:30:00,244570851,244669019.5,244511906.5,244621809.9
2024-09-16 04:35:00,244628443.8,244728069.6,243970812.5,244028563.3
2024-09-16 04:40:00,244027456.6,244119950.7,243992925.6,244107941.2
2024-09-16 04:45:00,244105625.9,244161080.9,243901527.1,243911208.3
2024-09-16 04:50:00,243894866.9,243896395.3,242512307.1,242735932.5
2024-09-16 04:55:00,242823954.1,242911951.7,242793208,242906941.6
2024-09-16 05:00:00,242923751.1,243405335,242923751.1,243405335
2024-09-16 05:05:00,243431049.7,243477255.2,243230475.1,243309741.8
2024-09-16 05:10:00,243299861.3,243299861.3,243035072.3,243066265.7
2024-09-16 05:15:00,243066265.7,243335616.5,243066265.7,243242540.6
2024-09-16 05:20:00,243245185.7,243454764.7,243245185.7,243292049.6
2024-09-16 05:25:00,243292180.9,243324464.2,243191253.4,243191253.4
2024-09-16 05:30:00,243181451.7,243397741.5,243108520.6,243216384.2
2024-09-16 05:35:00,243174788.2,243295180.1,243164507.8,243290766.8
2024-09-16 05:40:00,243280826,243395629.4,243130095.1,243130095.1
2024-09-16 05:45:00,243116746.6,243160716.9,242992634.4,243010072.3
2024-09-16 05:50:00,243000174.8,243030079.4,242575645.6,242625157.1
2024-09-16 05:55:00,242612403.2,242612403.2,240791434.7,240897515.9
2024-09-16 06:00:00,240906260.6,240945949.1,240541431,240674106.8
2024-09-16 06:05:00,240677652.2,240690766.9,240394950.7,240400264.6
2024-09-16 06:10:00,240400288.2,240592371.4,240356607.9,240582474.2
2024-09-16 06:15:00,240582075.4,240721102.6,240580059.4,240717707
2024-09-16 06:20:00,240708669.7,240732783.3,240566100.7,240591969.6
2024-09-16 06:25:00,240588593.1,240805226.9,240563042.9,240804868.5
2024-09-16 06:30:00,240811857.5,241232989.7,240811857.5,240926392.2
2024-09-16 06:35:00,240973948,241053684.9,240755038.5,240816395.5
2024-09-16 06:40:00,240816947,241104393.1,240807198.2,240978320.2
2024-09-16 06:45:00,240999289.5,241187201.7,240980038.6,241179798.6
2024-09-16 06:50:00,241178393.3,241180071,240873825.6,240897891.8
2024-09-16 06:55:00,240880364.2,240961181.2,240607695.4,240705357.9
2024-09-16 07:00:00,240707363.9,240708766,240310077.5,240383454.6
2024-09-16 07:05:00,240366291.2,240671217.8,240366291.2,240625015.1
2024-09-16 07:10:00,240646806.2,241034158.8,240646806.2,240934487
2024-09-16 07:15:00,240934340,241477375.4,240846601.1,241447940.6
2024-09-16 07:20:00,241447672.3,241686144.4,241348751.8,241513353.2
2024-09-16 07:25:00,241508201,241639975.6,241377419.7,241389095.6
2024-09-16 07:30:00,241393497.4,241776373.4,241266281,241731881.4
2024-09-16 07:35:00,241732270,242274394.3,241729883.9,242263166.2
2024-09-16 07:40:00,242247758.8,242440416.8,242215707.5,242423711.3
2024-09-16 07:45:00,242430668,242665852.6,242430668,242590390.7
2024-09-16 07:50:00,242591341.5,242591341.5,242334689.7,242361554.7
2024-09-16 07:55:00,242361794.8,242378996.8,242188646.5,242275186
2024-09-16 08:00:00,242271846.4,242271846.4,242155798.1,242253028.3
2024-09-16 08:05:00,242253509.7,242664502.9,242253509.7,242565478.8
2024-09-16 08:10:00,242576668.2,242757591.5,242476320.4,242701184.3
2024-09-16 08:15:00,242697820.7,242912112.7,242652405.6,242855992
2024-09-16 08:20:00,242856002.4,242959396.3,242558350.2,242959396.3
2024-09-16 08:25:00,242961183,242987037.4,242869259.1,242943393.5
2024-09-16 08:30:00,242944973.3,243009319.9,242761968.9,242838542
2024-09-16 08:35:00,242839349.1,243386038.5,242777574.3,243373166.5
2024-09-16 08:40:00,243381479.9,243523722.2,243355091.3,243440103
2024-09-16 08:45:00,243374977.6,243535422.6,243288477.9,243535422.6
2024-09-16 08:50:00,243535239.4,243535501.5,243158393.2,243186473.1
2024-09-16 08:55:00,243186590.2,243195071.2,243081608.2,243085999.3
2024-09-16 09:00:00,243084452.5,243173816.9,242788546.7,242827065
2024-09-16 09:05:00,242828675.3,243492095.9,242768816,243482062.5
2024-09-16 09:10:00,243500425,243572566.4,243433662.4,243499390.3
2024-09-16 09:15:00,243475945.9,243506398,243247583.7,243252433.8
2024-09-16 09:20:00,243245996.7,243245996.7,243051081.3,243138194.5
2024-09-16 09:25:00,243138681.7,243205074.2,243053703.1,243059296.6
2024-09-16 09:30:00,243059392.4,243303267.7,243010699.2,243223459.6
2024-09-16 09:35:00,243212296.5,243212296.5,242919257.2,242944221.3
2024-09-16 09:40:00,242958060.8,242960470.7,242780544,242792724.8
2024-09-16 09:45:00,242790853.9,242790853.9,242489604.4,242503584
2024-09-16 09:50:00,242501158.5,242849419.5,242102968,242794575.4
2024-09-16 09:55:00,242793754.8,243375768.8,242793754.8,243353136.6
2024-09-16 10:00:00,243353486.1,244682215.5,243262161.5,244609507.6
2024-09-16 10:05:00,244632486.3,245079851.2,244532169.3,245006124.2
2024-09-16 10:10:00,245006831.2,245987882.4,245002134.2,245987882.4
2024-09-16 10:15:00,245980932.2,246547964.5,245972382.7,246503739.9
2024-09-16 10:20:00,246520494,246870772.8,246513632.5,246801925.8
2024-09-16 10:25:00,246845329.3,246931645.2,246753695.6,246835541.1
2024-09-16 10:30:00,246846041.7,246906209.8,246740744.5,246826929.8
2024-09-16 10:35:00,246846024.9,246863958.8,246763637.1,246827556.2
2024-09-16 10:40:00,246827116.5,247327679.8,246734604.5,247301871.1
2024-09-16 10:45:00,247202563,247347361.2,247064997.3,247188845.3
2024-09-16 10:50:00,247179229.3,247254838.3,246897612,246899786
2024-09-16 10:55:00,246899795.1,246919754,246818809.4,246919754
2024-09-16 11:00:00,246905962,246942231.1,246808130.8,246931307.8
2024-09-16 11:05:00,246940305.5,247040046.3,246934644.2,246934644.2
2024-09-16 11:10:00,246934583.5,246977986.5,246835292.8,246977695.1
2024-09-16 11:15:00,246965926,246968101.1,246795309.5,246881594.2
2024-09-16 11:20:00,247017482.9,247017482.9,246605528.5,246605528.5
2024-09-16 11:25:00,246550572.3,246550572.3,245880762.5,245907920.9
2024-09-16 11:30:00,245910235.7,246104068.3,245860537.9,246077257.5
2024-09-16 11:35:00,246077726.3,246077726.3,244868424.6,244922375.4
2024-09-16 11:40:00,244866158,245224021.6,244862040,245039344.7
2024-09-16 11:45:00,245081377.1,245330239.4,245037975.2,245241626.9
2024-09-16 11:50:00,245242089,245244742.6,245125378,245151025.4
2024-09-16 11:55:00,245158442.3,245260506.5,245147085.1,245213010.8
2024-09-16 12:00:00,245205217.1,245295644.9,245116631.6,245225095.7
2024-09-16 12:05:00,245226831.3,245230746,245108938.5,245147810.9
2024-09-16 12:10:00,245147797.5,245151378.4,244930142.5,244941284.2
2024-09-16 12:15:00,244943680.8,244983089.4,244876187.9,244958848.8
2024-09-16 12:20:00,244986512.2,245003520.7,244893540.6,244938758.4
2024-09-16 12:25:00,244962355.1,244962390.2,244785572.9,244785572.9
2024-09-16 12:30:00,244786455.8,244845607.6,244690346.2,244844964.8
2024-09-16 12:35:00,244846550.8,244846550.8,244609685.2,244611451.9
2024-09-16 12:40:00,244613553.8,244670400.6,244074110.5,244126904.6
2024-09-16 12:45:00,244129821.1,244236373.7,243990321.7,244028850.8
2024-09-16 12:50:00,244031459.8,244158108.9,243935834.6,244134982.4
2024-09-16 12:55:00,244142299.8,244158715.8,243877947.6,243878850.5
2024-09-16 13:00:00,243883582,243916203.9,243819566.7,243846132.5
2024-09-16 13:05:00,243835756,243835756,243603566,243742030.1
2024-09-16 13:10:00,243741616.8,243899916.9,243741616.8,243887693
2024-09-16 13:15:00,243889776.2,244100962.9,243888711.1,244078949.8
2024-09-16 13:20:00,244080066.8,244213724.4,244065587.3,244210957.6
2024-09-16 13:25:00,244238766.5,244419863.4,244238766.5,244390689.9
2024-09-16 13:30:00,244392899.8,244439341.5,244371952.2,244416110.1
2024-09-16 13:35:00,244416447.9,244416447.9,244027075.7,244027075.7
2024-09-16 13:40:00,244018868.4,244083607.7,243699396,243699396
2024-09-16 13:45:00,243697612.6,243697612.6,243116883.6,243184509.2
2024-09-16 13:50:00,243182266.6,243506568.5,243182266.6,243436517.3
2024-09-16 13:55:00,243436556.1,243451811.2,243391980.4,243393741.1
2024-09-16 14:00:00,243394052,243512992.1,243394052,243486858.5
2024-09-16 14:05:00,243487053.4,243543015.2,243451933.3,243482663.1
2024-09-16 14:10:00,243482621.2,243508606.7,243284678.4,243285475.9
2024-09-16 14:15:00,243288057,243325028.3,243236824,243240694.1
2024-09-16 14:20:00,243240723.2,243245411.1,243181592.2,243233871
2024-09-16 14:25:00,243218165.9,243218165.9,243066245.1,243066245.1
2024-09-16 14:30:00,243048726.5,243422360.6,243002021.2,243422360.6
2024-09-16 14:35:00,243428754.2,243436544.9,243377006.1,243391526.6
2024-09-16 14:40:00,243422248.2,243431462.7,243333565.2,243344112.4
2024-09-16 14:45:00,243344112.4,243376776.8,243226839.3,243246438.2
2024-09-16 14:50:00,243235692,243240478.6,243198662,243230814.5
2024-09-16 14:55:00,243230546,243240459.4,243120571.7,243120571.7
2024-09-16 15:00:00,243117286.1,243220485.5,243117286.1,243199212.9
2024-09-16 15:05:00,243200699.1,243362625.9,243200699.1,243362625.9
2024-09-16 15:10:00,243363225.6,243375346.1,243245770.7,243262167.6
2024-09-16 15:15:00,243279965.9,243383839.8,243279965.9,243382303.1
2024-09-16 15:20:00,243382302.7,243849477.6,243382302.7,243842380.6
2024-09-16 15:25:00,243835217.1,243879894.9,243766960.9,243773113.5
2024-09-16 15:30:00,243760609.2,243760609.2,243439518,243547553.1
2024-09-16 15:35:00,243545825.3,244168318.2,243529364.5,244166410.6
2024-09-16 15:40:00,244170135,244204259.2,243698039.6,243707012.9
2024-09-16 15:45:00,243740837.1,243838640.3,243735638.2,243790007.9
2024-09-16 15:50:00,243761474.7,243973523.1,243760152.8,243959838
2024-09-16 15:55:00,244037504.1,244168027.9,243916701.1,244033880.4
2024-09-16 16:00:00,244032320.3,244368119,244030954,244187151.6
2024-09-16 16:05:00,244185572.5,244361576.3,244150336,244278622.4
2024-09-16 16:10:00,244269453.4,244289762,244013558.5,244082024.1
2024-09-16 16:15:00,244085169.7,244085169.7,243917323.9,244032773.3
2024-09-16 16:20:00,244033137.4,244131105.7,244017156.4,244033491.9
2024-09-16 16:25:00,244036941.2,244441662.8,244030166.6,244395230.6
2024-09-16 16:30:00,244391348.8,244494861.4,244218999.4,244330091.5
2024-09-16 16:35:00,244326010,244326010,243315179.9,243554769.6
2024-09-16 16:40:00,243546064.2,243604440.1,243250978.3,243346971.2
2024-09-16 16:45:00,243348029.1,243592423.8,243293199.4,243543105.6
2024-09-16 16:50:00,243541275.3,243880875.2,243530960.1,243841916.7
2024-09-16 16:55:00,243835144.9,243947783.6,243817209.2,243928716.8
2024-09-16 17:00:00,243938772.5,244022613.2,243822174.4,244019539.8
2024-09-16 17:05:00,244019513.9,244286296.6,244019513.9,244270633.4
2024-09-16 17:10:00,244278843.7,244367042.5,244196811.4,244200555.5
2024-09-16 17:15:00,244200555.5,244392999.8,244200555.5,244311138.4
2024-09-16 17:20:00,244301168.1,244323184.7,244027604.5,244075656.2
2024-09-16 17:25:00,244098070.2,244183859.4,244070867,244091952
2024-09-16 17:30:00,244075115.9,244170212,243265113.5,243604344
2024-09-16 17:35:00,243639509.5,244517524.9,243639509.5,244512275.8
2024-09-16 17:40:00,244524738.1,244918471.9,244523082.5,244677124.6
2024-09-16 17:45:00,244676974.5,244832855.7,244676974.5,244791239.2
2024-09-16 17:50:00,244791253.5,244812101.9,244438992.1,244770899.3
2024-09-16 17:55:00,244760369.8,244799013.1,244548699,244548699
2024-09-16 18:00:00,244547260.3,244790971.4,244533907.4,244790971.4
2024-09-16 18:05:00,244791231.6,245043862.4,244788383.5,245043862.4
2024-09-16 18:10:00,245047164.6,245252633.6,245017694.8,245252633.6
2024-09-16 18:15:00,245260255.9,245689250.6,245248036.5,245617592.5
2024-09-16 18:20:00,245593142.1,245658406.8,245557077.5,245633973.2
2024-09-16 18:25:00,245646817.5,245654012.6,245339506.1,245339557
2024-09-16 18:30:00,245322513.3,245352067.7,245072108.5,245157804.1
2024-09-16 18:35:00,245162920.5,245325804.4,245135379.8,245247419.7
2024-09-16 18:40:00,245260257.3,245740662.7,245259557.8,245718689.6
2024-09-16 18:45:00,245718716.3,245831564.5,245654878.5,245829818
2024-09-16 18:50:00,245835385.2,245856322.4,245770507.2,245852543.6
2024-09-16 18:55:00,245852522.3,245965122.1,245775563,245785341.3
2024-09-16 19:00:00,245783120.4,245897080.4,245783120.4,245799267
2024-09-16 19:05:00,245783035.9,245846427.2,245632363.1,245692737.1
2024-09-16 19:10:00,245688163.4,245802573.5,245604664.8,245801676.1
2024-09-16 19:15:00,245805335.5,245892177,245805335.5,245877453.9
2024-09-16 19:20:00,245876163.9,246007362.7,245853596.9,246000241.1
2024-09-16 19:25:00,246000736,246023650.5,244933129.7,245002888
2024-09-16 19:30:00,245012725.8,245027949,244599535.9,244677742.5
2024-09-16 19:35:00,244718006.8,244790047.2,244369436.2,244369436.2
2024-09-16 19:40:00,244358466.4,244437542.4,244172481.7,244398816
2024-09-16 19:45:00,244392362,246988468.3,244392362,246970921
2024-09-16 19:50:00,246961323.8,246961323.8,245703901.6,246611064
2024-09-16 19:55:00,246564374.1,246825917.4,245924974.1,246643125.4
2024-09-16 20:00:00,246653077.5,246870889.9,246534575.4,246611791.3
2024-09-16 20:05:00,246661245.3,246964042.2,246517266.3,246861620.1
2024-09-16 20:10:00,246849352.4,247305570.1,246758196.7,247199437.3
2024-09-16 20:15:00,247194778.5,247560347.1,247194778.5,247537336.5
2024-09-16 20:20:00,247488917.4,248043456.6,247488917.4,247881441.7
2024-09-16 20:25:00,247867798.4,248038452,247781482.3,247941587.9
2024-09-16 20:30:00,247890484.8,248075934.3,247683446,247748834
2024-09-16 20:35:00,247775884.4,247822139.4,247656902.7,247702786.7
2024-09-16 20:40:00,247704108.9,247833671.5,247580491.5,247580491.5
2024-09-16 20:45:00,247568717.5,248124530.1,247438403.6,247718135
2024-09-16 20:50:00,247726219.3,247842851.3,247722316.6,247760622.8
2024-09-16 20:55:00,247744533.9,248074449.9,247744533.9,247905336.9
2024-09-16 21:00:00,247918396.5,248100690.5,247410357,247612557.4
2024-09-16 21:05:00,247612296.7,247754814.8,247384292.2,247385935.7
2024-09-16 21:10:00,247394295.4,247394295.4,246409899.9,246447332.4
2024-09-16 21:15:00,246383380.6,246489397.1,246248675.3,246300336.9
2024-09-16 21:20:00,246305546,246363449.1,245573549.7,245626423.3
2024-09-16 21:25:00,245626412.3,245670422.2,245343457.7,245670422.2
2024-09-16 21:30:00,245684573.2,245733815.2,245376982.7,245488222.8
2024-09-16 21:35:00,245507445.2,245539533.2,245280229.5,245330272.1
2024-09-16 21:40:00,245229312.1,245268326.4,244716590.7,244765151.9
2024-09-16 21:45:00,244765662.9,244908043.6,244763271,244908043.6
2024-09-16 21:50:00,244899237,245181257.9,244898969.9,245181257.9
2024-09-16 21:55:00,245180985.2,245302336.3,245165918.2,245291983.6
2024-09-16 22:00:00,245296373.5,245614082.8,245296373.5,245614082.8
2024-09-16 22:05:00,245583631.5,245583631.5,245405835.1,245417731
2024-09-16 22:10:00,245465759.9,245848149,245465759.9,245744971.7
2024-09-16 22:15:00,245760118.8,245906934.5,245760118.8,245796976.2
2024-09-16 22:20:00,245795401.9,246311221,245727834.2,245727834.2
2024-09-16 22:25:00,245722784.8,246107494.4,245610427.2,246107494.4
2024-09-16 22:30:00,246135170.5,246254802.6,245950413,246217744.9
2024-09-16 22:35:00,246216800.5,246457598.3,246191468.4,246450264.8
2024-09-16 22:40:00,246450231,246487947,246222480.5,246238595.6
2024-09-16 22:45:00,246249492.8,247757279.2,246249405,247323752.9
2024-09-16 22:50:00,247299054.3,250692426.3,247254826.5,250665368.7
2024-09-16 22:55:00,250684824.9,251001603.6,248260593.7,248311618.6
2024-09-16 23:00:00,248451180,251357081.6,248429197.5,251120620.2
2024-09-16 23:05:00,251141563.5,251232586,250787964,251082128.1
2024-09-16 23:10:00,251082110.5,252959857.4,250976026.6,252646290.1
2024-09-16 23:15:00,252649292.4,252649292.4,251533621.5,251533621.5
2024-09-16 23:20:00,251535493.7,251566725.8,251386535.8,251510256
2024-09-16 23:25:00,251512055.3,251541681.3,251394119.3,251487115.6
2024-09-16 23:30:00,251481443.5,251512986,250910126.1,250911094.7
2024-09-16 23:35:00,250901162.5,251316359.4,250391957.8,251316359.4
2024-09-16 23:40:00,251318944,251504094.1,251238118.7,251331703.5
2024-09-16 23:45:00,251331554.7,251331554.7,250993948,251132837.8
2024-09-16 23:50:00,251146745.6,251170159.3,250835392.9,250863616.5
2024-09-16 23:55:00,250758566.9,250758566.9,249624589.9,249624589.9
2024-09-17 00:00:00,249624690.3,250568867.6,249624229.2,250492471.3
2024-09-17 00:05:00,250505373.8,250513095.9,250042733.5,250150049.2
2024-09-17 00:10:00,250154077.1,250253767.4,250026518.3,250066246.6
2024-09-17 00:15:00,250124580.3,250148997.3,249961811.1,249978532.5
2024-09-17 00:20:00,249991814.3,250067478.2,249680701.7,249740941.8
2024-09-17 00:25:00,249738106.7,249754503.4,249481656.7,249486421.5
2024-09-17 00:30:00,249489941.5,249633369.4,249194546.6,249199868.9
2024-09-17 00:35:00,249199171,249606554.3,249079979.5,249606554.3
2024-09-17 00:40:00,249566699,249566775.4,248984075,249084996.7
2024-09-17 00:45:00,249086292.4,249480296.6,248565652.2,248566697.1
2024-09-17 00:50:00,248569775.7,248853133.6,248527257.4,248852632.8
2024-09-17 00:55:00,248856809.2,249083976.9,248856809.2,249038761
2024-09-17 01:00:00,249061417.9,249169592.4,248983512,248983512
2024-09-17 01:05:00,249007628.6,249294390.1,248971293.9,249162058.9
2024-09-17 01:10:00,249164037.4,249195395.5,248959434.6,249176087.1
2024-09-17 01:15:00,249176084.4,249470020.8,249170314.7,249465016.4
2024-09-17 01:20:00,249486901.9,249534449.7,249356067.1,249356067.1
2024-09-17 01:25:00,249356084.3,249449478.2,249347922.2,249429135.4
2024-09-17 01:30:00,249429495.5,249488491.8,249373589.1,249475765.7
2024-09-17 01:35:00,249492078.4,249569139.7,249430729.1,249530988.8
2024-09-17 01:40:00,249543817.7,249610197,249502690.7,249610103
2024-09-17 01:45:00,249610480.5,249713402.4,249610480.5,249713402.4
2024-09-17 01:50:00,249715082.8,249846030.2,249664349.3,249844057.5
2024-09-17 01:55:00,249829361.4,249833184.2,249756228.7,249756259.3
2024-09-17 02:00:00,249765575.3,249914584.5,249764284.4,249902833.5
2024-09-17 02:05:00,249904986.6,249982420,249793888.3,249822718.9
2024-09-17 02:10:00,249823005.5,250115098.3,249789106.9,250099442
2024-09-17 02:15:00,250099426.5,250199663.3,250052255.5,250178874.5
2024-09-17 02:20:00,250179220.2,250274775.6,250161222.8,250274775.6
2024-09-17 02:25:00,250277670.2,250466629.7,250276211.8,250460322.4
2024-09-17 02:30:00,250461991.1,250462296.8,250249753.7,250290114.2
2024-09-17 02:35:00,250290875.6,250471112.4,250146592.8,250146592.8
2024-09-17 02:40:00,250146684.3,250187857.5,249772786.8,249867900.9
2024-09-17 02:45:00,249875770.1,250683243.2,249875770.1,250683171.4
2024-09-17 02:50:00,250641111,250641111,250384047.9,250500022.5
2024-09-17 02:55:00,250498636.7,250736946.6,250457089.3,250725321.2
2024-09-17 03:00:00,250724206.1,250802037.2,250678229.5,250788255.1
2024-09-17 03:05:00,250780778.4,250780778.4,250586795.2,250689500.1
2024-09-17 03:10:00,250689777.2,250917101.6,250689777.2,250917001.1
2024-09-17 03:15:00,250926898.5,250955118.7,249172204.2,249209583.7
2024-09-17 03:20:00,249211121,249211121,248870672.4,248870672.4
2024-09-17 03:25:00,248865816.3,249382345.2,248816484.7,249270004.9
2024-09-17 03:30:00,249276039.4,249372224,249116258.3,249282713.5
2024-09-17 03:35:00,249284655.4,249693209.5,249284655.4,249693209.5
2024-09-17 03:40:00,249757318.7,251204307,249686280.1,251204307
2024-09-17 03:45:00,251191770,251237705,251035289.5,251180346.8
2024-09-17 03:50:00,251187741.3,251271176.7,251053520.7,251058684.3
2024-09-17 03:55:00,251020690.9,251146314.4,250814543.9,250819943.1
2024-09-17 04:00:00,250834823.8,251015503.4,250180221.1,250262891.6
2024-09-17 04:05:00,250236091.5,250280655.4,250110121.2,250202610.9
2024-09-17 04:10:00,250199369.2,250291664.8,250102647,250112171.8
2024-09-17 04:15:00,250140587,250304678.2,250140587,250157474.8
2024-09-17 04:20:00,250147419.4,250343141.7,250147419.4,250323804.8
2024-09-17 04:25:00,250342348.6,250385044.9,250272044.4,250301546.7
2024-09-17 04:30:00,250304630.8,250335040,250110958.4,250196414.8
2024-09-17 04:35:00,250185507.9,250239474.3,250150453.3,250173594.2
2024-09-17 04:40:00,250172559.9,250487319.4,250172559.9,250487319.4
2024-09-17 04:45:00,250485706.8,250715815.1,250485537.2,250714433.9
2024-09-17 04:50:00,250690217.2,251037263.1,250599260.2,251033930.1
2024-09-17 04:55:00,251030438.6,251100256.1,250802884.4,250965971.6
2024-09-17 05:00:00,250957069,251026436.6,250928353.3,251002495.3
2024-09-17 05:05:00,251024704.9,251098711.8,251002918.5,251069883.1
2024-09-17 05:10:00,251070034.3,251172707.2,251010264.3,251172598.7
2024-09-17 05:15:00,251161946.2,251205058.2,251133236.9,251139630.7
2024-09-17 05:20:00,251141677.7,251146546.5,251064349.8,251120050.8
2024-09-17 05:25:00,251117627.1,251403909.7,251117627.1,251399827.4
2024-09-17 05:30:00,251399746.1,251473415,251383145.7,251473415
2024-09-17 05:35:00,251468881.4,251492230.5,251394421.5,251460154.2
2024-09-17 05:40:00,251460163,251696303.7,251409816.7,251696303.7
2024-09-17 05:45:00,251695691.7,251709129.3,251543943.3,251543943.3
2024-09-17 05:50:00,251544192.1,251545036.3,251360265.4,251526840
2024-09-17 05:55:00,251526404.2,251756350.9,251526404.2,251756350.9
2024-09-17 06:00:00,251774584.5,251781919.4,251250277.9,251629575.6
2024-09-17 06:05:00,251625081.5,252104887.7,251625081.5,252104887.7
2024-09-17 06:10:00,252103939,252471882.7,252102972.9,252471882.7
2024-09-17 06:15:00,252438036.7,252474496.3,252325086.2,252453382.9
2024-09-17 06:20:00,252452196.4,252694839.7,252323705.3,252691142.8
2024-09-17 06:25:00,252587195.7,253882802.3,252575675.3,253873578.1
2024-09-17 06:30:00,253918141.7,255234257.8,253321630.7,253333735.4
2024-09-17 06:35:00,253288860.1,253580140.2,253274054.8,253514078.4
2024-09-17 06:40:00,253514265.5,253665848.5,253471523.7,253514753.6
2024-09-17 06:45:00,253514508.3,253797821.1,253485246.3,253669498.3
2024-09-17 06:50:00,253805947.9,253828250.3,253635453.2,253753648.5
2024-09-17 06:55:00,253754052.9,254017681.3,253754052.9,254016432.8
2024-09-17 07:00:00,254014984.8,254264810.1,254014984.8,254264810.1
2024-09-17 07:05:00,254265977.7,254267081.3,254208289.4,254224361.8
2024-09-17 07:10:00,254224333.3,254667818.6,254224333.3,254667818.6
2024-09-17 07:15:00,254581961.6,254637064.6,254519034.4,254519034.4
2024-09-17 07:20:00,254519600.7,254635447.8,254519600.7,254608621.7
2024-09-17 07:25:00,254614539.5,254628311.3,254512510.7,254579818.4
2024-09-17 07:30:00,254579601.3,254717292.9,254555379.7,254713608.7
2024-09-17 07:35:00,254713853.2,254760270.2,254636059.3,254698209.9
2024-09-17 07:40:00,254680097.3,254680097.3,254568485.5,254580881.5
2024-09-17 07:45:00,254581032.7,255174190.7,254564407.9,255174190.7
2024-09-17 07:50:00,255141077.5,255230885.7,255058130.9,255213441.7
2024-09-17 07:55:00,255213721.3,255608997.4,255205535.7,255608997.4
2024-09-17 08:00:00,255612296.4,256195260.5,255612296.4,256094934
2024-09-17 08:05:00,256098787.6,256360593.4,256067894.6,256351449.2
2024-09-17 08:10:00,256352315.5,256459677.5,256322763.2,256382343.7
2024-09-17 08:15:00,256389528.7,256439020.1,255803396.4,255807522.1
2024-09-17 08:20:00,255807511.9,256047735.8,255766595,255884036
2024-09-17 08:25:00,255876423.4,256122225.2,255876423.4,256094916.6
2024-09-17 08:30:00,256094930.3,256293917.9,256082885.5,256262430.9
2024-09-17 08:35:00,256257516.2,256425150.2,256257516.2,256425150.2
2024-09-17 08:40:00,256442989.1,256472763.9,256326887.5,256361826.3
2024-09-17 08:45:00,256362390.1,256406134.4,256335065,256368661.8
2024-09-17 08:50:00,256370552,256422281.5,256169053.1,256261082.6
2024-09-17 08:55:00,256265272.1,256273718.5,256041497.7,256042638
2024-09-17 09:00:00,256043330.4,256282111.6,255775158.5,255889326.1
2024-09-17 09:05:00,255878448.7,256084833.2,255826892.2,255911407.6
2024-09-17 09:10:00,255882468.9,255952135.7,255817223.6,255852675.3
2024-09-17 09:15:00,255854919,256464684.7,255742734.9,256347148.5
2024-09-17 09:20:00,256337442.4,256844331.1,256313781.7,256843824.2
2024-09-17 09:25:00,256839891.8,256904734.8,256794895.7,256875376.7
2024-09-17 09:30:00,256875181.5,256951298.8,256871625.6,256876022.1
2024-09-17 09:35:00,256875927.8,257113654.7,256875728.3,257083846.4
2024-09-17 09:40:00,257082051.3,257088303.8,256874284.6,256890374.2
2024-09-17 09:45:00,256898691.2,257230070.6,256895584.2,257230070.6
2024-09-17 09:50:00,257242400.6,257395592.2,257242400.6,257367191.4
2024-09-17 09:55:00,257365709.4,257446819.3,257365709.4,257445667.5
2024-09-17 10:00:00,257447279.1,257566336.2,257447279.1,257471395
2024-09-17 10:05:00,257471491.5,257864482.8,257446806.3,257855755.9
2024-09-17 10:10:00,257847573.4,257928475,257760211,257928475
2024-09-17 10:15:00,257928571.6,258246247.7,257912019.8,258217310.9
2024-09-17 10:20:00,258218098.9,258340324.2,258191919.7,258274612.5
2024-09-17 10:25:00,258310202.6,258501775.9,258204134.7,258467054.5
2024-09-17 10:30:00,258472623.6,259225600.7,258472623.6,259223086.2
2024-09-17 10:35:00,259225030.1,259417097.8,259131107.4,259417097.8
2024-09-17 10:40:00,259601966.9,259985188.9,259593391.2,259985188.9
2024-09-17 10:45:00,259983342,260208461.1,259952702.8,260208461.1
2024-09-17 10:50:00,260209529.7,260847891.7,260190504.3,260847891.7
2024-09-17 10:55:00,260855436.1,260937628.3,260836512,260869822.4
2024-09-17 11:00:00,260874123.4,260986650.1,260874123.4,260981084
2024-09-17 11:05:00,260980925.5,261075383.7,260715886.9,260723993.7
2024-09-17 11:10:00,260717262.4,260751448.2,260647276.9,260647518.1
2024-09-17 11:15:00,260655411.1,260751618.5,260555261.6,260653838.4
2024-09-17 11:20:00,260653889.1,260658978.3,260575759.3,260585711.4
2024-09-17 11:25:00,260603274.1,260658468.2,260486602.1,260658468.2
2024-09-17 11:30:00,260654412.2,260675087.1,260623055.3,260645831.8
2024-09-17 11:35:00,260640515.3,260662028.5,260608896.1,260662028.5
2024-09-17 11:40:00,260669341.2,260779477.1,260178521.3,260235662.3
2024-09-17 11:45:00,260267719.7,260368073.9,260214215.9,260289071.9
2024-09-17 11:50:00,260296455.2,260759423.9,260277881.4,260759423.9
2024-09-17 11:55:00,260761609.5,260937240.7,260761609.5,260913985.1
2024-09-17 12:00:00,260913950.9,261156744.6,260895046.4,261053854.8
2024-09-17 12:05:00,261053697.5,261303402.8,260994341.3,261284280.5
2024-09-17 12:10:00,261285731,261510452.2,261246451.5,261509512.3
2024-09-17 12:15:00,261529564,261682010.1,261501932.1,261590918.9
2024-09-17 12:20:00,261599465.3,261691593.1,261534081,261662914
2024-09-17 12:25:00,261602060.3,261821933.6,261595750.7,261790898.3
2024-09-17 12:30:00,261786797.6,261794983.7,261194892,261284040.2
2024-09-17 12:35:00,261284051.5,261284051.5,261008535.4,261011016.5
2024-09-17 12:40:00,261013367.5,261208056.4,260989104.2,261170539.1
2024-09-17 12:45:00,261176121.1,261295012.4,261175551.9,261287777.8
2024-09-17 12:50:00,261287720.8,261401027.7,261163975.6,261198190.9
2024-09-17 12:55:00,261200303.3,261225778.4,261045402.6,261125192.3
2024-09-17 13:00:00,261129534.2,261193899,261055172.6,261193899
2024-09-17 13:05:00,261061982.6,261092177.8,260781413.6,260869123.5
2024-09-17 13:10:00,260875323.6,260940340.2,260781445.8,260781445.8
2024-09-17 13:15:00,260781343.9,260918321.2,260751318,260766440
2024-09-17 13:20:00,260759687.1,260760703.9,260664358.5,260675746.9
2024-09-17 13:25:00,260675108.7,260742801.2,260661683.6,260664713.7
2024-09-17 13:30:00,260667277,260731711.2,260620833.8,260621480.5
2024-09-17 13:35:00,260617992.8,260815317.2,260617992.8,260815317.2
2024-09-17 13:40:00,260817011.3,260935853.5,260816130.7,260929504.3
2024-09-17 13:45:00,260934801.7,261012322.6,260842657.7,261012322.6
2024-09-17 13:50:00,261018653.4,261075571.9,260905827,261075571.9
2024-09-17 13:55:00,261074730.1,261074730.1,260891621.9,260891621.9
2024-09-17 14:00:00,260891563.6,261008450.5,260644738.7,260755362.3
2024-09-17 14:05:00,260743995.5,260869218.1,260742392,260856100.8
2024-09-17 14:10:00,260869909.5,260945983.3,260816773.3,260945983.3
2024-09-17 14:15:00,260945983.3,261291561.5,260945983.3,261291561.5
2024-09-17 14:20:00,261291639.4,261410037.1,261291481.4,261405174.1
2024-09-17 14:25:00,261403199.4,261454996.9,261399167.7,261451294.5
2024-09-17 14:30:00,261452213.8,261508674.4,261450050,261453580.3
2024-09-17 14:35:00,261473238.1,261569200.2,261449600,261569200.2
2024-09-17 14:40:00,261569200.2,261645526,261557584.1,261644999.2
2024-09-17 14:45:00,261648310.4,261864111,261648310.4,261756335.1
2024-09-17 14:50:00,261756299.7,261969406.5,261572628,261659078.1
2024-09-17 14:55:00,261655312,262006934.9,261589877.3,261962323.7
2024-09-17 15:00:00,261975748.3,263316422.8,261975748.3,263316422.8
2024-09-17 15:05:00,263316139.1,263771601.3,263316139.1,263771601.3
2024-09-17 15:10:00,263770891.9,264180936.6,263764900.9,264180582.5
2024-09-17 15:15:00,264160395.4,264668021.5,264120405.3,264644747.4
2024-09-17 15:20:00,264643869.4,264759702.2,264603264,264742032.2
2024-09-17 15:25:00,264745483.3,265367353.1,264744850.5,265353398.8
2024-09-17 15:30:00,265423550.8,265483533.5,265138616.2,265190552.2
2024-09-17 15:35:00,265191919.7,265199265,265014831,265014831
2024-09-17 15:40:00,265000902.9,265022287.9,264943260.4,264994615.8
2024-09-17 15:45:00,264994251.3,265045908.9,264989047,265026743.2
2024-09-17 15:50:00,265026665.3,265265531,264970728.3,265261321.1
2024-09-17 15:55:00,265229906.3,265273472.6,265160180.8,265181454.7
2024-09-17 16:00:00,265172866.5,265252962.4,265065198.1,265094723.6
2024-09-17 16:05:00,265129871.3,265175920.5,265102466.2,265151898.5
2024-09-17 16:10:00,265154626.6,265270868.7,265058127.6,265268689.5
2024-09-17 16:15:00,265269845.4,265517344.1,265253971.6,265451322.1
2024-09-17 16:20:00,265451500,265689615.2,265451500,265666272
2024-09-17 16:25:00,265666285,265724384.2,265619295.8,265721784
2024-09-17 16:30:00,265723824.5,266051328.3,265570365.8,265570365.8
2024-09-17 16:35:00,265427249.1,265477196.7,265311381.6,265386097.6
2024-09-17 16:40:00,265387297.2,265463256.9,265356629,265463256.9
2024-09-17 16:45:00,265459466.4,265522776,265420687.4,265503224
2024-09-17 16:50:00,265495694.5,265504694.7,264068871.8,264068871.8
2024-09-17 16:55:00,263969295.7,264078663.3,263920390.5,264071171.3
2024-09-17 17:00:00,264078554.7,264508769.6,264078554.7,264508769.6
2024-09-17 17:05:00,264422697.8,265181625.4,264382014.4,265154549.4
2024-09-17 17:10:00,265156474.5,265380116.2,265073119.8,265181579.8
2024-09-17 17:15:00,265271348.2,265354459.3,264885141.1,265010490.5
2024-09-17 17:20:00,265022102.2,265417849.9,264571319.9,264775165.6
2024-09-17 17:25:00,264791781.2,264854581.5,263770397.4,263890204.7
2024-09-17 17:30:00,263886893.7,263964751.1,263253405.3,263253405.3
2024-09-17 17:35:00,263199151.9,263796330,263035868.5,263361905.3
2024-09-17 17:40:00,263415934.3,263882676.1,263415934.3,263730747.8
2024-09-17 17:45:00,263742421.2,264514983.6,263742421.2,264219810.5
2024-09-17 17:50:00,264201579.5,264238402.6,263159728.2,263166248.2
2024-09-17 17:55:00,263116157.5,263389981.1,263116157.5,263210635.8
2024-09-17 18:00:00,263200485,263755539.7,263187202.1,263755539.7
2024-09-17 18:05:00,263806846.8,264347596.4,263802880.2,264344432.4
2024-09-17 18:10:00,264011518.5,264219791.5,263981062.8,264012878.4
2024-09-17 18:15:00,264122388.8,264490772.7,263840832.9,264450202.6
2024-09-17 18:20:00,264447342.7,264814644.4,264253483.4,264777108.1
2024-09-17 18:25:00,264784853.9,264845724.7,264336750.8,264372126.6
2024-09-17 18:30:00,264309478.2,264315253.2,263383451.7,263383451.7
2024-09-17 18:35:00,263344746.2,263478407.6,263223914.7,263282792
2024-09-17 18:40:00,263282896.2,263398708.6,263264928.3,263304505.4
2024-09-17 18:45:00,263342141.3,263586455.3,263326425.9,263353732.9
2024-09-17 18:50:00,263207439.5,263261563.6,262980483.1,263125306.8
2024-09-17 18:55:00,263125013.3,263260108.7,263118963.3,263164700.8
2024-09-17 19:00:00,263164700.8,263219630.8,263022292.8,263022292.8
2024-09-17 19:05:00,262997144.4,263163917,262976529.4,263122987
2024-09-17 19:10:00,263192782.2,263260195,262982513.3,263121722.9
2024-09-17 19:15:00,263127231.1,263206320.8,262416290.7,262564773.4
2024-09-17 19:20:00,262563552.1,262619406.8,262185313.8,262323232.6
2024-09-17 19:25:00,262343862.2,262422364.9,262031223,262162419.1
2024-09-17 19:30:00,262155004.8,262216545,261689429.4,261720349.9
2024-09-17 19:35:00,261678483.8,261678483.8,261488778.6,261568377.9
2024-09-17 19:40:00,261572305.5,261585703.4,261437681.3,261459923.7
2024-09-17 19:45:00,261502243.1,261504615.9,261140321.1,261161412.6
2024-09-17 19:50:00,261167474.9,261180190.6,261007117.6,261179475.3
2024-09-17 19:55:00,261180907.8,261281526.1,261180907.8,261273011.1
2024-09-17 20:00:00,261273520.2,261496295.2,261242718.4,261465721.2
2024-09-17 20:05:00,261477537.3,261499080.3,261314007.1,261347173.3
2024-09-17 20:10:00,261343421,261405215.6,260761648,260806497.7
2024-09-17 20:15:00,260847211.8,261123781.3,260778714.6,261123659.4
2024-09-17 20:20:00,261122415,261298628.5,261088573.4,261190047.5
2024-09-17 20:25:00,261178908.7,261196479.2,261046809.3,261127902.7
2024-09-17 20:30:00,261126873.1,261365633.7,261028298.1,261250711.2
2024-09-17 20:35:00,261297966.5,261555928.7,261260792.5,261521276.8
2024-09-17 20:40:00,261524146.5,261551752.8,261111116.9,261122213.1
2024-09-17 20:45:00,261129101.6,261158104.8,261091358,261147619
2024-09-17 20:50:00,261149562.4,261382550.9,261134051.5,261377087.9
2024-09-17 20:55:00,261368422.7,261386979.1,261274371.4,261344406.6
2024-09-17 21:00:00,261332491,261332491,261089082.2,261174284.4
2024-09-17 21:05:00,261175047.5,261577720.8,261075098.1,261567449.8
2024-09-17 21:10:00,261567481.6,261666389.5,261232591.5,261232591.5
2024-09-17 21:15:00,261227337.3,261731064.6,261155449.2,261582585.6
2024-09-17 21:20:00,261546287.6,261709560,261517914.1,261660223.7
2024-09-17 21:25:00,261661507,261715217.4,261644035.6,261682201.3
2024-09-17 21:30:00,261681439.9,261697883.4,261312365,261312365
2024-09-17 21:35:00,261312900.9,261385022.9,261204452.2,261326936.4
2024-09-17 21:40:00,261327290.5,261358015.8,261255847.4,261260659.9
2024-09-17 21:45:00,261240153.5,261241525.2,260991238.2,260991238.2
2024-09-17 21:50:00,260989823.8,261103470.9,260894527.2,260896699.5
2024-09-17 21:55:00,260891533.4,261260341.7,260850458.8,261234766.2
2024-09-17 22:00:00,261248996.8,261301728.6,261151250.6,261246480.3
2024-09-17 22:05:00,261248297.4,261366799.7,261248297.4,261366496.1
2024-09-17 22:10:00,261344142.7,261376295.2,261333161,261366962.3
2024-09-17 22:15:00,261371738.7,261538418.6,261364281.6,261468014.7
2024-09-17 22:20:00,261466557.5,261466557.5,261382465,261382916.4
2024-09-17 22:25:00,261382926.6,261462549.7,261379564.1,261413598.3
2024-09-17 22:30:00,261413418.4,261460126.7,261207344.6,261212025.4
2024-09-17 22:35:00,261248375,261323631.7,261230930.3,261323247.6
2024-09-17 22:40:00,261327320.9,261473875.2,261124847.5,261183032.3
2024-09-17 22:45:00,261218806.1,261257198.9,259426426.1,259454554.5
2024-09-17 22:50:00,259453164.7,260203698.8,259405281.5,259757151
2024-09-17 22:55:00,259756317.1,259828880.7,259620658.5,259621320.2
2024-09-17 23:00:00,259629429.6,259666068.8,259502423.9,259572775.4
2024-09-17 23:05:00,259576994.2,259576994.2,259050400.3,259099153.3
2024-09-17 23:10:00,259099153.3,259149077.8,259032607.2,259129647.3
2024-09-17 23:15:00,259123930.9,259123930.9,258918443.1,259037367
2024-09-17 23:20:00,259037536.5,259101814.4,259003460.3,259005277.6
2024-09-17 23:25:00,259005277.6,259005489.1,258812035.8,258831440.9
2024-09-17 23:30:00,258836620.3,258910394.2,258836620.3,258847404.1
2024-09-17 23:35:00,258786692.3,258859781.3,258635501,258665540.1
2024-09-17 23:40:00,258678599.6,258748501.5,258607301,258745091.3
2024-09-17 23:45:00,258705389,258772633.6,258539513.9,258731068.4
2024-09-17 23:50:00,258727581,258750880,258504160.3,258531052.5
2024-09-17 23:55:00,258508439.6,258531309.5,258158328.5,258174822.9
2024-09-18 00:00:00,258174316.1,258248650.9,257711868.2,257715305.1
2024-09-18 00:05:00,257715186.5,257762563.7,257671727.9,257761770.3
2024-09-18 00:10:00,257760413.7,257760413.7,257627896.2,257627896.2
2024-09-18 00:15:00,257652973.8,257652973.8,257553321.2,257652276.7
2024-09-18 00:20:00,257657716.5,257704318.5,257582830.4,257582830.4
2024-09-18 00:25:00,257571160.6,257604303.4,257455775.4,257485664.3
2024-09-18 00:30:00,257485693.7,257522953.1,257467493.9,257484037.7
2024-09-18 00:35:00,257481753,257487472.8,257227644,257227644
2024-09-18 00:40:00,257212902.9,257212902.9,256976045.3,257094083.2
2024-09-18 00:45:00,257094169.6,257118880,256954142.5,256954227.9
2024-09-18 00:50:00,256954394.1,256970523,256925735.2,256970523
2024-09-18 00:55:00,256970391.7,257009920.2,256924778.9,256998710.4
2024-09-18 01:00:00,256984032,256984032,256784538.7,256788946.7
2024-09-18 01:05:00,256779914.1,256804355.7,256218426.5,256417952.6
2024-09-18 01:10:00,256425238.1,256531612.2,256422834.6,256492284.6
2024-09-18 01:15:00,256492241.3,256569705.5,256426916.6,256495424.7
2024-09-18 01:20:00,256578903.7,256578903.7,256274550.4,256559349.4
2024-09-18 01:25:00,256566435,256827351.1,256556093.6,256565210.7
2024-09-18 01:30:00,256563609.8,256666970,256394966.2,256648949
2024-09-18 01:35:00,256653294.1,256697220,256629275.6,256629275.6
2024-09-18 01:40:00,256629275.6,256957429.1,256597402.4,256897250.8
2024-09-18 01:45:00,256906552.2,256909598.9,256654411.7,256658630.2
2024-09-18 01:50:00,256660444.2,256678067.1,256440600.8,256485758.3
2024-09-18 01:55:00,256486564.2,256547269.6,256481274.7,256536258.2
2024-09-18 02:00:00,256557778.5,256560268.9,256384167.6,256384266.9
2024-09-18 02:05:00,256391207.6,256392009.7,256172390,256325479.4
2024-09-18 02:10:00,256325380,256330178.3,256184674,256185200.8
2024-09-18 02:15:00,256185136.5,256361422.2,256155214.9,256244367.9
2024-09-18 02:20:00,256244367.9,256273314.9,256144534.3,256189499.4
2024-09-18 02:25:00,256189509.2,256197183.3,256098726.7,256105392
2024-09-18 02:30:00,256105446.7,256163202.7,256077799.5,256131738.4
2024-09-18 02:35:00,256131574.3,256148792.1,256102757.9,256122574.6
2024-09-18 02:40:00,256122590.1,256291702.4,256122590.1,256289442.2
2024-09-18 02:45:00,256256977.5,256282909.6,256207206.1,256209672.9
2024-09-18 02:50:00,256209883.6,256210727.2,256110401.4,256164803.1
2024-09-18 02:55:00,256238551.1,256279539.8,256108111.2,256108111.2
2024-09-18 03:00:00,256093611.1,256145342.6,255873760.6,255950058.1
2024-09-18 03:05:00,255950059.2,256062620.9,255691654.6,255691727.7
2024-09-18 03:10:00,255689279.7,255822658.3,255688016.8,255777056.5
2024-09-18 03:15:00,255770184.2,255814778.7,255631974.6,255646829.3
2024-09-18 03:20:00,255655263.1,255663097.6,255285082.7,255570240.5
2024-09-18 03:25:00,255563040.3,255563054.9,255128446.9,255140374
2024-09-18 03:30:00,255218016.8,255308354.7,255195005,255308320.2
2024-09-18 03:35:00,255311321.6,255361736.6,253780528.6,254204196.9
2024-09-18 03:40:00,254204183.7,254231753.2,254071873.7,254226758.7
2024-09-18 03:45:00,254228214.1,254228214.1,254055884.4,254138501.4
2024-09-18 03:50:00,254159857.1,254352578.6,254128603.5,254286097.8
2024-09-18 03:55:00,254300729,254428264.9,254277034.7,254428264.9
2024-09-18 04:00:00,254428351.2,254596618.6,254398783.9,254589978.7
2024-09-18 04:05:00,254589160.1,254604123.8,254489079.1,254576680.1
2024-09-18 04:10:00,254610476.2,254667826.2,254443216.8,254566107.9
2024-09-18 04:15:00,254517893.5,254518473.2,253840728.1,253840728.1
2024-09-18 04:20:00,253839545.9,253839545.9,253715540,253760522.2
2024-09-18 04:25:00,253739677,253741866.5,253338942.5,253351531.5
2024-09-18 04:30:00,253345833.2,253444415.4,253005451.4,253097323.1
2024-09-18 04:35:00,253087765.9,253182445.9,252725749.6,252862786.8
2024-09-18 04:40:00,252885309.9,252892674.6,251921674.8,252037939.2
2024-09-18 04:45:00,252038224.8,252140168.6,251999786.9,252083061.5
2024-09-18 04:50:00,252194399.9,252531839,252193319.9,252333009.7
2024-09-18 04:55:00,252334935.4,252334935.4,251978884.9,252016261.1
2024-09-18 05:00:00,252013553.3,252211415.9,251918598.9,252054331.4
2024-09-18 05:05:00,252062586.2,252264573.2,251968826.8,251968826.8
2024-09-18 05:10:00,251963861.1,251974800.3,251687790.7,251687790.7
2024-09-18 05:15:00,251732064.1,251771413,251686028.5,251750732.9
2024-09-18 05:20:00,251747406.2,251747406.2,251492059.4,251492059.4
2024-09-18 05:25:00,251491737.7,251491737.7,251360620.4,251360620.4
2024-09-18 05:30:00,251437887.8,251437887.8,251179190.3,251413937.1
2024-09-18 05:35:00,251414980.9,251420411.6,251242843.8,251419758.1
2024-09-18 05:40:00,251406114,251643817.2,251406114,251618865.8
2024-09-18 05:45:00,251641119.1,251905289.5,251577474.2,251837232
2024-09-18 05:50:00,251840709.4,251917841.8,251823014.3,251823048.9
2024-09-18 05:55:00,251818187.3,251863596.1,251745691.2,251786315.6
2024-09-18 06:00:00,251803081.6,251809858.6,251665797.9,251726238.3
2024-09-18 06:05:00,251717462.2,251791075.3,251692598,251692598
2024-09-18 06:10:00,251685177.4,251725810.5,251599243,251599243
2024-09-18 06:15:00,251599243,251604283.5,251509246.2,251595822
2024-09-18 06:20:00,251582010.7,251582020.6,251385044.3,251396051
2024-09-18 06:25:00,251383788.4,251384527.5,251169262.6,251197582.9
2024-09-18 06:30:00,251184841.7,251188053,250893659.5,250904013.7
2024-09-18 06:35:00,250908289.6,251132469.6,250905661.6,251009883.7
2024-09-18 06:40:00,251008279.8,251205963.6,250948938.1,251108357.2
2024-09-18 06:45:00,251114110.5,251154173.9,250982071.8,250998116.1
2024-09-18 06:50:00,250999336.5,251018074,250915454.4,250916500.1
2024-09-18 06:55:00,250916078.1,250917057.1,250751802.8,250752506.6
2024-09-18 07:00:00,250737759,250737759,250415694.8,250415694.8
2024-09-18 07:05:00,250415950.9,250536154.3,250358064.1,250389035.2
2024-09-18 07:10:00,250387618.7,250413664.2,250363639.7,250363639.7
2024-09-18 07:15:00,250447002.1,250465346,250225079.1,250231803.2
2024-09-18 07:20:00,250231495.9,250233788.6,250114179.2,250127628.3
2024-09-18 07:25:00,250128195.5,250143343.5,250077254.3,250143343.5
2024-09-18 07:30:00,250144279.1,250155225,249804221.7,249808538.4
2024-09-18 07:35:00,249795452,249795452,249137140.6,249221770.3
2024-09-18 07:40:00,249224739.8,249256439.5,249039953.9,249251128.4
2024-09-18 07:45:00,249251125.7,249343016.3,249104023.1,249340361
2024-09-18 07:50:00,249340799.1,249618791.7,249334604.7,249491731.7
2024-09-18 07:55:00,249486795.6,249592369.6,249471937.7,249517534.2
2024-09-18 08:00:00,249523218.4,249709696.8,249521665.7,249696850.7
2024-09-18 08:05:00,249704413.4,249857160.3,249596019.8,249823765.4
2024-09-18 08:10:00,249826171.1,249851306.1,249725146.1,249725146.1
2024-09-18 08:15:00,249731290.3,249939180.9,249731290.3,249843339.3
2024-09-18 08:20:00,249843007.5,249883509.4,249808454.1,249883509.4
2024-09-18 08:25:00,249880058.8,250472679.6,249843053.4,250472679.6
2024-09-18 08:30:00,250480578.7,250761586.6,250480578.7,250749090.8
2024-09-18 08:35:00,250789138.8,250867070.3,250789138.8,250867070.3
2024-09-18 08:40:00,250867355.5,250990247.2,250864643.6,250963300.7
2024-09-18 08:45:00,250971109.8,250971109.8,250707852.8,250709625.2
2024-09-18 08:50:00,250711070.8,250773668.1,250679413.9,250773668.1
2024-09-18 08:55:00,250775060.4,250884822.9,250774095,250857395.5
2024-09-18 09:00:00,250853377.9,250855957.9,250224357.7,250224357.7
2024-09-18 09:05:00,250216394.3,250258597.4,250183495.5,250258597.4
2024-09-18 09:10:00,250258114.6,250269587.4,250209386.6,250241526.6
2024-09-18 09:15:00,250432263.9,250437111.8,250032941.8,250034453.1
2024-09-18 09:20:00,250046800.9,250110554.5,249998453.6,250010870.7
2024-09-18 09:25:00,250064443.2,250095208.1,249889452.4,250094722.2
2024-09-18 09:30:00,250089190.7,250089190.7,249913739.6,249928063.5
2024-09-18 09:35:00,249928321.5,249965250,249884955.2,249901726.1
2024-09-18 09:40:00,249894963,250018541.9,249870347.6,249905419.5
2024-09-18 09:45:00,249906098.4,250121705.2,249905614.4,249981324.7
2024-09-18 09:50:00,249999627.3,250067329.3,249995237.4,250026104.1
2024-09-18 09:55:00,250025861.8,250194470.7,250006355.9,250174193.4
2024-09-18 10:00:00,250186282.9,250430224.6,250186282.9,250309659.4
2024-09-18 10:05:00,250309349.5,250490470.5,250309253.3,250396122.2
2024-09-18 10:10:00,250394872.2,250446874.5,250204465,250348959.2
2024-09-18 10:15:00,250324805.4,250508296.7,250203868.1,250394530.9
2024-09-18 10:20:00,250394011,250848966.1,250383958.8,250797200.5
2024-09-18 10:25:00,250801303.4,250851095.2,250673582.9,250677785.8
2024-09-18 10:30:00,250681481.5,250692750.5,250380859.8,250537169.6
2024-09-18 10:35:00,250537473.2,251477411.3,250490996.6,251468252
2024-09-18 10:40:00,251448451.1,251912842.7,251443450.8,251883374.2
2024-09-18 10:45:00,251878898.1,252072556.9,251830052.8,252066558.6
2024-09-18 10:50:00,252076532.7,252082966.2,251635508,251635508
2024-09-18 10:55:00,251593663.7,251686823.8,251559752.3,251680955.4
2024-09-18 11:00:00,251676021.5,251720020.9,251631311.4,251658678.9
2024-09-18 11:05:00,251656658.1,251662566.8,251546276.4,251557669.4
2024-09-18 11:10:00,251555446.3,251555446.3,251322800.9,251322800.9
2024-09-18 11:15:00,251239100.6,251239100.6,251011295,251011295
2024-09-18 11:20:00,251007324.5,251084127.5,250991348.5,251072906.4
2024-09-18 11:25:00,251062418,251087699.2,250892445,250929123
2024-09-18 11:30:00,250927872.9,250981009,250872183.5,250895942.2
2024-09-18 11:35:00,250894510.4,251004794.4,250868930.1,250992342
2024-09-18 11:40:00,250991844.6,251023215.9,250944048.3,250974898.7
2024-09-18 11:45:00,250971869.6,251003235.4,250931644.6,250957632.3
2024-09-18 11:50:00,250956488.2,250978480.5,250844044.5,250930185.8
2024-09-18 11:55:00,250962117.2,251023931.6,250839625.7,250927927.2
2024-09-18 12:00:00,250931549.8,250932052.4,250858498,250873753.6
2024-09-18 12:05:00,250902307.5,250902307.5,250704651.2,250817357.3
2024-09-18 12:10:00,250820564.3,250878403.9,250772070.6,250811773
2024-09-18 12:15:00,250817417.1,250857591.8,250633758.3,250804343
2024-09-18 12:20:00,250796466.7,251205850.3,250796466.7,251200940.7
2024-09-18 12:25:00,251200943.6,251349732,251200524.8,251345473.1
2024-09-18 12:30:00,251345107.9,251402030.1,251257066.9,251257066.9
2024-09-18 12:35:00,251254954,251265351.8,250668685.6,250683046.8
2024-09-18 12:40:00,250688035.9,250690988.5,249947372.3,250299756.5
2024-09-18 12:45:00,250258744.2,250335243.3,250041552.8,250302907.2
2024-09-18 12:50:00,250331501.8,250463427.9,250289151.6,250289151.6
2024-09-18 12:55:00,250301662.9,250332931.9,249725196.6,249726395.1
2024-09-18 13:00:00,249665838.7,249806220.1,249375748.1,249602633.9
2024-09-18 13:05:00,249601815.1,249856114.4,249601430.1,249842926.9
2024-09-18 13:10:00,249870308,249870308,248529427.7,248652055.6
2024-09-18 13:15:00,248598392.4,248749133.3,248510906.7,248635842.4
2024-09-18 13:20:00,248643316,248650534.5,248534655.3,248570192.7
2024-09-18 13:25:00,248554912.7,248726806.9,248554912.7,248581936.9
2024-09-18 13:30:00,248581844.1,249295770.7,248581844.1,249274619.4
2024-09-18 13:35:00,249249554.3,249713475.2,249172667.7,249593633.3
2024-09-18 13:40:00,249595298.9,249749724,249149413.8,249177626.5
2024-09-18 13:45:00,249180355.9,249206205,249124282.2,249140164.2
2024-09-18 13:50:00,249152893.6,249152893.6,248986921.7,249019677.2
2024-09-18 13:55:00,248994283,249033138.1,248964435.8,248990184.2
2024-09-18 14:00:00,248962099.6,249476102.6,248961818.1,249301228.9
2024-09-18 14:05:00,249300449.6,249367827.3,249140278.2,249169106.5
2024-09-18 14:10:00,249178426.9,249892481.7,249157096.1,249844948.9
2024-09-18 14:15:00,249846632.4,249934151,249569993.1,249871929.9
2024-09-18 14:20:00,249858957.5,249858957.5,249422605,249422605
2024-09-18 14:25:00,249425102.2,249694037.5,249398121.2,249602675.4
2024-09-18 14:30:00,249508674.6,249676968.5,249487007.1,249563164.9
2024-09-18 14:35:00,249565817.7,249725415.1,249561524.9,249693721.6
2024-09-18 14:40:00,249695797.7,249696581.6,249624750.1,249657343
2024-09-18 14:45:00,249662784.4,249663276.5,249494164.7,249503409
2024-09-18 14:50:00,249505904.7,249522629.1,249342009.7,249353044
2024-09-18 14:55:00,249352186.8,249352186.8,248563698.1,248689035.8
2024-09-18 15:00:00,248607973.8,248633203.9,248369923.8,248369923.8
2024-09-18 15:05:00,248365701.8,248365701.8,248076966.4,248076966.4
2024-09-18 15:10:00,248074652.8,248152173,247845504,247845504
2024-09-18 15:15:00,247845609.1,247855002.6,247583196.9,247771256.5
2024-09-18 15:20:00,247772311.5,248014218.4,247720371.6,248014218.4
2024-09-18 15:25:00,248014218.4,248215836.1,247956143.8,248014361.3
2024-09-18 15:30:00,247993089.7,248009954.6,247708095.8,247853841.3
2024-09-18 15:35:00,247860653.9,248140872.8,247859622.1,248128271.4
2024-09-18 15:40:00,248122327.4,248179828.2,247815352.4,247817642.7
2024-09-18 15:45:00,247821028,247925822.5,247718188.2,247728994.3
2024-09-18 15:50:00,247742617.4,247927599.6,247742617.4,247927599.6
2024-09-18 15:55:00,247950008.1,248140184.5,247950008.1,248103169.9
2024-09-18 16:00:00,248103002.8,248588799.7,248103002.8,248588799.7
2024-09-18 16:05:00,248548415.5,248619255.2,248460786.1,248531706.8
2024-09-18 16:10:00,248527390.5,248596212.4,248402958.3,248427053.1
2024-09-18 16:15:00,248408340.6,248447005.7,248223971.1,248301211.1
2024-09-18 16:20:00,248305101.8,248413829.6,248278784.1,248315063.6
2024-09-18 16:25:00,248337506.3,248349195.1,248159547.5,248186763.9
2024-09-18 16:30:00,248310421.8,248311093,247818904,247818904
2024-09-18 16:35:00,247805323.3,247805323.3,247170451.7,247475177.8
2024-09-18 16:40:00,247441116.2,247495780.9,246963349.3,246995824
2024-09-18 16:45:00,246961877.6,247158658,246881061.4,247135939
2024-09-18 16:50:00,247132990.3,247132990.3,246574937.6,246715590.2
2024-09-18 16:55:00,246754133.6,246915856.2,246510809.4,246510809.4
2024-09-18 17:00:00,246555351.5,246783735.5,246294459.8,246294847.2
2024-09-18 17:05:00,246279434.6,246811171.9,246279434.6,246809189.8
2024-09-18 17:10:00,246820275.7,246838914.8,246566120.2,246605912.9
2024-09-18 17:15:00,246587188.6,246658739.7,246059671.2,246059671.2
2024-09-18 17:20:00,246046853,246046853,245794689.3,245937774.8
2024-09-18 17:25:00,245927947.9,245927947.9,245675901.5,245697885.3
2024-09-18 17:30:00,245662857.8,245912202.7,245508261.9,245908077.2
2024-09-18 17:35:00,245908612.5,246017679.7,245887795.4,245915478.8
2024-09-18 17:40:00,245934246.6,246159751.9,245821769.2,245835922
2024-09-18 17:45:00,245807182.2,245833741.1,245762002.5,245775784
2024-09-18 17:50:00,245775018.1,245788626,245639313,245639313
2024-09-18 17:55:00,245641688.6,245641688.6,245490211.4,245490211.4
2024-09-18 18:00:00,245489955.9,245526141.1,245451333.4,245457837.5
2024-09-18 18:05:00,245461737,245531657.8,245298845.2,245312271.8
2024-09-18 18:10:00,245303561.8,245361181.8,245066637.4,245071752.8
2024-09-18 18:15:00,245072915.2,245083237.8,244773195.3,244854178.9
2024-09-18 18:20:00,244858630.1,244872840.4,244691837.7,244700598.7
2024-09-18 18:25:00,244701902.8,244729755.6,244316692.6,244325625.4
2024-09-18 18:30:00,244471150.3,244585186,244213520.4,244453944.1
2024-09-18 18:35:00,244465271.3,244513364.9,244291111.1,244291111.1
2024-09-18 18:40:00,244289542.5,244329304.6,243338223.4,243530325.2
2024-09-18 18:45:00,243509934.2,243609038.6,243093891.9,243093891.9
2024-09-18 18:50:00,243092296.5,243092296.5,242311012,242311012
2024-09-18 18:55:00,242299977.7,242397689.2,242194371.1,242213762.7
2024-09-18 19:00:00,242209945.1,242395120.4,241914231.7,242139903.8
2024-09-18 19:05:00,242185595.4,242185595.4,241484124.1,241612301.5
2024-09-18 19:10:00,241610236.7,241610236.7,241311573.2,241336468
2024-09-18 19:15:00,241328262.5,241328262.5,241133443.3,241148646.6
2024-09-18 19:20:00,241158690.9,241158690.9,240886132.7,240887751.4
2024-09-18 19:25:00,240859147.3,240876169.5,240750964.1,240788199.8
2024-09-18 19:30:00,240770321,240770321,240368829.9,240368829.9
2024-09-18 19:35:00,240349718.8,240367029.3,239884729,239885624.1
2024-09-18 19:40:00,239951135.3,239979072.6,239899624.3,239966356.1
2024-09-18 19:45:00,240030679.5,240030679.5,239841721.3,239850955.8
2024-09-18 19:50:00,239865989.3,239868377.7,239467290.2,239467290.2
2024-09-18 19:55:00,239466741.1,239481902.5,239364271.4,239481902.5
2024-09-18 20:00:00,239481676.5,239786963.4,239481676.5,239786963.4
2024-09-18 20:05:00,239744436.2,239848791.5,239672034.2,239689885.3
2024-09-18 20:10:00,239689814.8,239697268.3,238988941.2,238988941.2
2024-09-18 20:15:00,238989206.8,239110758.7,238989206.8,239070952.4
2024-09-18 20:20:00,239073734.4,239347441.2,239045127.6,239280533.4
2024-09-18 20:25:00,239265272.6,239322809.7,239222289.3,239278064.4
2024-09-18 20:30:00,239257039,239377793.9,239257039,239362814.8
2024-09-18 20:35:00,239360859.8,239367710.7,239159299.4,239184173.8
2024-09-18 20:40:00,239177743.9,239178475,239017435.6,239122675.6
2024-09-18 20:45:00,239122830.5,239228589.2,238736987.7,238770254.9
2024-09-18 20:50:00,238764560,238773552.1,237878502.2,237878502.2
2024-09-18 20:55:00,237877588.1,238102248.1,237748006.5,237801223.8
2024-09-18 21:00:00,237835819.4,237835819.4,236573041.7,236741179.8
2024-09-18 21:05:00,236755817.7,237397296.5,236755817.7,237226771.2
2024-09-18 21:10:00,237138174.3,237314902.2,236581345.6,237280739.5
2024-09-18 21:15:00,237272237.4,239272062.3,237272237.4,239242949.8
2024-09-18 21:20:00,239252576.8,240517028.8,239128334.3,240132104.4
2024-09-18 21:25:00,240347825,241911178.8,240347825,241810628.5
2024-09-18 21:30:00,241856435.5,242873311.7,241790412.4,242310458
2024-09-18 21:35:00,242137876.5,242238563.5,241489367.5,241788035.7
2024-09-18 21:40:00,241773914.7,242446007.2,241298927.4,242146916.2
2024-09-18 21:45:00,242243008.8,243671400.2,242142298.5,243671400.2
2024-09-18 21:50:00,243855680.9,243918403,243675351.6,243676630
2024-09-18 21:55:00,243678667.5,243979075,243665249.1,243743239.5
2024-09-18 22:00:00,243758693.9,244638797.9,243758693.9,244105930.4
2024-09-18 22:05:00,244396216,244756915.9,244396216,244678473.7
2024-09-18 22:10:00,244679835.5,244941283.1,244647769.8,244776404.9
2024-09-18 22:15:00,244698630.2,244720592.8,244478667.1,244518345.6
2024-09-18 22:20:00,244518345.6,244540999.6,244211406.8,244410710.2
2024-09-18 22:25:00,244439803,244688008.5,244311646.9,244648721
2024-09-18 22:30:00,244689089.4,244745349.3,244171350.5,244302474.4
2024-09-18 22:35:00,244276376.3,244298064.2,244202189.4,244298064.2
2024-09-18 22:40:00,244301090,244301090,244057742.3,244071705.5
2024-09-18 22:45:00,244044003.9,244144539.5,243978119.3,243995307.6
2024-09-18 22:50:00,243993959.8,244131699.1,243959598.9,243981305.5
2024-09-18 22:55:00,243994247.8,244145275,243966506.3,244141079
2024-09-18 23:00:00,244133834.9,244147812.3,244034806.8,244098542.8
2024-09-18 23:05:00,244087580.2,244129896.8,244070157.1,244112276.4
2024-09-18 23:10:00,244109545,244253389.6,244109545,244253389.6
2024-09-18 23:15:00,244243495.1,244349995,244203370.9,244347758.6
2024-09-18 23:20:00,244357159.5,244587672.1,244346722.7,244564086.8
2024-09-18 23:25:00,244554623.4,244577778.1,244356090.9,244356090.9
2024-09-18 23:30:00,244354575.2,244491161.2,244323561.7,244400785.7
2024-09-18 23:35:00,244398973.4,244554843,244332096,244344776.4
2024-09-18 23:40:00,244342809.5,244519618.9,244342809.5,244467958.4
2024-09-18 23:45:00,244468841.2,244671802.8,244400678.1,244625374.3
2024-09-18 23:50:00,244615356.1,244744480.4,244615356.1,244744301
2024-09-18 23:55:00,244744376.3,244834096.3,244736267.9,244766706.8
2024-09-19 00:00:00,244765765.4,244809716.6,244568962.1,244569858
