2024-09-14 00:00:00,1.0292,50.72,49.28
2024-09-14 00:05:00,1.0251,50.62,49.38
2024-09-14 00:10:00,1.0251,50.62,49.38
2024-09-14 00:15:00,1.0614,51.49,48.51
2024-09-14 00:20:00,1.0597,51.45,48.55
2024-09-14 00:25:00,1.061,51.48,48.52
2024-09-14 00:30:00,1.0674,51.63,48.37
2024-09-14 00:35:00,1.0648,51.57,48.43
2024-09-14 00:40:00,1.0665,51.61,48.39
2024-09-14 00:45:00,1.064,51.55,48.45
2024-09-14 00:50:00,1.0589,51.43,48.57
2024-09-14 00:55:00,1.0589,51.43,48.57
2024-09-14 01:00:00,1.0585,51.42,48.58
2024-09-14 01:05:00,1.067,51.62,48.38
2024-09-14 01:15:00,1.0627,51.52,48.48
2024-09-14 01:15:00,1.0627,51.52,48.48
2024-09-14 01:20:00,1.0492,51.2,48.8
2024-09-14 01:25:00,1.0619,51.5,48.5
2024-09-14 01:30:00,1.0585,51.42,48.58
2024-09-14 01:35:00,1.0517,51.26,48.74
2024-09-14 01:40:00,1.05,51.22,48.78
2024-09-14 01:45:00,1.0483,51.18,48.82
2024-09-14 01:50:00,1.0471,51.15,48.85
2024-09-14 01:55:00,1.0467,51.14,48.86
2024-09-14 02:00:00,1.045,51.1,48.9
2024-09-14 02:05:00,1.0329,50.81,49.19
2024-09-14 02:10:00,1.0288,50.71,49.29
2024-09-14 02:15:00,1.0214,50.53,49.47
2024-09-14 02:20:00,1.019,50.47,49.53
2024-09-14 02:25:00,1.0157,50.39,49.61
2024-09-14 02:30:00,1.0133,50.33,49.67
2024-09-14 02:35:00,1.0113,50.28,49.72
2024-09-14 02:40:00,1.0121,50.3,49.7
2024-09-14 02:45:00,1.0076,50.19,49.81
2024-09-14 02:50:00,1.006,50.15,49.85
2024-09-14 02:55:00,1.0032,50.08,49.92
2024-09-14 03:00:00,0.9984,49.96,50.04
2024-09-14 03:05:00,1.0008,50.02,49.98
2024-09-14 03:10:00,1.0004,50.01,49.99
2024-09-14 03:15:00,0.9992,49.98,50.02
2024-09-14 03:20:00,0.9964,49.91,50.09
2024-09-14 03:25:00,0.9964,49.91,50.09
2024-09-14 03:30:00,0.9932,49.83,50.17
2024-09-14 03:35:00,0.9865,49.66,50.34
2024-09-14 03:40:00,0.9806,49.51,50.49
2024-09-14 03:45:00,0.9771,49.42,50.58
2024-09-14 03:50:00,0.9759,49.39,50.61
2024-09-14 03:55:00,0.9724,49.3,50.7
2024-09-14 04:00:00,0.9701,49.24,50.76
2024-09-14 04:05:00,0.9697,49.23,50.77
2024-09-14 04:10:00,0.9693,49.22,50.78
2024-09-14 04:15:00,0.9689,49.21,50.79
2024-09-14 04:20:00,0.9673,49.17,50.83
2024-09-14 04:25:00,0.9673,49.17,50.83
2024-09-14 04:30:00,0.9673,49.17,50.83
2024-09-14 04:35:00,0.9639,49.08,50.92
2024-09-14 04:40:00,0.9639,49.08,50.92
2024-09-14 04:45:00,0.9619,49.03,50.97
2024-09-14 04:50:00,0.9589,48.95,51.05
2024-09-14 04:55:00,0.9577,48.92,51.08
2024-09-14 05:00:00,0.9566,48.89,51.11
2024-09-14 05:05:00,0.9577,48.92,51.08
2024-09-14 05:10:00,0.9562,48.88,51.12
2024-09-14 05:15:00,0.9577,48.92,51.08
2024-09-14 05:20:00,0.9577,48.92,51.08
2024-09-14 05:25:00,0.9566,48.89,51.11
2024-09-14 05:30:00,0.9562,48.88,51.12
2024-09-14 05:35:00,0.9554,48.86,51.14
2024-09-14 05:40:00,0.952,48.77,51.23
2024-09-14 05:45:00,0.9501,48.72,51.28
2024-09-14 05:50:00,0.9448,48.58,51.42
2024-09-14 05:55:00,0.9399,48.45,51.55
2024-09-14 06:00:00,0.935,48.32,51.68
2024-09-14 06:05:00,0.9357,48.34,51.66
2024-09-14 06:10:00,0.9361,48.35,51.65
2024-09-14 06:15:00,0.9361,48.35,51.65
2024-09-14 06:20:00,0.938,48.4,51.6
2024-09-14 06:25:00,0.9395,48.44,51.56
2024-09-14 06:30:00,0.9402,48.46,51.54
2024-09-14 06:35:00,0.9406,48.47,51.53
2024-09-14 06:40:00,0.9391,48.43,51.57
2024-09-14 06:45:00,0.9387,48.42,51.58
2024-09-14 06:50:00,0.938,48.4,51.6
2024-09-14 06:55:00,0.9369,48.37,51.63
2024-09-14 07:00:00,0.938,48.4,51.6
2024-09-14 07:05:00,0.9365,48.36,51.64
2024-09-14 07:10:00,0.9346,48.31,51.69
2024-09-14 07:15:00,0.9339,48.29,51.71
2024-09-14 07:20:00,0.9316,48.23,51.77
2024-09-14 07:25:00,0.9309,48.21,51.79
2024-09-14 07:30:00,0.9316,48.23,51.77
2024-09-14 07:35:00,0.9312,48.22,51.78
2024-09-14 07:40:00,0.9305,48.2,51.8
2024-09-14 07:45:00,0.9279,48.13,51.87
2024-09-14 07:50:00,0.9283,48.14,51.86
2024-09-14 07:55:00,0.922,47.97,52.03
2024-09-14 08:00:00,0.9201,47.92,52.08
2024-09-14 08:05:00,0.9186,47.88,52.12
2024-09-14 08:10:00,0.919,47.89,52.11
2024-09-14 08:15:00,0.9209,47.94,52.06
2024-09-14 08:20:00,0.9179,47.86,52.14
2024-09-14 08:25:00,0.9128,47.72,52.28
2024-09-14 08:35:00,0.9106,47.66,52.34
2024-09-14 08:35:00,0.9106,47.66,52.34
2024-09-14 08:40:00,0.915,47.78,52.22
2024-09-14 08:45:00,0.9168,47.83,52.17
2024-09-14 08:50:00,0.9186,47.88,52.12
2024-09-14 08:55:00,0.9172,47.84,52.16
2024-09-14 09:00:00,0.9113,47.68,52.32
2024-09-14 09:05:00,0.9179,47.86,52.14
2024-09-14 09:10:00,0.9201,47.92,52.08
2024-09-14 09:15:00,0.922,47.97,52.03
2024-09-14 09:20:00,0.9234,48.01,51.99
2024-09-14 09:25:00,0.9231,48,52
2024-09-14 09:30:00,0.9234,48.01,51.99
2024-09-14 09:35:00,0.9238,48.02,51.98
2024-09-14 09:40:00,0.9198,47.91,52.09
2024-09-14 09:45:00,0.919,47.89,52.11
2024-09-14 09:50:00,0.9275,48.12,51.88
2024-09-14 09:55:00,0.9305,48.2,51.8
2024-09-14 10:00:00,0.9316,48.23,51.77
2024-09-14 10:05:00,0.9309,48.21,51.79
2024-09-14 10:10:00,0.9305,48.2,51.8
2024-09-14 10:15:00,0.9305,48.2,51.8
2024-09-14 10:20:00,0.9339,48.29,51.71
2024-09-14 10:25:00,0.9357,48.34,51.66
2024-09-14 10:30:00,0.9406,48.47,51.53
2024-09-14 10:35:00,0.9562,48.88,51.12
2024-09-14 10:40:00,0.965,49.11,50.89
2024-09-14 10:45:00,0.9658,49.13,50.87
2024-09-14 10:50:00,0.9677,49.18,50.82
2024-09-14 10:55:00,0.9689,49.21,50.79
2024-09-14 11:00:00,0.9689,49.21,50.79
2024-09-14 11:05:00,0.967,49.16,50.84
2024-09-14 11:10:00,0.9646,49.1,50.9
2024-09-14 11:15:00,0.9635,49.07,50.93
2024-09-14 11:20:00,0.9639,49.08,50.92
2024-09-14 11:25:00,0.9612,49.01,50.99
2024-09-14 11:30:00,0.9566,48.89,51.11
2024-09-14 11:35:00,0.9577,48.92,51.08
2024-09-14 11:40:00,0.9585,48.94,51.06
2024-09-14 11:45:00,0.9577,48.92,51.08
2024-09-14 11:50:00,0.9558,48.87,51.13
2024-09-14 11:55:00,0.9558,48.87,51.13
2024-09-14 12:00:00,0.9558,48.87,51.13
2024-09-14 12:05:00,0.9589,48.95,51.05
2024-09-14 12:10:00,0.9627,49.05,50.95
2024-09-14 12:15:00,0.9639,49.08,50.92
2024-09-14 12:20:00,0.9635,49.07,50.93
2024-09-14 12:25:00,0.9631,49.06,50.94
2024-09-14 12:30:00,0.9631,49.06,50.94
2024-09-14 12:35:00,0.9619,49.03,50.97
2024-09-14 12:40:00,0.9612,49.01,50.99
2024-09-14 12:45:00,0.9596,48.97,51.03
2024-09-14 12:50:00,0.9535,48.81,51.19
2024-09-14 12:55:00,0.9569,48.9,51.1
2024-09-14 13:00:00,0.9639,49.08,50.92
2024-09-14 13:05:00,0.9639,49.08,50.92
2024-09-14 13:10:00,0.9646,49.1,50.9
2024-09-14 13:15:00,0.9643,49.09,50.91
2024-09-14 13:20:00,0.965,49.11,50.89
2024-09-14 13:25:00,0.9658,49.13,50.87
2024-09-14 13:30:00,0.9662,49.14,50.86
2024-09-14 13:35:00,0.9662,49.14,50.86
2024-09-14 13:40:00,0.9673,49.17,50.83
2024-09-14 13:45:00,0.9689,49.21,50.79
2024-09-14 13:50:00,0.9623,49.04,50.96
2024-09-14 14:00:00,0.9631,49.06,50.94
2024-09-14 14:00:00,0.9631,49.06,50.94
2024-09-14 14:05:00,0.955,48.85,51.15
2024-09-14 14:10:00,0.9547,48.84,51.16
2024-09-14 14:15:00,0.9547,48.84,51.16
2024-09-14 14:20:00,0.9612,49.01,50.99
2024-09-14 14:25:00,0.9616,49.02,50.98
2024-09-14 14:30:00,0.9666,49.15,50.85
2024-09-14 14:35:00,0.9724,49.3,50.7
2024-09-14 14:40:00,0.9728,49.31,50.69
2024-09-14 14:45:00,0.9716,49.28,50.72
2024-09-14 14:50:00,0.9685,49.2,50.8
2024-09-14 14:55:00,0.9767,49.41,50.59
2024-09-14 15:00:00,0.9806,49.51,50.49
2024-09-14 15:05:00,0.9798,49.49,50.51
2024-09-14 15:10:00,0.9861,49.65,50.35
2024-09-14 15:15:00,1.0004,50.01,49.99
2024-09-14 15:20:00,1.0076,50.19,49.81
2024-09-14 15:25:00,1.0117,50.29,49.71
2024-09-14 15:30:00,1.0239,50.59,49.41
2024-09-14 15:35:00,1.0255,50.63,49.37
2024-09-14 15:40:00,1.0247,50.61,49.39
2024-09-14 15:45:00,1.0239,50.59,49.41
2024-09-14 15:50:00,1.0325,50.8,49.2
2024-09-14 15:55:00,1.0354,50.87,49.13
2024-09-14 16:00:00,1.0358,50.88,49.12
2024-09-14 16:05:00,1.035,50.86,49.14
2024-09-14 16:10:00,1.0325,50.8,49.2
2024-09-14 16:15:00,1.0346,50.85,49.15
2024-09-14 16:20:00,1.0317,50.78,49.22
2024-09-14 16:25:00,1.0338,50.83,49.17
2024-09-14 16:30:00,1.0338,50.83,49.17
2024-09-14 16:35:00,1.0358,50.88,49.12
2024-09-14 16:40:00,1.0387,50.95,49.05
2024-09-14 16:45:00,1.0408,51,49
2024-09-14 16:50:00,1.0425,51.04,48.96
2024-09-14 16:55:00,1.0458,51.12,48.88
2024-09-14 17:00:00,1.0513,51.25,48.75
2024-09-14 17:05:00,1.0551,51.34,48.66
2024-09-14 17:10:00,1.0542,51.32,48.68
2024-09-14 17:15:00,1.0525,51.28,48.72
2024-09-14 17:20:00,1.0525,51.28,48.72
2024-09-14 17:25:00,1.0585,51.42,48.58
2024-09-14 17:30:00,1.0777,51.87,48.13
2024-09-14 17:35:00,1.0899,52.15,47.85
2024-09-14 17:40:00,1.0912,52.18,47.82
2024-09-14 17:45:00,1.0925,52.21,47.79
2024-09-14 17:50:00,1.0951,52.27,47.73
2024-09-14 17:55:00,1.0995,52.37,47.63
2024-09-14 18:00:00,1.1017,52.42,47.58
2024-09-14 18:05:00,1.1004,52.39,47.61
2024-09-14 18:10:00,1.1026,52.44,47.56
2024-09-14 18:15:00,1.1044,52.48,47.52
2024-09-14 18:25:00,1.1044,52.48,47.52
2024-09-14 18:25:00,1.1044,52.48,47.52
2024-09-14 18:30:00,1.107,52.54,47.46
2024-09-14 18:35:00,1.1084,52.57,47.43
2024-09-14 18:40:00,1.1088,52.58,47.42
2024-09-14 18:45:00,1.1075,52.55,47.45
2024-09-14 18:50:00,1.103,52.45,47.55
2024-09-14 18:55:00,1.1035,52.46,47.54
2024-09-14 19:00:00,1.1048,52.49,47.51
2024-09-14 19:05:00,1.1035,52.46,47.54
2024-09-14 19:10:00,1.1057,52.51,47.49
2024-09-14 19:15:00,1.1079,52.56,47.44
2024-09-14 19:20:00,1.1133,52.68,47.32
2024-09-14 19:25:00,1.1155,52.73,47.27
2024-09-14 19:30:00,1.1142,52.7,47.3
2024-09-14 19:35:00,1.1133,52.68,47.32
2024-09-14 19:40:00,1.1119,52.65,47.35
2024-09-14 19:45:00,1.1128,52.67,47.33
2024-09-14 19:50:00,1.1164,52.75,47.25
2024-09-14 19:55:00,1.1169,52.76,47.24
2024-09-14 20:00:00,1.1182,52.79,47.21
2024-09-14 20:05:00,1.1186,52.8,47.2
2024-09-14 20:10:00,1.1177,52.78,47.22
2024-09-14 20:15:00,1.1177,52.78,47.22
2024-09-14 20:20:00,1.1173,52.77,47.23
2024-09-14 20:25:00,1.1177,52.78,47.22
2024-09-14 20:30:00,1.1177,52.78,47.22
2024-09-14 20:35:00,1.1155,52.73,47.27
2024-09-14 20:40:00,1.1137,52.69,47.31
2024-09-14 20:45:00,1.1137,52.69,47.31
2024-09-14 20:50:00,1.1133,52.68,47.32
2024-09-14 20:55:00,1.1106,52.62,47.38
2024-09-14 21:00:00,1.1106,52.62,47.38
2024-09-14 21:05:00,1.1079,52.56,47.44
2024-09-14 21:10:00,1.0773,51.86,48.14
2024-09-14 21:15:00,1.0756,51.82,48.18
2024-09-14 21:20:00,1.0812,51.95,48.05
2024-09-14 21:25:00,1.0851,52.04,47.96
2024-09-14 21:30:00,1.0825,51.98,48.02
2024-09-14 21:35:00,1.0838,52.01,47.99
2024-09-14 21:40:00,1.0846,52.03,47.97
2024-09-14 21:45:00,1.0872,52.09,47.91
2024-09-14 21:50:00,1.0859,52.06,47.94
2024-09-14 21:55:00,1.0877,52.1,47.9
2024-09-14 22:00:00,1.0899,52.15,47.85
2024-09-14 22:05:00,1.0872,52.09,47.91
2024-09-14 22:10:00,1.0855,52.05,47.95
2024-09-14 22:15:00,1.0846,52.03,47.97
2024-09-14 22:20:00,1.0859,52.06,47.94
2024-09-14 22:25:00,1.0859,52.06,47.94
2024-09-14 22:30:00,1.0881,52.11,47.89
2024-09-14 22:35:00,1.0872,52.09,47.91
2024-09-14 22:40:00,1.0864,52.07,47.93
2024-09-14 22:45:00,1.0868,52.08,47.92
2024-09-14 22:50:00,1.0864,52.07,47.93
2024-09-14 22:55:00,1.0851,52.04,47.96
2024-09-14 23:00:00,1.0842,52.02,47.98
2024-09-14 23:05:00,1.0851,52.04,47.96
2024-09-14 23:10:00,1.0851,52.04,47.96
2024-09-14 23:15:00,1.0825,51.98,48.02
2024-09-14 23:20:00,1.0816,51.96,48.04
2024-09-14 23:25:00,1.0833,52,48
2024-09-14 23:30:00,1.0995,52.37,47.63
2024-09-14 23:35:00,1.0995,52.37,47.63
2024-09-14 23:40:00,1.0986,52.35,47.65
2024-09-14 23:45:00,1.0991,52.36,47.64
2024-09-14 23:50:00,1.0978,52.33,47.67
2024-09-14 23:55:00,1.0986,52.35,47.65
2024-09-15 00:05:00,1.1,52.38,47.62
2024-09-15 00:05:00,1.1,52.38,47.62
2024-09-15 00:10:00,1.1008,52.4,47.6
2024-09-15 00:15:00,1.1017,52.42,47.58
2024-09-15 00:20:00,1.1017,52.42,47.58
2024-09-15 00:25:00,1.1026,52.44,47.56
2024-09-15 00:30:00,1.1039,52.47,47.53
2024-09-15 00:35:00,1.1022,52.43,47.57
2024-09-15 00:40:00,1.1022,52.43,47.57
2024-09-15 00:45:00,1.0995,52.37,47.63
2024-09-15 00:50:00,1.0991,52.36,47.64
2024-09-15 00:55:00,1.1004,52.39,47.61
2024-09-15 01:00:00,1.1017,52.42,47.58
2024-09-15 01:05:00,1.1061,52.52,47.48
2024-09-15 01:10:00,1.1039,52.47,47.53
2024-09-15 01:15:00,1.1017,52.42,47.58
2024-09-15 01:20:00,1.1004,52.39,47.61
2024-09-15 01:25:00,1.1013,52.41,47.59
2024-09-15 01:30:00,1.1013,52.41,47.59
2024-09-15 01:35:00,1.1004,52.39,47.61
2024-09-15 01:40:00,1.1004,52.39,47.61
2024-09-15 01:45:00,1.1004,52.39,47.61
2024-09-15 01:50:00,1.1004,52.39,47.61
2024-09-15 01:55:00,1.1,52.38,47.62
2024-09-15 02:00:00,1.0995,52.37,47.63
2024-09-15 02:05:00,1.1,52.38,47.62
2024-09-15 02:10:00,1.1004,52.39,47.61
2024-09-15 02:15:00,1.0986,52.35,47.65
2024-09-15 02:20:00,1.0982,52.34,47.66
2024-09-15 02:25:00,1.0969,52.31,47.69
2024-09-15 02:30:00,1.0956,52.28,47.72
2024-09-15 02:35:00,1.0956,52.28,47.72
2024-09-15 02:40:00,1.096,52.29,47.71
2024-09-15 02:45:00,1.096,52.29,47.71
2024-09-15 02:50:00,1.0964,52.3,47.7
2024-09-15 02:55:00,1.0973,52.32,47.68
2024-09-15 03:00:00,1.0973,52.32,47.68
2024-09-15 03:05:00,1.0978,52.33,47.67
2024-09-15 03:10:00,1.0982,52.34,47.66
2024-09-15 03:15:00,1.0995,52.37,47.63
2024-09-15 03:20:00,1.0991,52.36,47.64
2024-09-15 03:25:00,1.0978,52.33,47.67
2024-09-15 03:30:00,1.1008,52.4,47.6
2024-09-15 03:35:00,1.1026,52.44,47.56
2024-09-15 03:40:00,1.1022,52.43,47.57
2024-09-15 03:45:00,1.103,52.45,47.55
2024-09-15 03:50:00,1.1044,52.48,47.52
2024-09-15 03:55:00,1.1035,52.46,47.54
2024-09-15 04:00:00,1.107,52.54,47.46
2024-09-15 04:05:00,1.1026,52.44,47.56
2024-09-15 04:10:00,1.1017,52.42,47.58
2024-09-15 04:15:00,1.1035,52.46,47.54
2024-09-15 04:20:00,1.1169,52.76,47.24
2024-09-15 04:25:00,1.1209,52.85,47.15
2024-09-15 04:30:00,1.1204,52.84,47.16
2024-09-15 04:35:00,1.1209,52.85,47.15
2024-09-15 04:40:00,1.1204,52.84,47.16
2024-09-15 04:45:00,1.1182,52.79,47.21
2024-09-15 04:50:00,1.1177,52.78,47.22
2024-09-15 04:55:00,1.116,52.74,47.26
2024-09-15 05:00:00,1.1155,52.73,47.27
2024-09-15 05:05:00,1.1142,52.7,47.3
2024-09-15 05:10:00,1.1124,52.66,47.34
2024-09-15 05:15:00,1.1084,52.57,47.43
2024-09-15 05:20:00,1.1035,52.46,47.54
2024-09-15 05:25:00,1.1026,52.44,47.56
2024-09-15 05:30:00,1.1017,52.42,47.58
2024-09-15 05:35:00,1.1017,52.42,47.58
2024-09-15 05:40:00,1.1026,52.44,47.56
2024-09-15 05:45:00,1.1022,52.43,47.57
2024-09-15 05:50:00,1.1026,52.44,47.56
2024-09-15 05:55:00,1.1026,52.44,47.56
2024-09-15 06:00:00,1.103,52.45,47.55
2024-09-15 06:05:00,1.1022,52.43,47.57
2024-09-15 06:10:00,1.0995,52.37,47.63
2024-09-15 06:15:00,1.0973,52.32,47.68
2024-09-15 06:20:00,1.0978,52.33,47.67
2024-09-15 06:25:00,1.0964,52.3,47.7
2024-09-15 06:30:00,1.0947,52.26,47.74
2024-09-15 06:35:00,1.0925,52.21,47.79
2024-09-15 06:40:00,1.0894,52.14,47.86
2024-09-15 06:45:00,1.089,52.13,47.87
2024-09-15 06:50:00,1.0872,52.09,47.91
2024-09-15 06:55:00,1.0859,52.06,47.94
2024-09-15 07:00:00,1.0838,52.01,47.99
2024-09-15 07:05:00,1.0838,52.01,47.99
2024-09-15 07:10:00,1.0833,52,48
2024-09-15 07:15:00,1.0842,52.02,47.98
2024-09-15 07:20:00,1.0842,52.02,47.98
2024-09-15 07:30:00,1.0838,52.01,47.99
2024-09-15 07:30:00,1.0838,52.01,47.99
2024-09-15 07:35:00,1.0781,51.88,48.12
2024-09-15 07:40:00,1.0777,51.87,48.13
2024-09-15 07:45:00,1.0747,51.8,48.2
2024-09-15 07:50:00,1.0717,51.73,48.27
2024-09-15 07:55:00,1.0713,51.72,48.28
2024-09-15 08:00:00,1.0691,51.67,48.33
2024-09-15 08:05:00,1.0683,51.65,48.35
2024-09-15 08:10:00,1.0683,51.65,48.35
2024-09-15 08:15:00,1.0683,51.65,48.35
2024-09-15 08:20:00,1.0678,51.64,48.36
2024-09-15 08:25:00,1.0683,51.65,48.35
2024-09-15 08:30:00,1.0695,51.68,48.32
2024-09-15 08:35:00,1.0704,51.7,48.3
2024-09-15 08:40:00,1.0713,51.72,48.28
2024-09-15 08:45:00,1.0717,51.73,48.27
2024-09-15 08:50:00,1.0717,51.73,48.27
2024-09-15 08:55:00,1.0717,51.73,48.27
2024-09-15 09:00:00,1.0708,51.71,48.29
2024-09-15 09:05:00,1.0704,51.7,48.3
2024-09-15 09:10:00,1.0721,51.74,48.26
2024-09-15 09:15:00,1.07,51.69,48.31
2024-09-15 09:20:00,1.0691,51.67,48.33
2024-09-15 09:25:00,1.0691,51.67,48.33
2024-09-15 09:30:00,1.0678,51.64,48.36
2024-09-15 09:35:00,1.0674,51.63,48.37
2024-09-15 09:40:00,1.0683,51.65,48.35
2024-09-15 09:45:00,1.0678,51.64,48.36
2024-09-15 09:50:00,1.0678,51.64,48.36
2024-09-15 09:55:00,1.0683,51.65,48.35
2024-09-15 10:00:00,1.0695,51.68,48.32
2024-09-15 10:05:00,1.0708,51.71,48.29
2024-09-15 10:10:00,1.0708,51.71,48.29
2024-09-15 10:15:00,1.0717,51.73,48.27
2024-09-15 10:20:00,1.0691,51.67,48.33
2024-09-15 10:25:00,1.0691,51.67,48.33
2024-09-15 10:30:00,1.0695,51.68,48.32
2024-09-15 10:35:00,1.0708,51.71,48.29
2024-09-15 10:40:00,1.0713,51.72,48.28
2024-09-15 10:45:00,1.0721,51.74,48.26
2024-09-15 10:50:00,1.0717,51.73,48.27
2024-09-15 10:55:00,1.0721,51.74,48.26
2024-09-15 11:00:00,1.073,51.76,48.24
2024-09-15 11:05:00,1.0734,51.77,48.23
2024-09-15 11:10:00,1.0734,51.77,48.23
2024-09-15 11:15:00,1.0721,51.74,48.26
2024-09-15 11:20:00,1.0717,51.73,48.27
2024-09-15 11:25:00,1.0678,51.64,48.36
2024-09-15 11:30:00,1.0653,51.58,48.42
2024-09-15 11:35:00,1.0661,51.6,48.4
2024-09-15 11:40:00,1.0657,51.59,48.41
2024-09-15 11:45:00,1.0648,51.57,48.43
2024-09-15 11:50:00,1.0644,51.56,48.44
2024-09-15 11:55:00,1.0644,51.56,48.44
2024-09-15 12:00:00,1.0623,51.51,48.49
2024-09-15 12:05:00,1.061,51.48,48.52
2024-09-15 12:10:00,1.061,51.48,48.52
2024-09-15 12:15:00,1.0597,51.45,48.55
2024-09-15 12:20:00,1.0593,51.44,48.56
2024-09-15 12:25:00,1.0589,51.43,48.57
2024-09-15 12:30:00,1.0602,51.46,48.54
2024-09-15 12:35:00,1.061,51.48,48.52
2024-09-15 12:40:00,1.061,51.48,48.52
2024-09-15 12:45:00,1.061,51.48,48.52
2024-09-15 12:50:00,1.0597,51.45,48.55
2024-09-15 12:55:00,1.0525,51.28,48.72
2024-09-15 13:00:00,1.0496,51.21,48.79
2024-09-15 13:05:00,1.05,51.22,48.78
2024-09-15 13:10:00,1.0462,51.13,48.87
2024-09-15 13:15:00,1.0433,51.06,48.94
2024-09-15 13:25:00,1.0416,51.02,48.98
2024-09-15 13:25:00,1.0416,51.02,48.98
2024-09-15 13:30:00,1.0325,50.8,49.2
2024-09-15 13:35:00,1.0268,50.66,49.34
2024-09-15 13:40:00,1.0329,50.81,49.19
2024-09-15 13:45:00,1.0354,50.87,49.13
2024-09-15 13:50:00,1.0379,50.93,49.07
2024-09-15 13:55:00,1.0387,50.95,49.05
2024-09-15 14:00:00,1.04,50.98,49.02
2024-09-15 14:05:00,1.0383,50.94,49.06
2024-09-15 14:10:00,1.0329,50.81,49.19
2024-09-15 14:15:00,1.0292,50.72,49.28
2024-09-15 14:20:00,1.0284,50.7,49.3
2024-09-15 14:25:00,1.0296,50.73,49.27
2024-09-15 14:30:00,1.0342,50.84,49.16
2024-09-15 14:35:00,1.0362,50.89,49.11
2024-09-15 14:40:00,1.0362,50.89,49.11
2024-09-15 14:45:00,1.0404,50.99,49.01
2024-09-15 14:50:00,1.0421,51.03,48.97
2024-09-15 14:55:00,1.0458,51.12,48.88
2024-09-15 15:00:00,1.0458,51.12,48.88
2024-09-15 15:05:00,1.0442,51.08,48.92
2024-09-15 15:10:00,1.0429,51.05,48.95
2024-09-15 15:15:00,1.0421,51.03,48.97
2024-09-15 15:20:00,1.0425,51.04,48.96
2024-09-15 15:25:00,1.0458,51.12,48.88
2024-09-15 15:30:00,1.0488,51.19,48.81
2024-09-15 15:35:00,1.0534,51.3,48.7
2024-09-15 15:40:00,1.0542,51.32,48.68
2024-09-15 15:45:00,1.0547,51.33,48.67
2024-09-15 15:50:00,1.0572,51.39,48.61
2024-09-15 15:55:00,1.0576,51.4,48.6
2024-09-15 16:00:00,1.061,51.48,48.52
2024-09-15 16:05:00,1.0636,51.54,48.46
2024-09-15 16:10:00,1.0653,51.58,48.42
2024-09-15 16:15:00,1.0674,51.63,48.37
2024-09-15 16:20:00,1.0678,51.64,48.36
2024-09-15 16:25:00,1.0846,52.03,47.97
2024-09-15 16:30:00,1.0816,51.96,48.04
2024-09-15 16:35:00,1.0812,51.95,48.05
2024-09-15 16:40:00,1.0812,51.95,48.05
2024-09-15 16:45:00,1.0799,51.92,48.08
2024-09-15 16:50:00,1.0781,51.88,48.12
2024-09-15 16:55:00,1.0738,51.78,48.22
2024-09-15 17:00:00,1.0747,51.8,48.2
2024-09-15 17:05:00,1.0786,51.89,48.11
2024-09-15 17:10:00,1.079,51.9,48.1
2024-09-15 17:15:00,1.0764,51.84,48.16
2024-09-15 17:20:00,1.0708,51.71,48.29
2024-09-15 17:25:00,1.0738,51.78,48.22
2024-09-15 17:30:00,1.076,51.83,48.17
2024-09-15 17:35:00,1.0786,51.89,48.11
2024-09-15 17:40:00,1.0781,51.88,48.12
2024-09-15 17:45:00,1.076,51.83,48.17
2024-09-15 17:50:00,1.0756,51.82,48.18
2024-09-15 17:55:00,1.0773,51.86,48.14
2024-09-15 18:00:00,1.0764,51.84,48.16
2024-09-15 18:05:00,1.0803,51.93,48.07
2024-09-15 18:10:00,1.0738,51.78,48.22
2024-09-15 18:15:00,1.0674,51.63,48.37
2024-09-15 18:20:00,1.0674,51.63,48.37
2024-09-15 18:25:00,1.0678,51.64,48.36
2024-09-15 18:30:00,1.067,51.62,48.38
2024-09-15 18:35:00,1.0661,51.6,48.4
2024-09-15 18:40:00,1.0648,51.57,48.43
2024-09-15 18:45:00,1.0657,51.59,48.41
2024-09-15 18:50:00,1.0631,51.53,48.47
2024-09-15 18:55:00,1.0636,51.54,48.46
2024-09-15 19:00:00,1.064,51.55,48.45
2024-09-15 19:05:00,1.0593,51.44,48.56
2024-09-15 19:10:00,1.0521,51.27,48.73
2024-09-15 19:15:00,1.0479,51.17,48.83
2024-09-15 19:20:00,1.0509,51.24,48.76
2024-09-15 19:25:00,1.053,51.29,48.71
2024-09-15 19:30:00,1.0555,51.35,48.65
2024-09-15 19:35:00,1.0589,51.43,48.57
2024-09-15 19:40:00,1.0602,51.46,48.54
2024-09-15 19:45:00,1.0623,51.51,48.49
2024-09-15 19:50:00,1.0661,51.6,48.4
2024-09-15 19:55:00,1.0678,51.64,48.36
2024-09-15 20:00:00,1.0678,51.64,48.36
2024-09-15 20:05:00,1.0717,51.73,48.27
2024-09-15 20:10:00,1.076,51.83,48.17
2024-09-15 20:15:00,1.0683,51.65,48.35
2024-09-15 20:20:00,1.0721,51.74,48.26
2024-09-15 20:25:00,1.0743,51.79,48.21
2024-09-15 20:30:00,1.079,51.9,48.1
2024-09-15 20:35:00,1.0816,51.96,48.04
2024-09-15 20:40:00,1.0842,52.02,47.98
2024-09-15 20:45:00,1.0838,52.01,47.99
2024-09-15 20:50:00,1.0864,52.07,47.93
2024-09-15 20:55:00,1.0886,52.12,47.88
2024-09-15 21:00:00,1.0925,52.21,47.79
2024-09-15 21:05:00,1.0964,52.3,47.7
2024-09-15 21:10:00,1.0986,52.35,47.65
2024-09-15 21:15:00,1.0986,52.35,47.65
2024-09-15 21:20:00,1.096,52.29,47.71
2024-09-15 21:25:00,1.0969,52.31,47.69
2024-09-15 21:30:00,1.1,52.38,47.62
2024-09-15 21:35:00,1.103,52.45,47.55
2024-09-15 21:40:00,1.1053,52.5,47.5
2024-09-15 21:45:00,1.107,52.54,47.46
2024-09-15 21:50:00,1.107,52.54,47.46
2024-09-15 21:55:00,1.1093,52.59,47.41
2024-09-15 22:00:00,1.1151,52.72,47.28
2024-09-15 22:05:00,1.1182,52.79,47.21
2024-09-15 22:10:00,1.1137,52.69,47.31
2024-09-15 22:15:00,1.1119,52.65,47.35
2024-09-15 22:20:00,1.1115,52.64,47.36
2024-09-15 22:25:00,1.111,52.63,47.37
2024-09-15 22:30:00,1.1137,52.69,47.31
2024-09-15 22:35:00,1.1155,52.73,47.27
2024-09-15 22:40:00,1.116,52.74,47.26
2024-09-15 22:45:00,1.116,52.74,47.26
2024-09-15 22:50:00,1.1151,52.72,47.28
2024-09-15 22:55:00,1.1155,52.73,47.27
2024-09-15 23:00:00,1.1169,52.76,47.24
2024-09-15 23:05:00,1.1169,52.76,47.24
2024-09-15 23:15:00,1.116,52.74,47.26
2024-09-15 23:15:00,1.116,52.74,47.26
2024-09-15 23:20:00,1.1204,52.84,47.16
2024-09-15 23:25:00,1.1218,52.87,47.13
2024-09-15 23:30:00,1.1182,52.79,47.21
2024-09-15 23:35:00,1.1182,52.79,47.21
2024-09-15 23:40:00,1.1186,52.8,47.2
2024-09-15 23:45:00,1.1186,52.8,47.2
2024-09-15 23:50:00,1.1195,52.82,47.18
2024-09-15 23:55:00,1.1191,52.81,47.19
2024-09-16 00:00:00,1.1191,52.81,47.19
2024-09-16 00:05:00,1.1066,52.53,47.47
2024-09-16 00:10:00,1.1079,52.56,47.44
2024-09-16 00:15:00,1.1093,52.59,47.41
2024-09-16 00:20:00,1.1119,52.65,47.35
2024-09-16 00:25:00,1.1115,52.64,47.36
2024-09-16 00:30:00,1.1124,52.66,47.34
2024-09-16 00:35:00,1.1137,52.69,47.31
2024-09-16 00:40:00,1.1151,52.72,47.28
2024-09-16 00:45:00,1.1195,52.82,47.18
2024-09-16 00:50:00,1.1213,52.86,47.14
2024-09-16 00:55:00,1.1218,52.87,47.13
2024-09-16 01:00:00,1.124,52.92,47.08
2024-09-16 01:05:00,1.1272,52.99,47.01
2024-09-16 01:10:00,1.1249,52.94,47.06
2024-09-16 01:15:00,1.1259,52.96,47.04
2024-09-16 01:20:00,1.1331,53.12,46.88
2024-09-16 01:25:00,1.134,53.14,46.86
2024-09-16 01:30:00,1.1358,53.18,46.82
2024-09-16 01:35:00,1.1409,53.29,46.71
2024-09-16 01:40:00,1.1432,53.34,46.66
2024-09-16 01:45:00,1.1427,53.33,46.67
2024-09-16 01:50:00,1.1445,53.37,46.63
2024-09-16 01:55:00,1.1455,53.39,46.61
2024-09-16 02:00:00,1.1464,53.41,46.59
2024-09-16 02:05:00,1.1358,53.18,46.82
2024-09-16 02:10:00,1.1349,53.16,46.84
2024-09-16 02:15:00,1.172,53.96,46.04
2024-09-16 02:20:00,1.1853,54.24,45.76
2024-09-16 02:25:00,1.1959,54.46,45.54
2024-09-16 02:30:00,1.1964,54.47,45.53
2024-09-16 02:35:00,1.1983,54.51,45.49
2024-09-16 02:40:00,1.2017,54.58,45.42
2024-09-16 02:45:00,1.206,54.67,45.33
2024-09-16 02:50:00,1.208,54.71,45.29
2024-09-16 02:55:00,1.2119,54.79,45.21
2024-09-16 03:00:00,1.2124,54.8,45.2
2024-09-16 03:05:00,1.1997,54.54,45.46
2024-09-16 03:10:00,1.2036,54.62,45.38
2024-09-16 03:15:00,1.1973,54.49,45.51
2024-09-16 03:20:00,1.1978,54.5,45.5
2024-09-16 03:25:00,1.1997,54.54,45.46
2024-09-16 03:30:00,1.2031,54.61,45.39
2024-09-16 03:35:00,1.2056,54.66,45.34
2024-09-16 03:40:00,1.2163,54.88,45.12
2024-09-16 03:45:00,1.2306,55.17,44.83
2024-09-16 03:50:00,1.2366,55.29,44.71
2024-09-16 03:55:00,1.2422,55.4,44.6
2024-09-16 04:00:00,1.2472,55.5,44.5
2024-09-16 04:05:00,1.2533,55.62,44.38
2024-09-16 04:10:00,1.2543,55.64,44.36
2024-09-16 04:15:00,1.2594,55.74,44.26
2024-09-16 04:20:00,1.2727,56,44
2024-09-16 04:25:00,1.2805,56.15,43.85
2024-09-16 04:30:00,1.2894,56.32,43.68
2024-09-16 04:35:00,1.3031,56.58,43.42
2024-09-16 04:40:00,1.3063,56.64,43.36
2024-09-16 04:45:00,1.31,56.71,43.29
2024-09-16 04:50:00,1.3164,56.83,43.17
2024-09-16 04:55:00,1.3272,57.03,42.97
2024-09-16 05:00:00,1.3277,57.04,42.96
2024-09-16 05:05:00,1.331,57.1,42.9
2024-09-16 05:10:00,1.3386,57.24,42.76
2024-09-16 05:15:00,1.3397,57.26,42.74
2024-09-16 05:20:00,1.3441,57.34,42.66
2024-09-16 05:25:00,1.3546,57.53,42.47
2024-09-16 05:30:00,1.3607,57.64,42.36
2024-09-16 05:35:00,1.3607,57.64,42.36
2024-09-16 05:40:00,1.3685,57.78,42.22
2024-09-16 05:45:00,1.3725,57.85,42.15
2024-09-16 05:50:00,1.377,57.93,42.07
2024-09-16 05:55:00,1.3815,58.01,41.99
2024-09-16 06:00:00,1.3912,58.18,41.82
2024-09-16 06:05:00,1.3901,58.16,41.84
2024-09-16 06:10:00,1.3918,58.19,41.81
2024-09-16 06:15:00,1.3981,58.3,41.7
2024-09-16 06:20:00,1.4114,58.53,41.47
2024-09-16 06:25:00,1.419,58.66,41.34
2024-09-16 06:30:00,1.426,58.78,41.22
2024-09-16 06:35:00,1.4498,59.18,40.82
2024-09-16 06:45:00,1.4582,59.32,40.68
2024-09-16 06:45:00,1.4582,59.32,40.68
2024-09-16 06:50:00,1.4722,59.55,40.45
2024-09-16 06:55:00,1.4826,59.72,40.28
2024-09-16 07:00:00,1.49,59.84,40.16
2024-09-16 07:05:00,1.4845,59.75,40.25
2024-09-16 07:10:00,1.4808,59.69,40.31
2024-09-16 07:15:00,1.4845,59.75,40.25
2024-09-16 07:20:00,1.4876,59.8,40.2
2024-09-16 07:25:00,1.4876,59.8,40.2
2024-09-16 07:30:00,1.4913,59.86,40.14
2024-09-16 07:35:00,1.4888,59.82,40.18
2024-09-16 07:40:00,1.4969,59.95,40.05
2024-09-16 07:45:00,1.4969,59.95,40.05
2024-09-16 07:50:00,1.4956,59.93,40.07
2024-09-16 07:55:00,1.4975,59.96,40.04
2024-09-16 08:00:00,1.495,59.92,40.08
2024-09-16 08:05:00,1.5031,60.05,39.95
2024-09-16 08:10:00,1.5145,60.23,39.77
2024-09-16 08:15:00,1.5221,60.35,39.65
2024-09-16 08:20:00,1.524,60.38,39.62
2024-09-16 08:25:00,1.5374,60.59,39.41
2024-09-16 08:30:00,1.5497,60.78,39.22
2024-09-16 08:35:00,1.553,60.83,39.17
2024-09-16 08:40:00,1.5549,60.86,39.14
2024-09-16 08:45:00,1.5575,60.9,39.1
2024-09-16 08:50:00,1.5674,61.05,38.95
2024-09-16 08:55:00,1.57,61.09,38.91
2024-09-16 09:00:00,1.57,61.09,38.91
2024-09-16 09:05:00,1.572,61.12,38.88
2024-09-16 09:10:00,1.588,61.36,38.64
2024-09-16 09:15:00,1.6015,61.56,38.44
2024-09-16 09:20:00,1.6055,61.62,38.38
2024-09-16 09:25:00,1.6035,61.59,38.41
2024-09-16 09:30:00,1.6021,61.57,38.43
2024-09-16 09:35:00,1.6076,61.65,38.35
2024-09-16 09:40:00,1.6082,61.66,38.34
2024-09-16 09:45:00,1.6076,61.65,38.35
2024-09-16 09:50:00,1.6048,61.61,38.39
2024-09-16 09:55:00,1.6042,61.6,38.4
2024-09-16 10:00:00,1.6069,61.64,38.36
2024-09-16 10:05:00,1.6123,61.72,38.28
2024-09-16 10:10:00,1.6185,61.81,38.19
2024-09-16 10:15:00,1.6192,61.82,38.18
2024-09-16 10:20:00,1.6192,61.82,38.18
2024-09-16 10:25:00,1.6226,61.87,38.13
2024-09-16 10:30:00,1.633,62.02,37.98
2024-09-16 10:35:00,1.6392,62.11,37.89
2024-09-16 10:40:00,1.6371,62.08,37.92
2024-09-16 10:45:00,1.633,62.02,37.98
2024-09-16 10:50:00,1.6378,62.09,37.91
2024-09-16 10:55:00,1.6413,62.14,37.86
2024-09-16 11:00:00,1.6413,62.14,37.86
2024-09-16 11:05:00,1.6427,62.16,37.84
2024-09-16 11:10:00,1.6371,62.08,37.92
2024-09-16 11:15:00,1.6392,62.11,37.89
2024-09-16 11:20:00,1.6413,62.14,37.86
2024-09-16 11:25:00,1.6434,62.17,37.83
2024-09-16 11:30:00,1.6371,62.08,37.92
2024-09-16 11:35:00,1.633,62.02,37.98
2024-09-16 11:40:00,1.6233,61.88,38.12
2024-09-16 11:45:00,1.6205,61.84,38.16
2024-09-16 11:50:00,1.6144,61.75,38.25
2024-09-16 11:55:00,1.6103,61.69,38.31
2024-09-16 12:00:00,1.6028,61.58,38.42
2024-09-16 12:05:00,1.5988,61.52,38.48
2024-09-16 12:10:00,1.6021,61.57,38.43
2024-09-16 12:15:00,1.6021,61.57,38.43
2024-09-16 12:20:00,1.594,61.45,38.55
2024-09-16 12:25:00,1.574,61.15,38.85
2024-09-16 12:30:00,1.5681,61.06,38.94
2024-09-16 12:35:00,1.5595,60.93,39.07
2024-09-16 12:40:00,1.5484,60.76,39.24
2024-09-16 12:45:00,1.5426,60.67,39.33
2024-09-16 12:50:00,1.5323,60.51,39.49
2024-09-16 12:55:00,1.5316,60.5,39.5
2024-09-16 13:00:00,1.5323,60.51,39.49
2024-09-16 13:05:00,1.5329,60.52,39.48
2024-09-16 13:10:00,1.5265,60.42,39.58
2024-09-16 13:20:00,1.5284,60.45,39.55
2024-09-16 13:20:00,1.5284,60.45,39.55
2024-09-16 13:25:00,1.5497,60.78,39.22
2024-09-16 13:30:00,1.551,60.8,39.2
2024-09-16 13:35:00,1.5549,60.86,39.14
2024-09-16 13:40:00,1.5569,60.89,39.11
2024-09-16 13:45:00,1.5747,61.16,38.84
2024-09-16 13:50:00,1.5994,61.53,38.47
2024-09-16 13:55:00,1.6008,61.55,38.45
2024-09-16 14:00:00,1.6035,61.59,38.41
2024-09-16 14:05:00,1.6137,61.74,38.26
2024-09-16 14:10:00,1.6144,61.75,38.25
2024-09-16 14:15:00,1.6151,61.76,38.24
2024-09-16 14:20:00,1.6212,61.85,38.15
2024-09-16 14:25:00,1.6254,61.91,38.09
2024-09-16 14:30:00,1.6123,61.72,38.28
2024-09-16 14:35:00,1.6103,61.69,38.31
2024-09-16 14:40:00,1.6096,61.68,38.32
2024-09-16 14:45:00,1.6096,61.68,38.32
2024-09-16 14:50:00,1.6082,61.66,38.34
2024-09-16 14:55:00,1.6082,61.66,38.34
2024-09-16 15:00:00,1.6035,61.59,38.41
2024-09-16 15:05:00,1.6076,61.65,38.35
2024-09-16 15:10:00,1.6123,61.72,38.28
2024-09-16 15:15:00,1.6157,61.77,38.23
2024-09-16 15:20:00,1.6164,61.78,38.22
2024-09-16 15:25:00,1.6123,61.72,38.28
2024-09-16 15:30:00,1.5994,61.53,38.47
2024-09-16 15:35:00,1.5988,61.52,38.48
2024-09-16 15:40:00,1.5927,61.43,38.57
2024-09-16 15:45:00,1.584,61.3,38.7
2024-09-16 15:50:00,1.5873,61.35,38.65
2024-09-16 15:55:00,1.586,61.33,38.67
2024-09-16 16:00:00,1.588,61.36,38.64
2024-09-16 16:05:00,1.5893,61.38,38.62
2024-09-16 16:10:00,1.5961,61.48,38.52
2024-09-16 16:15:00,1.5913,61.41,38.59
2024-09-16 16:20:00,1.5947,61.46,38.54
2024-09-16 16:25:00,1.5867,61.34,38.66
2024-09-16 16:30:00,1.5887,61.37,38.63
2024-09-16 16:35:00,1.5833,61.29,38.71
2024-09-16 16:40:00,1.6178,61.8,38.2
2024-09-16 16:45:00,1.6205,61.84,38.16
2024-09-16 16:50:00,1.6357,62.06,37.94
2024-09-16 16:55:00,1.6455,62.2,37.8
2024-09-16 17:00:00,1.6385,62.1,37.9
2024-09-16 17:05:00,1.642,62.15,37.85
2024-09-16 17:10:00,1.6546,62.33,37.67
2024-09-16 17:15:00,1.6596,62.4,37.6
2024-09-16 17:20:00,1.6567,62.36,37.64
2024-09-16 17:25:00,1.6688,62.53,37.47
2024-09-16 17:30:00,1.6638,62.46,37.54
2024-09-16 17:35:00,1.6645,62.47,37.53
2024-09-16 17:40:00,1.7337,63.42,36.58
2024-09-16 17:45:00,1.7732,63.94,36.06
2024-09-16 17:50:00,1.7693,63.89,36.11
2024-09-16 18:00:00,1.7925,64.19,35.81
2024-09-16 18:00:00,1.7925,64.19,35.81
2024-09-16 18:05:00,1.8027,64.32,35.68
2024-09-16 18:10:00,1.8169,64.5,35.5
2024-09-16 18:15:00,1.8353,64.73,35.27
2024-09-16 18:20:00,1.8377,64.76,35.24
2024-09-16 18:25:00,1.8441,64.84,35.16
2024-09-16 18:30:00,1.8401,64.79,35.21
2024-09-16 18:35:00,1.8474,64.88,35.12
2024-09-16 18:40:00,1.8409,64.8,35.2
2024-09-16 18:45:00,1.8297,64.66,35.34
2024-09-16 18:50:00,1.8281,64.64,35.36
2024-09-16 18:55:00,1.8393,64.78,35.22
2024-09-16 19:00:00,1.8369,64.75,35.25
2024-09-16 19:05:00,1.8313,64.68,35.32
2024-09-16 19:10:00,1.8265,64.62,35.38
2024-09-16 19:15:00,1.8273,64.63,35.37
2024-09-16 19:20:00,1.8225,64.57,35.43
2024-09-16 19:25:00,1.8185,64.52,35.48
2024-09-16 19:30:00,1.8225,64.57,35.43
2024-09-16 19:35:00,1.8233,64.58,35.42
2024-09-16 19:40:00,1.8241,64.59,35.41
2024-09-16 19:45:00,1.8289,64.65,35.35
2024-09-16 19:50:00,1.8313,64.68,35.32
2024-09-16 19:55:00,1.8289,64.65,35.35
2024-09-16 20:00:00,1.8297,64.66,35.34
2024-09-16 20:05:00,1.8297,64.66,35.34
2024-09-16 20:10:00,1.8241,64.59,35.41
2024-09-16 20:15:00,1.7949,64.22,35.78
2024-09-16 20:20:00,1.8011,64.3,35.7
2024-09-16 20:25:00,1.8003,64.29,35.71
2024-09-16 20:30:00,1.8019,64.31,35.69
2024-09-16 20:35:00,1.8066,64.37,35.63
2024-09-16 20:40:00,1.8106,64.42,35.58
2024-09-16 20:45:00,1.8169,64.5,35.5
2024-09-16 20:50:00,1.8417,64.81,35.19
2024-09-16 20:55:00,1.8711,65.17,34.83
2024-09-16 21:00:00,1.8744,65.21,34.79
2024-09-16 21:05:00,1.862,65.06,34.94
2024-09-16 21:10:00,1.8563,64.99,35.01
2024-09-16 21:15:00,1.8645,65.09,34.91
2024-09-16 21:20:00,1.8711,65.17,34.83
2024-09-16 21:25:00,1.8769,65.24,34.76
2024-09-16 21:30:00,1.8785,65.26,34.74
2024-09-16 21:35:00,1.8852,65.34,34.66
2024-09-16 21:40:00,1.8868,65.36,34.64
2024-09-16 21:45:00,1.8827,65.31,34.69
2024-09-16 21:50:00,1.8818,65.3,34.7
2024-09-16 21:55:00,1.8802,65.28,34.72
2024-09-16 22:00:00,1.8827,65.31,34.69
2024-09-16 22:05:00,1.8835,65.32,34.68
2024-09-16 22:10:00,1.8902,65.4,34.6
2024-09-16 22:15:00,1.8918,65.42,34.58
2024-09-16 22:20:00,1.8877,65.37,34.63
2024-09-16 22:25:00,1.8885,65.38,34.62
2024-09-16 22:30:00,1.8868,65.36,34.64
2024-09-16 22:35:00,1.886,65.35,34.65
2024-09-16 22:40:00,1.8902,65.4,34.6
2024-09-16 22:45:00,1.8902,65.4,34.6
2024-09-16 22:50:00,1.891,65.41,34.59
2024-09-16 22:55:00,1.8902,65.4,34.6
2024-09-16 23:00:00,1.8902,65.4,34.6
2024-09-16 23:05:00,1.8852,65.34,34.66
2024-09-16 23:10:00,1.8835,65.32,34.68
2024-09-16 23:15:00,1.8986,65.5,34.5
2024-09-16 23:20:00,1.891,65.41,34.59
2024-09-16 23:25:00,1.8893,65.39,34.61
2024-09-16 23:30:00,1.8952,65.46,34.54
2024-09-16 23:40:00,1.8918,65.42,34.58
2024-09-16 23:40:00,1.8918,65.42,34.58
2024-09-16 23:45:00,1.8994,65.51,34.49
2024-09-16 23:50:00,1.8986,65.5,34.5
2024-09-16 23:55:00,1.896,65.47,34.53
2024-09-17 00:00:00,1.8893,65.39,34.61
2024-09-17 00:05:00,1.8927,65.43,34.57
2024-09-17 00:10:00,1.8927,65.43,34.57
2024-09-17 00:15:00,1.896,65.47,34.53
2024-09-17 00:20:00,1.8994,65.51,34.49
2024-09-17 00:25:00,1.9036,65.56,34.44
2024-09-17 00:30:00,1.9044,65.57,34.43
2024-09-17 00:35:00,1.9061,65.59,34.41
2024-09-17 00:40:00,1.9061,65.59,34.41
2024-09-17 00:45:00,1.9061,65.59,34.41
2024-09-17 00:50:00,1.9078,65.61,34.39
2024-09-17 00:55:00,1.907,65.6,34.4
2024-09-17 01:00:00,1.907,65.6,34.4
2024-09-17 01:05:00,1.9028,65.55,34.45
2024-09-17 01:10:00,1.8994,65.51,34.49
2024-09-17 01:15:00,1.8994,65.51,34.49
2024-09-17 01:20:00,1.8994,65.51,34.49
2024-09-17 01:25:00,1.8994,65.51,34.49
2024-09-17 01:30:00,1.8994,65.51,34.49
2024-09-17 01:35:00,1.9011,65.53,34.47
2024-09-17 01:40:00,1.9019,65.54,34.46
2024-09-17 01:45:00,1.9002,65.52,34.48
2024-09-17 01:50:00,1.8986,65.5,34.5
2024-09-17 01:55:00,1.9011,65.53,34.47
2024-09-17 02:00:00,1.9011,65.53,34.47
2024-09-17 02:05:00,1.9028,65.55,34.45
2024-09-17 02:10:00,1.9019,65.54,34.46
2024-09-17 02:15:00,1.9011,65.53,34.47
2024-09-17 02:20:00,1.9053,65.58,34.42
2024-09-17 02:25:00,1.9028,65.55,34.45
2024-09-17 02:30:00,1.9053,65.58,34.42
2024-09-17 02:35:00,1.9112,65.65,34.35
2024-09-17 02:40:00,1.9011,65.53,34.47
2024-09-17 02:45:00,1.9011,65.53,34.47
2024-09-17 02:50:00,1.9138,65.68,34.32
2024-09-17 02:55:00,1.9104,65.64,34.36
2024-09-17 03:00:00,1.9019,65.54,34.46
2024-09-17 03:05:00,1.896,65.47,34.53
2024-09-17 03:10:00,1.8986,65.5,34.5
2024-09-17 03:15:00,1.8977,65.49,34.51
2024-09-17 03:20:00,1.8986,65.5,34.5
2024-09-17 03:25:00,1.8935,65.44,34.56
2024-09-17 03:30:00,1.8893,65.39,34.61
2024-09-17 03:35:00,1.8843,65.33,34.67
2024-09-17 03:40:00,1.8794,65.27,34.73
2024-09-17 03:45:00,1.8719,65.18,34.82
2024-09-17 03:50:00,1.8794,65.27,34.73
2024-09-17 03:55:00,1.8827,65.31,34.69
2024-09-17 04:00:00,1.8977,65.49,34.51
2024-09-17 04:05:00,1.9155,65.7,34.3
2024-09-17 04:10:00,1.9257,65.82,34.18
2024-09-17 04:15:00,1.9223,65.78,34.22
2024-09-17 04:20:00,1.924,65.8,34.2
2024-09-17 04:25:00,1.9274,65.84,34.16
2024-09-17 04:30:00,1.9274,65.84,34.16
2024-09-17 04:35:00,1.9334,65.91,34.09
2024-09-17 04:40:00,1.9343,65.92,34.08
2024-09-17 04:45:00,1.9351,65.93,34.07
2024-09-17 04:50:00,1.9326,65.9,34.1
2024-09-17 04:55:00,1.9317,65.89,34.11
2024-09-17 05:00:00,1.9283,65.85,34.15
2024-09-17 05:05:00,1.9343,65.92,34.08
2024-09-17 05:10:00,1.9334,65.91,34.09
2024-09-17 05:15:00,1.9274,65.84,34.16
2024-09-17 05:20:00,1.9291,65.86,34.14
2024-09-17 05:25:00,1.93,65.87,34.13
2024-09-17 05:30:00,1.9308,65.88,34.12
2024-09-17 05:35:00,1.9291,65.86,34.14
2024-09-17 05:40:00,1.9291,65.86,34.14
2024-09-17 05:45:00,1.9351,65.93,34.07
2024-09-17 05:50:00,1.9274,65.84,34.16
2024-09-17 05:55:00,1.9163,65.71,34.29
2024-09-17 06:00:00,1.9155,65.7,34.3
2024-09-17 06:05:00,1.9036,65.56,34.44
2024-09-17 06:10:00,1.9019,65.54,34.46
2024-09-17 06:15:00,1.9002,65.52,34.48
2024-09-17 06:20:00,1.9002,65.52,34.48
2024-09-17 06:25:00,1.8935,65.44,34.56
2024-09-17 06:30:00,1.8918,65.42,34.58
2024-09-17 06:35:00,1.891,65.41,34.59
2024-09-17 06:40:00,1.8952,65.46,34.54
2024-09-17 06:45:00,1.8944,65.45,34.55
2024-09-17 06:50:00,1.8902,65.4,34.6
2024-09-17 06:55:00,1.8877,65.37,34.63
2024-09-17 07:00:00,1.8852,65.34,34.66
2024-09-17 07:05:00,1.876,65.23,34.77
2024-09-17 07:10:00,1.8777,65.25,34.75
2024-09-17 07:15:00,1.881,65.29,34.71
2024-09-17 07:25:00,1.8818,65.3,34.7
2024-09-17 07:25:00,1.8818,65.3,34.7
2024-09-17 07:30:00,1.8827,65.31,34.69
2024-09-17 07:35:00,1.8927,65.43,34.57
2024-09-17 07:40:00,1.8918,65.42,34.58
2024-09-17 07:45:00,1.8952,65.46,34.54
2024-09-17 07:50:00,1.8977,65.49,34.51
2024-09-17 07:55:00,1.8902,65.4,34.6
2024-09-17 08:00:00,1.8794,65.27,34.73
2024-09-17 08:05:00,1.8769,65.24,34.76
2024-09-17 08:10:00,1.8769,65.24,34.76
2024-09-17 08:15:00,1.876,65.23,34.77
2024-09-17 08:20:00,1.8794,65.27,34.73
2024-09-17 08:25:00,1.8769,65.24,34.76
2024-09-17 08:30:00,1.8752,65.22,34.78
2024-09-17 08:35:00,1.8927,65.43,34.57
2024-09-17 08:40:00,1.8877,65.37,34.63
2024-09-17 08:45:00,1.8769,65.24,34.76
2024-09-17 08:50:00,1.886,65.35,34.65
2024-09-17 08:55:00,1.8994,65.51,34.49
2024-09-17 09:00:00,1.8711,65.17,34.83
2024-09-17 09:05:00,1.8466,64.87,35.13
2024-09-17 09:10:00,1.8409,64.8,35.2
2024-09-17 09:15:00,1.8289,64.65,35.35
2024-09-17 09:20:00,1.8209,64.55,35.45
2024-09-17 09:25:00,1.8233,64.58,35.42
2024-09-17 09:30:00,1.8106,64.42,35.58
2024-09-17 09:35:00,1.8106,64.42,35.58
2024-09-17 09:40:00,1.8082,64.39,35.61
2024-09-17 09:45:00,1.8114,64.43,35.57
2024-09-17 09:50:00,1.8082,64.39,35.61
2024-09-17 09:55:00,1.8074,64.38,35.62
2024-09-17 10:00:00,1.8019,64.31,35.69
2024-09-17 10:05:00,1.7949,64.22,35.78
2024-09-17 10:10:00,1.7902,64.16,35.84
2024-09-17 10:15:00,1.7855,64.1,35.9
2024-09-17 10:20:00,1.7886,64.14,35.86
2024-09-17 10:25:00,1.7816,64.05,35.95
2024-09-17 10:30:00,1.7801,64.03,35.97
2024-09-17 10:35:00,1.7824,64.06,35.94
2024-09-17 10:40:00,1.7816,64.05,35.95
2024-09-17 10:45:00,1.7855,64.1,35.9
2024-09-17 10:50:00,1.7855,64.1,35.9
2024-09-17 10:55:00,1.7762,63.98,36.02
2024-09-17 11:00:00,1.7755,63.97,36.03
2024-09-17 11:05:00,1.7886,64.14,35.86
2024-09-17 11:10:00,1.7732,63.94,36.06
2024-09-17 11:15:00,1.7678,63.87,36.13
2024-09-17 11:20:00,1.7556,63.71,36.29
2024-09-17 11:25:00,1.739,63.49,36.51
2024-09-17 11:30:00,1.7241,63.29,36.71
2024-09-17 11:35:00,1.7218,63.26,36.74
2024-09-17 11:40:00,1.7189,63.22,36.78
2024-09-17 11:45:00,1.7218,63.26,36.74
2024-09-17 11:50:00,1.7203,63.24,36.76
2024-09-17 11:55:00,1.7167,63.19,36.81
2024-09-17 12:00:00,1.713,63.14,36.86
2024-09-17 12:05:00,1.7056,63.04,36.96
2024-09-17 12:10:00,1.7042,63.02,36.98
2024-09-17 12:15:00,1.6991,62.95,37.05
2024-09-17 12:20:00,1.6831,62.73,37.27
2024-09-17 12:25:00,1.6638,62.46,37.54
2024-09-17 12:30:00,1.6575,62.37,37.63
2024-09-17 12:35:00,1.6575,62.37,37.63
2024-09-17 12:40:00,1.6575,62.37,37.63
2024-09-17 12:45:00,1.6504,62.27,37.73
2024-09-17 12:50:00,1.6504,62.27,37.73
2024-09-17 12:55:00,1.6539,62.32,37.68
2024-09-17 13:00:00,1.6518,62.29,37.71
2024-09-17 13:05:00,1.6406,62.13,37.87
2024-09-17 13:10:00,1.6323,62.01,37.99
2024-09-17 13:15:00,1.6281,61.95,38.05
2024-09-17 13:20:00,1.6295,61.97,38.03
2024-09-17 13:25:00,1.6178,61.8,38.2
2024-09-17 13:30:00,1.6103,61.69,38.31
2024-09-17 13:35:00,1.6048,61.61,38.39
2024-09-17 13:45:00,1.6076,61.65,38.35
2024-09-17 13:45:00,1.6076,61.65,38.35
2024-09-17 13:50:00,1.5913,61.41,38.59
2024-09-17 13:55:00,1.594,61.45,38.55
2024-09-17 14:00:00,1.5846,61.31,38.69
2024-09-17 14:05:00,1.5786,61.22,38.78
2024-09-17 14:10:00,1.5569,60.89,39.11
2024-09-17 14:15:00,1.5452,60.71,39.29
2024-09-17 14:20:00,1.5183,60.29,39.71
2024-09-17 14:25:00,1.5126,60.2,39.8
2024-09-17 14:30:00,1.5107,60.17,39.83
2024-09-17 14:35:00,1.5094,60.15,39.85
2024-09-17 14:40:00,1.5,60,40
2024-09-17 14:45:00,1.4888,59.82,40.18
2024-09-17 14:50:00,1.4789,59.66,40.34
2024-09-17 14:55:00,1.4771,59.63,40.37
2024-09-17 15:00:00,1.4704,59.52,40.48
2024-09-17 15:05:00,1.4667,59.46,40.54
2024-09-17 15:10:00,1.4673,59.47,40.53
2024-09-17 15:15:00,1.4576,59.31,40.69
2024-09-17 15:20:00,1.4432,59.07,40.93
2024-09-17 15:25:00,1.439,59,41
2024-09-17 15:30:00,1.4361,58.95,41.05
2024-09-17 15:35:00,1.4254,58.77,41.23
2024-09-17 15:40:00,1.426,58.78,41.22
2024-09-17 15:45:00,1.4295,58.84,41.16
2024-09-17 15:50:00,1.4213,58.7,41.3
2024-09-17 15:55:00,1.4426,59.06,40.94
2024-09-17 16:00:00,1.4361,58.95,41.05
2024-09-17 16:05:00,1.426,58.78,41.22
2024-09-17 16:10:00,1.4207,58.69,41.31
2024-09-17 16:15:00,1.4085,58.48,41.52
2024-09-17 16:20:00,1.4021,58.37,41.63
2024-09-17 16:25:00,1.401,58.35,41.65
2024-09-17 16:30:00,1.3987,58.31,41.69
2024-09-17 16:35:00,1.3981,58.3,41.7
2024-09-17 16:40:00,1.3821,58.02,41.98
2024-09-17 16:45:00,1.3535,57.51,42.49
2024-09-17 16:50:00,1.3359,57.19,42.81
2024-09-17 16:55:00,1.3186,56.87,43.13
2024-09-17 17:00:00,1.3116,56.74,43.26
2024-09-17 17:05:00,1.3207,56.91,43.09
2024-09-17 17:10:00,1.3223,56.94,43.06
2024-09-17 17:15:00,1.3697,57.8,42.2
2024-09-17 17:20:00,1.354,57.52,42.48
2024-09-17 17:25:00,1.3425,57.31,42.69
2024-09-17 17:30:00,1.2899,56.33,43.67
2024-09-17 17:35:00,1.2512,55.58,44.42
2024-09-17 17:40:00,1.2487,55.53,44.47
2024-09-17 17:45:00,1.2356,55.27,44.73
2024-09-17 17:50:00,1.2267,55.09,44.91
2024-09-17 17:55:00,1.2051,54.65,45.35
2024-09-17 18:00:00,1.1834,54.2,45.8
2024-09-17 18:05:00,1.2212,54.98,45.02
2024-09-17 18:10:00,1.1683,53.88,46.12
2024-09-17 18:15:00,1.1464,53.41,46.59
2024-09-17 18:20:00,1.1295,53.04,46.96
2024-09-17 18:25:00,1.0969,52.31,47.69
2024-09-17 18:30:00,1.0738,51.78,48.22
2024-09-17 18:40:00,1.0437,51.07,48.93
2024-09-17 18:40:00,1.0437,51.07,48.93
2024-09-17 18:45:00,1.0194,50.48,49.52
2024-09-17 18:50:00,0.9928,49.82,50.18
2024-09-17 18:55:00,1.002,50.05,49.95
2024-09-17 19:00:00,1.0052,50.13,49.87
2024-09-17 19:05:00,1.0149,50.37,49.63
2024-09-17 19:10:00,1.0101,50.25,49.75
2024-09-17 19:15:00,0.9964,49.91,50.09
2024-09-17 19:20:00,0.9767,49.41,50.59
2024-09-17 19:25:00,0.9755,49.38,50.62
2024-09-17 19:30:00,0.979,49.47,50.53
2024-09-17 19:35:00,0.9693,49.22,50.78
2024-09-17 19:40:00,0.9662,49.14,50.86
2024-09-17 19:45:00,0.9658,49.13,50.87
2024-09-17 19:50:00,0.9643,49.09,50.91
2024-09-17 19:55:00,0.9619,49.03,50.97
2024-09-17 20:00:00,0.9596,48.97,51.03
2024-09-17 20:05:00,0.96,48.98,51.02
2024-09-17 20:10:00,0.9589,48.95,51.05
2024-09-17 20:15:00,0.9539,48.82,51.18
2024-09-17 20:20:00,0.9516,48.76,51.24
2024-09-17 20:25:00,0.955,48.85,51.15
2024-09-17 20:30:00,0.9569,48.9,51.1
2024-09-17 20:35:00,0.9554,48.86,51.14
2024-09-17 20:40:00,0.9543,48.83,51.17
2024-09-17 20:45:00,0.9543,48.83,51.17
2024-09-17 20:50:00,0.9524,48.78,51.22
2024-09-17 20:55:00,0.9527,48.79,51.21
2024-09-17 21:00:00,0.9501,48.72,51.28
2024-09-17 21:05:00,0.9543,48.83,51.17
2024-09-17 21:10:00,0.9592,48.96,51.04
2024-09-17 21:15:00,0.9592,48.96,51.04
2024-09-17 21:20:00,0.9581,48.93,51.07
2024-09-17 21:25:00,0.9558,48.87,51.13
2024-09-17 21:30:00,0.9547,48.84,51.16
2024-09-17 21:35:00,0.955,48.85,51.15
2024-09-17 21:40:00,0.955,48.85,51.15
2024-09-17 21:45:00,0.9554,48.86,51.14
2024-09-17 21:50:00,0.9539,48.82,51.18
2024-09-17 21:55:00,0.952,48.77,51.23
2024-09-17 22:00:00,0.9573,48.91,51.09
2024-09-17 22:05:00,0.96,48.98,51.02
2024-09-17 22:10:00,0.9612,49.01,50.99
2024-09-17 22:15:00,0.9631,49.06,50.94
2024-09-17 22:20:00,0.9619,49.03,50.97
2024-09-17 22:25:00,0.9585,48.94,51.06
2024-09-17 22:30:00,0.9635,49.07,50.93
2024-09-17 22:35:00,0.965,49.11,50.89
2024-09-17 22:40:00,0.9681,49.19,50.81
2024-09-17 22:45:00,0.9693,49.22,50.78
2024-09-17 22:50:00,0.992,49.8,50.2
2024-09-17 22:55:00,1.0125,50.31,49.69
2024-09-17 23:00:00,1.0129,50.32,49.68
2024-09-17 23:05:00,1.0227,50.56,49.44
2024-09-17 23:10:00,1.0338,50.83,49.17
2024-09-17 23:15:00,1.0358,50.88,49.12
2024-09-17 23:20:00,1.0479,51.17,48.83
2024-09-17 23:25:00,1.0534,51.3,48.7
2024-09-17 23:30:00,1.0568,51.38,48.62
2024-09-17 23:35:00,1.067,51.62,48.38
2024-09-17 23:40:00,1.0614,51.49,48.51
2024-09-17 23:45:00,1.0606,51.47,48.53
2024-09-17 23:50:00,1.0614,51.49,48.51
2024-09-18 00:00:00,1.0631,51.53,48.47
2024-09-18 00:00:00,1.0631,51.53,48.47
2024-09-18 00:05:00,1.067,51.62,48.38
2024-09-18 00:10:00,1.0644,51.56,48.44
2024-09-18 00:15:00,1.0627,51.52,48.48
2024-09-18 00:20:00,1.0691,51.67,48.33
2024-09-18 00:25:00,1.0695,51.68,48.32
2024-09-18 00:30:00,1.0704,51.7,48.3
2024-09-18 00:35:00,1.07,51.69,48.31
2024-09-18 00:40:00,1.0747,51.8,48.2
2024-09-18 00:45:00,1.0751,51.81,48.19
2024-09-18 00:50:00,1.0738,51.78,48.22
2024-09-18 00:55:00,1.073,51.76,48.24
2024-09-18 01:00:00,1.0725,51.75,48.25
2024-09-18 01:05:00,1.0678,51.64,48.36
2024-09-18 01:10:00,1.0653,51.58,48.42
2024-09-18 01:15:00,1.0653,51.58,48.42
2024-09-18 01:20:00,1.0657,51.59,48.41
2024-09-18 01:25:00,1.0644,51.56,48.44
2024-09-18 01:30:00,1.0644,51.56,48.44
2024-09-18 01:35:00,1.0661,51.6,48.4
2024-09-18 01:40:00,1.0674,51.63,48.37
2024-09-18 01:45:00,1.0691,51.67,48.33
2024-09-18 01:50:00,1.0721,51.74,48.26
2024-09-18 01:55:00,1.0738,51.78,48.22
2024-09-18 02:00:00,1.0734,51.77,48.23
2024-09-18 02:05:00,1.0734,51.77,48.23
2024-09-18 02:10:00,1.0708,51.71,48.29
2024-09-18 02:15:00,1.0713,51.72,48.28
2024-09-18 02:20:00,1.073,51.76,48.24
2024-09-18 02:25:00,1.076,51.83,48.17
2024-09-18 02:30:00,1.0756,51.82,48.18
2024-09-18 02:35:00,1.0768,51.85,48.15
2024-09-18 02:40:00,1.0786,51.89,48.11
2024-09-18 02:45:00,1.0807,51.94,48.06
2024-09-18 02:50:00,1.0833,52,48
2024-09-18 02:55:00,1.0859,52.06,47.94
2024-09-18 03:00:00,1.0881,52.11,47.89
2024-09-18 03:05:00,1.0838,52.01,47.99
2024-09-18 03:10:00,1.0825,51.98,48.02
2024-09-18 03:15:00,1.0812,51.95,48.05
2024-09-18 03:20:00,1.0812,51.95,48.05
2024-09-18 03:25:00,1.0773,51.86,48.14
2024-09-18 03:30:00,1.0816,51.96,48.04
2024-09-18 03:35:00,1.0773,51.86,48.14
2024-09-18 03:40:00,1.0734,51.77,48.23
2024-09-18 03:45:00,1.076,51.83,48.17
2024-09-18 03:50:00,1.0851,52.04,47.96
2024-09-18 03:55:00,1.0859,52.06,47.94
2024-09-18 04:00:00,1.0877,52.1,47.9
2024-09-18 04:05:00,1.0859,52.06,47.94
2024-09-18 04:10:00,1.0881,52.11,47.89
2024-09-18 04:15:00,1.0973,52.32,47.68
2024-09-18 04:20:00,1.0973,52.32,47.68
2024-09-18 04:25:00,1.0986,52.35,47.65
2024-09-18 04:30:00,1.0991,52.36,47.64
2024-09-18 04:35:00,1.1022,52.43,47.57
2024-09-18 04:40:00,1.1061,52.52,47.48
2024-09-18 04:45:00,1.1039,52.47,47.53
2024-09-18 04:50:00,1.1093,52.59,47.41
2024-09-18 04:55:00,1.1133,52.68,47.32
2024-09-18 05:00:00,1.1164,52.75,47.25
2024-09-18 05:05:00,1.1191,52.81,47.19
2024-09-18 05:10:00,1.1204,52.84,47.16
2024-09-18 05:15:00,1.1231,52.9,47.1
2024-09-18 05:20:00,1.1254,52.95,47.05
2024-09-18 05:25:00,1.1254,52.95,47.05
2024-09-18 05:30:00,1.124,52.92,47.08
2024-09-18 05:35:00,1.1249,52.94,47.06
2024-09-18 05:40:00,1.1263,52.97,47.03
2024-09-18 05:45:00,1.1286,53.02,46.98
2024-09-18 05:50:00,1.1313,53.08,46.92
2024-09-18 05:55:00,1.1327,53.11,46.89
2024-09-18 06:00:00,1.1432,53.34,46.66
2024-09-18 06:05:00,1.1716,53.95,46.05
2024-09-18 06:10:00,1.1763,54.05,45.95
2024-09-18 06:15:00,1.1791,54.11,45.89
2024-09-18 06:20:00,1.1801,54.13,45.87
2024-09-18 06:25:00,1.1791,54.11,45.89
2024-09-18 06:30:00,1.1786,54.1,45.9
2024-09-18 06:35:00,1.1782,54.09,45.91
2024-09-18 06:40:00,1.1777,54.08,45.92
2024-09-18 06:45:00,1.1867,54.27,45.73
2024-09-18 06:50:00,1.1882,54.3,45.7
2024-09-18 06:55:00,1.1853,54.24,45.76
2024-09-18 07:00:00,1.1796,54.12,45.88
2024-09-18 07:05:00,1.1801,54.13,45.87
2024-09-18 07:15:00,1.1758,54.04,45.96
2024-09-18 07:15:00,1.1758,54.04,45.96
2024-09-18 07:20:00,1.181,54.15,45.85
2024-09-18 07:25:00,1.1853,54.24,45.76
2024-09-18 07:30:00,1.1829,54.19,45.81
2024-09-18 07:35:00,1.1763,54.05,45.95
2024-09-18 07:40:00,1.1701,53.92,46.08
2024-09-18 07:45:00,1.1678,53.87,46.13
2024-09-18 07:50:00,1.1608,53.72,46.28
2024-09-18 07:55:00,1.1556,53.61,46.39
2024-09-18 08:00:00,1.1552,53.6,46.4
2024-09-18 08:05:00,1.1519,53.53,46.47
2024-09-18 08:10:00,1.1464,53.41,46.59
2024-09-18 08:15:00,1.1478,53.44,46.56
2024-09-18 08:20:00,1.1478,53.44,46.56
2024-09-18 08:25:00,1.1473,53.43,46.57
2024-09-18 08:30:00,1.1482,53.45,46.55
2024-09-18 08:35:00,1.1482,53.45,46.55
2024-09-18 08:40:00,1.1473,53.43,46.57
2024-09-18 08:45:00,1.1432,53.34,46.66
2024-09-18 08:50:00,1.14,53.27,46.73
2024-09-18 08:55:00,1.1422,53.32,46.68
2024-09-18 09:00:00,1.1445,53.37,46.63
2024-09-18 09:05:00,1.1478,53.44,46.56
2024-09-18 09:10:00,1.1505,53.5,46.5
2024-09-18 09:15:00,1.1561,53.62,46.38
2024-09-18 09:20:00,1.1622,53.75,46.25
2024-09-18 09:25:00,1.1664,53.84,46.16
2024-09-18 09:30:00,1.1654,53.82,46.18
2024-09-18 09:35:00,1.1636,53.78,46.22
2024-09-18 09:40:00,1.1683,53.88,46.12
2024-09-18 09:45:00,1.1716,53.95,46.05
2024-09-18 09:50:00,1.1734,53.99,46.01
2024-09-18 09:55:00,1.1858,54.25,45.75
2024-09-18 10:00:00,1.1906,54.35,45.65
2024-09-18 10:05:00,1.1949,54.44,45.56
2024-09-18 10:10:00,1.2007,54.56,45.44
2024-09-18 10:15:00,1.2041,54.63,45.37
2024-09-18 10:20:00,1.2002,54.55,45.45
2024-09-18 10:25:00,1.2007,54.56,45.44
2024-09-18 10:30:00,1.2007,54.56,45.44
2024-09-18 10:35:00,1.2017,54.58,45.42
2024-09-18 10:40:00,1.2002,54.55,45.45
2024-09-18 10:45:00,1.1978,54.5,45.5
2024-09-18 10:50:00,1.1968,54.48,45.52
2024-09-18 10:55:00,1.1954,54.45,45.55
2024-09-18 11:00:00,1.1954,54.45,45.55
2024-09-18 11:05:00,1.1901,54.34,45.66
2024-09-18 11:10:00,1.1872,54.28,45.72
2024-09-18 11:15:00,1.1801,54.13,45.87
2024-09-18 11:20:00,1.182,54.17,45.83
2024-09-18 11:25:00,1.1825,54.18,45.82
2024-09-18 11:30:00,1.1834,54.2,45.8
2024-09-18 11:35:00,1.1786,54.1,45.9
2024-09-18 11:40:00,1.1796,54.12,45.88
2024-09-18 11:45:00,1.181,54.15,45.85
2024-09-18 11:50:00,1.1777,54.08,45.92
2024-09-18 11:55:00,1.181,54.15,45.85
2024-09-18 12:00:00,1.1863,54.26,45.74
2024-09-18 12:05:00,1.1834,54.2,45.8
2024-09-18 12:10:00,1.1863,54.26,45.74
2024-09-18 12:15:00,1.1791,54.11,45.89
2024-09-18 12:20:00,1.1829,54.19,45.81
2024-09-18 12:25:00,1.1872,54.28,45.72
2024-09-18 12:30:00,1.1877,54.29,45.71
2024-09-18 12:35:00,1.1867,54.27,45.73
2024-09-18 12:40:00,1.1815,54.16,45.84
2024-09-18 12:50:00,1.1839,54.21,45.79
2024-09-18 12:50:00,1.1839,54.21,45.79
2024-09-18 12:55:00,1.1782,54.09,45.91
2024-09-18 13:00:00,1.1801,54.13,45.87
2024-09-18 13:05:00,1.2119,54.79,45.21
2024-09-18 13:10:00,1.2153,54.86,45.14
2024-09-18 13:15:00,1.2095,54.74,45.26
2024-09-18 13:20:00,1.2257,55.07,44.93
2024-09-18 13:25:00,1.2467,55.49,44.51
2024-09-18 13:30:00,1.2619,55.79,44.21
2024-09-18 13:35:00,1.2899,56.33,43.67
2024-09-18 13:40:00,1.3164,56.83,43.17
2024-09-18 13:45:00,1.318,56.86,43.14
2024-09-18 13:50:00,1.3164,56.83,43.17
2024-09-18 13:55:00,1.3234,56.96,43.04
2024-09-18 14:00:00,1.3294,57.07,42.93
2024-09-18 14:05:00,1.3299,57.08,42.92
2024-09-18 14:10:00,1.3261,57.01,42.99
2024-09-18 14:15:00,1.3218,56.93,43.07
2024-09-18 14:20:00,1.3288,57.06,42.94
2024-09-18 14:25:00,1.3414,57.29,42.71
2024-09-18 14:30:00,1.3496,57.44,42.56
2024-09-18 14:35:00,1.348,57.41,42.59
2024-09-18 14:40:00,1.3463,57.38,42.62
2024-09-18 14:45:00,1.3441,57.34,42.66
2024-09-18 14:50:00,1.3436,57.33,42.67
2024-09-18 14:55:00,1.3359,57.19,42.81
2024-09-18 15:00:00,1.3267,57.02,42.98
2024-09-18 15:05:00,1.318,56.86,43.14
2024-09-18 15:10:00,1.3159,56.82,43.18
2024-09-18 15:15:00,1.3036,56.59,43.41
2024-09-18 15:20:00,1.2941,56.41,43.59
2024-09-18 15:25:00,1.3084,56.68,43.32
2024-09-18 15:30:00,1.3148,56.8,43.2
2024-09-18 15:35:00,1.3218,56.93,43.07
2024-09-18 15:40:00,1.3305,57.09,42.91
2024-09-18 15:45:00,1.3315,57.11,42.89
2024-09-18 15:50:00,1.3305,57.09,42.91
2024-09-18 15:55:00,1.3375,57.22,42.78
2024-09-18 16:00:00,1.3474,57.4,42.6
2024-09-18 16:05:00,1.3804,57.99,42.01
2024-09-18 16:10:00,1.3753,57.9,42.1
2024-09-18 16:15:00,1.3697,57.8,42.2
2024-09-18 16:20:00,1.3697,57.8,42.2
2024-09-18 16:25:00,1.3736,57.87,42.13
2024-09-18 16:30:00,1.3714,57.83,42.17
2024-09-18 16:35:00,1.368,57.77,42.23
2024-09-18 16:40:00,1.3546,57.53,42.47
2024-09-18 16:45:00,1.3635,57.69,42.31
2024-09-18 16:50:00,1.359,57.61,42.39
2024-09-18 16:55:00,1.3787,57.96,42.04
2024-09-18 17:00:00,1.3838,58.05,41.95
2024-09-18 17:05:00,1.4114,58.53,41.47
2024-09-18 17:10:00,1.4149,58.59,41.41
2024-09-18 17:15:00,1.4242,58.75,41.25
2024-09-18 17:20:00,1.4301,58.85,41.15
2024-09-18 17:25:00,1.4313,58.87,41.13
2024-09-18 17:30:00,1.4534,59.24,40.76
2024-09-18 17:35:00,1.4552,59.27,40.73
2024-09-18 17:40:00,1.4618,59.38,40.62
2024-09-18 17:45:00,1.4777,59.64,40.36
2024-09-18 17:50:00,1.4777,59.64,40.36
2024-09-18 17:55:00,1.4765,59.62,40.38
2024-09-18 18:00:00,1.4752,59.6,40.4
2024-09-18 18:10:00,1.4814,59.7,40.3
2024-09-18 18:10:00,1.4814,59.7,40.3
2024-09-18 18:15:00,1.4814,59.7,40.3
2024-09-18 18:20:00,1.4851,59.76,40.24
2024-09-18 18:25:00,1.4851,59.76,40.24
2024-09-18 18:30:00,1.4839,59.74,40.26
2024-09-18 18:35:00,1.4851,59.76,40.24
2024-09-18 18:40:00,1.4863,59.78,40.22
2024-09-18 18:45:00,1.4795,59.67,40.33
2024-09-18 18:50:00,1.4783,59.65,40.35
2024-09-18 18:55:00,1.4808,59.69,40.31
2024-09-18 19:00:00,1.4832,59.73,40.27
2024-09-18 19:05:00,1.451,59.2,40.8
2024-09-18 19:10:00,1.4691,59.5,40.5
2024-09-18 19:15:00,1.4759,59.61,40.39
2024-09-18 19:20:00,1.4851,59.76,40.24
2024-09-18 19:25:00,1.4845,59.75,40.25
2024-09-18 19:30:00,1.4826,59.72,40.28
2024-09-18 19:35:00,1.4876,59.8,40.2
2024-09-18 19:40:00,1.5013,60.02,39.98
2024-09-18 19:45:00,1.4956,59.93,40.07
2024-09-18 19:50:00,1.4888,59.82,40.18
2024-09-18 19:55:00,1.4888,59.82,40.18
2024-09-18 20:00:00,1.4919,59.87,40.13
2024-09-18 20:05:00,1.4876,59.8,40.2
2024-09-18 20:10:00,1.474,59.58,40.42
2024-09-18 20:15:00,1.4649,59.43,40.57
2024-09-18 20:20:00,1.4783,59.65,40.35
2024-09-18 20:25:00,1.4752,59.6,40.4
2024-09-18 20:30:00,1.4814,59.7,40.3
2024-09-18 20:35:00,1.4913,59.86,40.14
2024-09-18 20:40:00,1.4913,59.86,40.14
2024-09-18 20:50:00,1.4988,59.98,40.02
2024-09-18 20:50:00,1.4988,59.98,40.02
2024-09-18 20:55:00,1.5304,60.48,39.52
2024-09-18 21:00:00,1.531,60.49,39.51
2024-09-18 21:05:00,1.517,60.27,39.73
2024-09-18 21:10:00,1.5278,60.44,39.56
2024-09-18 21:15:00,1.5407,60.64,39.36
2024-09-18 21:20:00,1.5259,60.41,39.59
2024-09-18 21:25:00,1.5132,60.21,39.79
2024-09-18 21:30:00,1.5038,60.06,39.94
2024-09-18 21:35:00,1.4814,59.7,40.3
2024-09-18 21:40:00,1.4166,58.62,41.38
2024-09-18 21:45:00,1.4108,58.52,41.48
2024-09-18 21:50:00,1.4149,58.59,41.41
2024-09-18 21:55:00,1.3992,58.32,41.68
2024-09-18 22:00:00,1.3883,58.13,41.87
2024-09-18 22:05:00,1.3952,58.25,41.75
2024-09-18 22:10:00,1.3838,58.05,41.95
2024-09-18 22:15:00,1.3912,58.18,41.82
2024-09-18 22:20:00,1.3742,57.88,42.12
2024-09-18 22:25:00,1.3861,58.09,41.91
2024-09-18 22:30:00,1.3652,57.72,42.28
2024-09-18 22:35:00,1.3702,57.81,42.19
2024-09-18 22:40:00,1.3719,57.84,42.16
2024-09-18 22:45:00,1.368,57.77,42.23
2024-09-18 22:50:00,1.3697,57.8,42.2
2024-09-18 22:55:00,1.3725,57.85,42.15
2024-09-18 23:00:00,1.3844,58.06,41.94
2024-09-18 23:05:00,1.3747,57.89,42.11
2024-09-18 23:10:00,1.381,58,42
2024-09-18 23:15:00,1.3781,57.95,42.05
2024-09-18 23:20:00,1.3929,58.21,41.79
2024-09-18 23:25:00,1.3975,58.29,41.71
2024-09-18 23:30:00,1.4044,58.41,41.59
2024-09-18 23:35:00,1.4108,58.52,41.48
2024-09-18 23:40:00,1.4137,58.57,41.43
2024-09-18 23:45:00,1.4096,58.5,41.5
2024-09-18 23:50:00,1.4073,58.46,41.54
2024-09-18 23:55:00,1.4096,58.5,41.5
2024-09-19 00:00:00,1.4056,58.43,41.57
