2024-09-14 00:00:00,1234859833,1234923832,1233611291,1233611291
2024-09-14 00:05:00,1233608143,1233925715,1233428317,1233470035
2024-09-14 00:10:00,1233459056,1233459056,1226883474,1226956855
2024-09-14 00:15:00,1226927792,1226927792,1225777456,1225777456
2024-09-14 00:20:00,1225776753,1226607554,1225592391,1226557895
2024-09-14 00:25:00,1226525782,1226530043,1223989258,1223989258
2024-09-14 00:30:00,1223988593,1224054600,1222177780,1222805162
2024-09-14 00:35:00,1222811173,1227277697,1222774821,1227197354
2024-09-14 00:40:00,1227115140,1227293543,1226913095,1227053689
2024-09-14 00:45:00,1227075765,1227077511,1226624935,1226625149
2024-09-14 00:50:00,1226625343,1226985228,1226612330,1226959705
2024-09-14 00:55:00,1226959705,1227373902,1226565357,1226588585
2024-09-14 01:00:00,1226657099,1227662030,1226657099,1227662030
2024-09-14 01:05:00,1227763903,1228130937,1227279258,1228130937
2024-09-14 01:10:00,1228097739,1228699847,1228049359,1228699847
2024-09-14 01:15:00,1228651829,1231458456,1228651829,1231458456
2024-09-14 01:20:00,1231522138,1232877419,1231507214,1232877419
2024-09-14 01:25:00,1232864735,1233013284,1228705245,1230319497
2024-09-14 01:30:00,1230331534,1230764781,1229770238,1229770238
2024-09-14 01:35:00,1230304423,1231462179,1230303486,1230923267
2024-09-14 01:40:00,1230943281,1231873081,1230943281,1231853946
2024-09-14 01:45:00,1231858925,1232275006,1231796201,1232275006
2024-09-14 01:50:00,1232275244,1244695831,1232192750,1244538274
2024-09-14 01:55:00,1244578762,1244659905,1244321777,1244610408
2024-09-14 02:00:00,1244580002,1244979888,1244043216,1244043216
2024-09-14 02:05:00,1244039032,1245220546,1243307354,1245203692
2024-09-14 02:10:00,1245054711,1245054711,1241464502,1241540708
2024-09-14 02:15:00,1241575580,1241608021,1240214472,1240214472
2024-09-14 02:20:00,1240212603,1240212603,1239373567,1239373567
2024-09-14 02:25:00,1239371531,1239513485,1238902201,1238902201
2024-09-14 02:30:00,1238904337,1238904337,1237105124,1237105124
2024-09-14 02:35:00,1237181419,1237192567,1236207664,1236210332
2024-09-14 02:40:00,1236284702,1236346242,1236079731,1236079731
2024-09-14 02:45:00,1236079478,1236209947,1235806817,1236153336
2024-09-14 02:50:00,1236154127,1236577754,1235939955,1236052218
2024-09-14 02:55:00,1236048573,1236062588,1234559698,1234563151
2024-09-14 03:00:00,1234561840,1237863035,1234015913,1237703178
2024-09-14 03:05:00,1237710781,1238159051,1237627378,1237723864
2024-09-14 03:10:00,1237731085,1237825292,1237188722,1237188722
2024-09-14 03:15:00,1237141346,1237391624,1237019647,1237366020
2024-09-14 03:20:00,1237365705,1253687355,1237365350,1253687355
2024-09-14 03:25:00,1253748288,1253748288,1251889720,1252145132
2024-09-14 03:30:00,1252124105,1253410321,1251626584,1253410321
2024-09-14 03:35:00,1253410541,1253627336,1253373446,1253574219
2024-09-14 03:40:00,1253569111,1254910930,1253505763,1254910930
2024-09-14 03:45:00,1254885167,1254985616,1253186866,1253537278
2024-09-14 03:50:00,1253537976,1255546994,1253475198,1255124882
2024-09-14 03:55:00,1255344945,1258231847,1255285061,1258213362
2024-09-14 04:00:00,1258207570,1258980418,1258176016,1258370985
2024-09-14 04:05:00,1258384880,1258674797,1258236854,1258504189
2024-09-14 04:10:00,1258523151,1259286272,1258452952,1258968462
2024-09-14 04:15:00,1258964121,1259170915,1258098218,1258229944
2024-09-14 04:20:00,1258331869,1258331869,1257395826,1257460275
2024-09-14 04:25:00,1257478862,1258560867,1257290511,1258484550
2024-09-14 04:30:00,1258518232,1258519274,1257691308,1257691308
2024-09-14 04:35:00,1257686853,1257686853,1256866899,1256901875
2024-09-14 04:40:00,1256889251,1256892949,1256302662,1256390354
2024-09-14 04:45:00,1256362082,1256397659,1256228964,1256385169
2024-09-14 04:50:00,1256351422,1256563005,1256199557,1256492130
2024-09-14 04:55:00,1256494887,1256494887,1255078500,1255079229
2024-09-14 05:00:00,1255091067,1255612958,1255091067,1255439471
2024-09-14 05:05:00,1255484471,1255484471,1254968531,1255045318
2024-09-14 05:10:00,1255044406,1256037774,1254980603,1255268262
2024-09-14 05:15:00,1255260957,1255346253,1253485368,1253615157
2024-09-14 05:20:00,1253615125,1253633867,1253258884,1253294700
2024-09-14 05:25:00,1253277454,1253292255,1253111572,1253150564
2024-09-14 05:30:00,1253152242,1253156262,1252472377,1252493639
2024-09-14 05:35:00,1252588408,1253558426,1252588408,1253185431
2024-09-14 05:40:00,1253182910,1253234757,1253017457,1253072570
2024-09-14 05:45:00,1253068555,1253215929,1252879333,1252897507
2024-09-14 05:50:00,1252903624,1253772818,1252878244,1253732708
2024-09-14 05:55:00,1253738918,1254808525,1253590639,1254784743
2024-09-14 06:00:00,1254797231,1255356110,1254748731,1255318050
2024-09-14 06:05:00,1255318397,1256359457,1255295945,1256359086
2024-09-14 06:10:00,1256362601,1257339903,1256295690,1256945061
2024-09-14 06:15:00,1256968165,1256979155,1256809608,1256809608
2024-09-14 06:20:00,1256809608,1257024461,1256380365,1256847156
2024-09-14 06:25:00,1256851700,1256892954,1256695131,1256892954
2024-09-14 06:30:00,1256900421,1257851818,1256900421,1257730256
2024-09-14 06:35:00,1257773093,1259071979,1257442038,1258945029
2024-09-14 06:40:00,1258948219,1259346188,1258948033,1259186759
2024-09-14 06:45:00,1259216973,1259513446,1259216973,1259431590
2024-09-14 06:50:00,1259433620,1259618470,1259326506,1259434479
2024-09-14 06:55:00,1259456068,1260364401,1259368814,1260364401
2024-09-14 07:00:00,1260364697,1261588387,1260363743,1261588387
2024-09-14 07:05:00,1261570580,1261581030,1261028291,1261284602
2024-09-14 07:10:00,1261199566,1261670115,1260894356,1261372657
2024-09-14 07:15:00,1261514163,1261521827,1259140988,1260749214
2024-09-14 07:20:00,1260748447,1260752291,1259195416,1259418489
2024-09-14 07:25:00,1259419695,1260079158,1259419695,1259855709
2024-09-14 07:30:00,1259894452,1260923481,1258899100,1260556762
2024-09-14 07:35:00,1260496208,1260496208,1258351678,1258861680
2024-09-14 07:40:00,1258872540,1258872540,1257096778,1257099725
2024-09-14 07:45:00,1257095609,1257167225,1256414125,1256414129
2024-09-14 07:50:00,1256412679,1256784601,1256354263,1256549752
2024-09-14 07:55:00,1256422853,1256585009,1256359537,1256508701
2024-09-14 08:00:00,1256531329,1256578762,1256422696,1256541169
2024-09-14 08:05:00,1256543627,1257042008,1256470264,1256953141
2024-09-14 08:10:00,1256979210,1257047208,1256761212,1256761212
2024-09-14 08:15:00,1256756760,1256756760,1256057953,1256060284
2024-09-14 08:20:00,1256069623,1256069623,1255605201,1255613338
2024-09-14 08:25:00,1255513380,1255521250,1254986487,1255206447
2024-09-14 08:30:00,1255265630,1255274181,1253678015,1253679779
2024-09-14 08:35:00,1253738002,1254786018,1253624556,1254184389
2024-09-14 08:40:00,1254183297,1254184923,1253892487,1253923937
2024-09-14 08:45:00,1253935247,1254110988,1252336554,1252626284
2024-09-14 08:50:00,1252639919,1252639919,1252270594,1252352162
2024-09-14 08:55:00,1252344806,1252363653,1251120303,1251842472
2024-09-14 09:00:00,1251830637,1253898534,1251830637,1253422126
2024-09-14 09:05:00,1253421367,1253423328,1253055297,1253055297
2024-09-14 09:10:00,1253054821,1260903722,1253030549,1259954152
2024-09-14 09:15:00,1260009498,1260978999,1260009498,1260815628
2024-09-14 09:20:00,1260803086,1273672863,1260630500,1273672863
2024-09-14 09:25:00,1273646951,1273894695,1273526338,1273639521
2024-09-14 09:30:00,1273639521,1273732240,1273480591,1273500658
2024-09-14 09:35:00,1273554681,1273584483,1272405524,1272656808
2024-09-14 09:40:00,1272586931,1273397456,1272359361,1273397136
2024-09-14 09:45:00,1273363271,1276278731,1273343872,1276278731
2024-09-14 09:50:00,1276282739,1277463401,1275909865,1277286997
2024-09-14 09:55:00,1277260608,1277644165,1276050657,1276440647
2024-09-14 10:00:00,1276419058,1277136403,1275761568,1275808915
2024-09-14 10:05:00,1275808996,1275810698,1275206620,1275270876
2024-09-14 10:10:00,1275285734,1275285734,1273839215,1274075927
2024-09-14 10:15:00,1274067288,1274156901,1273365188,1273374569
2024-09-14 10:20:00,1273374569,1273374569,1272389045,1272434049
2024-09-14 10:25:00,1272437690,1272471089,1271891819,1271891819
2024-09-14 10:30:00,1271864774,1271864774,1270877117,1270911494
2024-09-14 10:35:00,1270911700,1270919274,1270432518,1270432518
2024-09-14 10:40:00,1270449235,1270449235,1269971221,1269976327
2024-09-14 10:45:00,1269861215,1269861215,1269426089,1269426089
2024-09-14 10:50:00,1269446113,1269446113,1268766567,1268875806
2024-09-14 10:55:00,1268890291,1268938988,1267616515,1267616515
2024-09-14 11:00:00,1267589390,1267790522,1266885677,1266897256
2024-09-14 11:05:00,1266893505,1266893505,1266512293,1266589161
2024-09-14 11:10:00,1266558416,1266589905,1266471374,1266519856
2024-09-14 11:15:00,1266506330,1266534201,1266166649,1266263837
2024-09-14 11:20:00,1266252410,1266253163,1265475410,1265570929
2024-09-14 11:25:00,1265707295,1266492764,1265662941,1266390991
2024-09-14 11:30:00,1266403945,1266952617,1266244858,1266767336
2024-09-14 11:35:00,1266767359,1267238436,1266767359,1267217283
2024-09-14 11:40:00,1267225858,1267243040,1266785421,1267145214
2024-09-14 11:45:00,1267146071,1267146071,1263883751,1263895623
2024-09-14 11:50:00,1263895556,1263984852,1262401357,1262401357
2024-09-14 11:55:00,1262443300,1262443300,1261517351,1261670075
2024-09-14 12:00:00,1261652655,1261965044,1261642988,1261727751
2024-09-14 12:05:00,1261727649,1262223904,1261593423,1262223904
2024-09-14 12:10:00,1262468029,1262473365,1261968787,1262186691
2024-09-14 12:15:00,1262188067,1263730412,1262188067,1263641620
2024-09-14 12:20:00,1263643515,1263959283,1263531736,1263936067
2024-09-14 12:25:00,1264047110,1264213806,1263754967,1264122628
2024-09-14 12:30:00,1264127253,1264501036,1264124252,1264440420
2024-09-14 12:35:00,1264445362,1265487171,1264444187,1265487171
2024-09-14 12:40:00,1265497935,1265685975,1264462751,1264570339
2024-09-14 12:45:00,1264587940,1266865515,1263605337,1263605337
2024-09-14 12:50:00,1263606159,1263801526,1263091311,1263788485
2024-09-14 12:55:00,1263788396,1264667053,1263351889,1263376558
2024-09-14 13:00:00,1263658922,1264356452,1263285682,1263747422
2024-09-14 13:05:00,1263754647,1263814617,1263240762,1263524688
2024-09-14 13:10:00,1263514420,1263841367,1263124668,1263841367
2024-09-14 13:15:00,1263856136,1263868311,1263378449,1263741369
2024-09-14 13:20:00,1263721360,1263901710,1263559936,1263823280
2024-09-14 13:25:00,1263823634,1264338929,1263559160,1264317023
2024-09-14 13:30:00,1264315132,1269379387,1264180164,1268323686
2024-09-14 13:35:00,1268321750,1268321750,1267880647,1267903996
2024-09-14 13:40:00,1267895944,1268256563,1267851731,1268212654
2024-09-14 13:45:00,1268200606,1268200606,1266461048,1266649454
2024-09-14 13:50:00,1266767340,1267199515,1265809279,1267199515
2024-09-14 13:55:00,1267185433,1267523668,1266838056,1267087782
2024-09-14 14:00:00,1267086425,1267140158,1266708746,1266938290
2024-09-14 14:05:00,1266914715,1267161832,1258395396,1258395396
2024-09-14 14:10:00,1257781819,1258042876,1256550817,1256708348
2024-09-14 14:15:00,1256673675,1256799254,1255364020,1255586780
2024-09-14 14:20:00,1255557565,1256200449,1255426862,1255546003
2024-09-14 14:25:00,1255547758,1255547758,1254905803,1255346900
2024-09-14 14:30:00,1255363321,1255917191,1254942395,1255755178
2024-09-14 14:35:00,1255781199,1256701226,1255742187,1256690592
2024-09-14 14:40:00,1256689576,1257051520,1256366778,1256366778
2024-09-14 14:45:00,1256382735,1256934264,1254111622,1254111622
2024-09-14 14:50:00,1253953291,1254257738,1253500893,1253541258
2024-09-14 14:55:00,1253534615,1253942101,1253264444,1253349962
2024-09-14 15:00:00,1253354576,1253454551,1253224167,1253391792
2024-09-14 15:05:00,1253383477,1253745678,1252381829,1252381868
2024-09-14 15:10:00,1252402456,1252638097,1251276293,1251276293
2024-09-14 15:15:00,1251250669,1251250669,1250150448,1250150448
2024-09-14 15:20:00,1250145713,1250145713,1248688395,1248755207
2024-09-14 15:25:00,1248649637,1248840029,1247610857,1247618656
2024-09-14 15:30:00,1247497203,1247497203,1238742938,1238746937
2024-09-14 15:35:00,1238743937,1238743937,1237906955,1237954361
2024-09-14 15:40:00,1237891766,1237891766,1237491714,1237491714
2024-09-14 15:45:00,1237491609,1239609917,1237436480,1238880385
2024-09-14 15:50:00,1238880116,1239368924,1238548196,1239024711
2024-09-14 15:55:00,1239030103,1239613978,1238991020,1239613753
2024-09-14 16:00:00,1239544858,1240732347,1238633167,1239005799
2024-09-14 16:05:00,1239005799,1241497546,1239005799,1240982672
2024-09-14 16:10:00,1240978676,1240978676,1240484251,1240484251
2024-09-14 16:15:00,1240482653,1243766555,1240441577,1243766555
2024-09-14 16:20:00,1243745552,1243745552,1243369121,1243530985
2024-09-14 16:25:00,1243569365,1243775075,1242786007,1242793300
2024-09-14 16:30:00,1242749211,1242805362,1241732394,1241732394
2024-09-14 16:35:00,1241717180,1241815367,1241400098,1241472719
2024-09-14 16:40:00,1241455717,1241676601,1241384603,1241431629
2024-09-14 16:45:00,1241411814,1241890858,1241370789,1241779117
2024-09-14 16:50:00,1241776481,1242793558,1241583516,1242674803
2024-09-14 16:55:00,1242684822,1242785188,1241986689,1242545230
2024-09-14 17:00:00,1242545097,1242641770,1242404662,1242492790
2024-09-14 17:05:00,1242492104,1242492104,1241851927,1241856177
2024-09-14 17:10:00,1241823695,1241823695,1241557111,1241809083
2024-09-14 17:15:00,1241778043,1241778043,1241386241,1241489407
2024-09-14 17:20:00,1241472952,1241591667,1241460159,1241591667
2024-09-14 17:25:00,1241523181,1241903783,1239857516,1239916703
2024-09-14 17:30:00,1240096548,1240140397,1237686537,1237710478
2024-09-14 17:35:00,1238211298,1238211298,1236836425,1237308239
2024-09-14 17:40:00,1237308763,1241103082,1236672316,1240145452
2024-09-14 17:45:00,1239898939,1247114978,1236491924,1237299532
2024-09-14 17:50:00,1237333256,1241479017,1235099828,1241474123
2024-09-14 17:55:00,1241394010,1241781784,1238634072,1241781784
2024-09-14 18:00:00,1241872283,1244569553,1230649551,1230649551
2024-09-14 18:05:00,1230552300,1230552300,1229980348,1230000382
2024-09-14 18:10:00,1230001421,1230478917,1229882032,1230215376
2024-09-14 18:15:00,1230219929,1230219929,1229557229,1229557229
2024-09-14 18:20:00,1229528352,1229528352,1228627281,1229014828
2024-09-14 18:25:00,1228994232,1228994232,1227881150,1228593767
2024-09-14 18:30:00,1228634510,1228634510,1226068180,1226266926
2024-09-14 18:35:00,1226268385,1226353915,1226138011,1226186700
2024-09-14 18:40:00,1226150982,1226784355,1225754768,1226414629
2024-09-14 18:45:00,1226414014,1229668507,1225586932,1228084532
2024-09-14 18:50:00,1228055533,1228055533,1227573386,1227573817
2024-09-14 18:55:00,1227531863,1227641717,1227265879,1227395252
2024-09-14 19:00:00,1227624442,1228236190,1227624442,1227852153
2024-09-14 19:05:00,1227911453,1227940521,1227329536,1227605025
2024-09-14 19:10:00,1227528455,1227835815,1227242228,1227266044
2024-09-14 19:15:00,1227264667,1227484897,1227092007,1227136529
2024-09-14 19:20:00,1227509533,1228011486,1227350742,1227783533
2024-09-14 19:25:00,1227921515,1228748517,1227819064,1228597003
2024-09-14 19:30:00,1228591090,1228731202,1228170719,1228170719
2024-09-14 19:35:00,1228200093,1228200093,1226878755,1226910132
2024-09-14 19:40:00,1226895241,1226897880,1226423789,1226423789
2024-09-14 19:45:00,1226388243,1226581918,1224280150,1224372276
2024-09-14 19:50:00,1224381192,1225377421,1223875130,1223875130
2024-09-14 19:55:00,1223891600,1223891600,1222969241,1223034085
2024-09-14 20:00:00,1222963075,1223111365,1222671025,1223016222
2024-09-14 20:05:00,1223016758,1223386461,1221313528,1221393857
2024-09-14 20:10:00,1221393680,1221408407,1220156351,1220574500
2024-09-14 20:15:00,1220580931,1220796510,1220487034,1220735657
2024-09-14 20:20:00,1220729469,1220805704,1220422137,1220636849
2024-09-14 20:25:00,1220650417,1221929890,1220310375,1221929890
2024-09-14 20:30:00,1223662496,1224321773,1222737102,1222749204
2024-09-14 20:35:00,1222771763,1224101231,1222516922,1223737965
2024-09-14 20:40:00,1223932771,1224506210,1223932771,1224048582
2024-09-14 20:45:00,1224048420,1224048420,1223798868,1224000643
2024-09-14 20:50:00,1223983409,1224415454,1223390714,1224294637
2024-09-14 20:55:00,1224297637,1224317608,1223852596,1223881344
2024-09-14 21:00:00,1223923545,1224544039,1223923545,1224418073
2024-09-14 21:05:00,1224382110,1224555373,1218941518,1220234909
2024-09-14 21:10:00,1220251090,1222677706,1220251090,1222474025
2024-09-14 21:15:00,1222464013,1224639814,1222464013,1224394730
2024-09-14 21:20:00,1224405460,1224476603,1224203297,1224373791
2024-09-14 21:25:00,1224373032,1225395431,1224356628,1225370481
2024-09-14 21:30:00,1225453078,1225996649,1225287827,1225981373
2024-09-14 21:35:00,1225960099,1226030079,1225815588,1225859314
2024-09-14 21:40:00,1225456704,1225463339,1224919555,1225097637
2024-09-14 21:45:00,1225089131,1225089131,1224568967,1224631658
2024-09-14 21:50:00,1224641674,1224650858,1224087324,1224233847
2024-09-14 21:55:00,1224233566,1224833382,1223983625,1224040917
2024-09-14 22:00:00,1224041062,1224234364,1223751579,1224081354
2024-09-14 22:05:00,1224026001,1224026001,1223728673,1223734411
2024-09-14 22:10:00,1223722491,1223880391,1223390159,1223816574
2024-09-14 22:15:00,1223815722,1223868366,1223186485,1223454714
2024-09-14 22:20:00,1223456581,1224314495,1223272495,1224123272
2024-09-14 22:25:00,1224130032,1224256814,1223938949,1224186098
2024-09-14 22:30:00,1224217086,1224217086,1223565852,1223976016
2024-09-14 22:35:00,1223892406,1224816546,1223882907,1224801124
2024-09-14 22:40:00,1224801124,1224828174,1224636632,1224636632
2024-09-14 22:45:00,1224636894,1224636894,1224259088,1224319422
2024-09-14 22:50:00,1224301093,1224306306,1224068690,1224069349
2024-09-14 22:55:00,1224069966,1224069966,1223970242,1224004826
2024-09-14 23:00:00,1223987882,1224058262,1223582827,1223637393
2024-09-14 23:05:00,1223638925,1224023599,1223638293,1223779991
2024-09-14 23:10:00,1223782816,1223856914,1223361237,1223366943
2024-09-14 23:15:00,1223367524,1223522878,1223170761,1223314054
2024-09-14 23:20:00,1223319031,1224098675,1223262009,1223622341
2024-09-14 23:25:00,1223632575,1223991862,1222923605,1223070998
2024-09-14 23:30:00,1223045600,1224244604,1222970255,1223968399
2024-09-14 23:35:00,1223949741,1224017953,1223184033,1223184033
2024-09-14 23:40:00,1223155333,1234727670,1223155333,1234727670
2024-09-14 23:45:00,1234667186,1236518290,1234232221,1236477932
2024-09-14 23:50:00,1236478934,1243752513,1236383760,1243387639
2024-09-14 23:55:00,1243381683,1243392228,1243054466,1243180590
2024-09-15 00:00:00,1243172462,1243287324,1241973908,1241973908
2024-09-15 00:05:00,1241973780,1242049388,1241807062,1242049388
2024-09-15 00:10:00,1242055896,1242057617,1239005706,1239104116
2024-09-15 00:15:00,1239103392,1239103392,1238590085,1238985095
2024-09-15 00:20:00,1238962555,1239636468,1238843650,1239613626
2024-09-15 00:25:00,1239129047,1239129047,1238724539,1238724539
2024-09-15 00:30:00,1238724539,1238724539,1238379760,1238480960
2024-09-15 00:35:00,1238480147,1238480147,1237663176,1237672608
2024-09-15 00:40:00,1237585326,1238179170,1237585326,1238071619
2024-09-15 00:45:00,1238071488,1238243458,1237885193,1237885193
2024-09-15 00:50:00,1237864728,1237897191,1237335634,1237453230
2024-09-15 00:55:00,1236332393,1236382942,1236039137,1236345404
2024-09-15 01:00:00,1236354153,1236850076,1236354153,1236574974
2024-09-15 01:05:00,1236547501,1237431012,1236438509,1236579863
2024-09-15 01:10:00,1236606386,1236845758,1236601864,1236787120
2024-09-15 01:15:00,1236783337,1237446432,1236738393,1237439767
2024-09-15 01:20:00,1237441306,1238105571,1237441306,1237848579
2024-09-15 01:25:00,1237848879,1237995918,1237848879,1237984143
2024-09-15 01:30:00,1237962218,1238060480,1237908098,1238053918
2024-09-15 01:35:00,1238055265,1238593063,1237775084,1237781723
2024-09-15 01:40:00,1237780725,1238078763,1237765496,1238077635
2024-09-15 01:45:00,1238064932,1238257214,1238000655,1238214360
2024-09-15 01:50:00,1238230026,1238564485,1238230026,1238560361
2024-09-15 01:55:00,1238590529,1238653185,1238552318,1238553376
2024-09-15 02:00:00,1238580889,1238716096,1238442178,1238716069
2024-09-15 02:05:00,1238664239,1238807994,1238600568,1238757478
2024-09-15 02:10:00,1238757387,1238799223,1238638301,1238763479
2024-09-15 02:15:00,1238735056,1238735056,1238287299,1238406296
2024-09-15 02:20:00,1238408042,1238465993,1237675690,1237709621
2024-09-15 02:25:00,1237710661,1237710661,1237318369,1237360309
2024-09-15 02:30:00,1237360429,1237560350,1237360429,1237539650
2024-09-15 02:35:00,1237540599,1237756530,1237535137,1237755150
2024-09-15 02:40:00,1237755150,1238006562,1237656813,1237788332
2024-09-15 02:45:00,1237783453,1238057377,1237783453,1238057328
2024-09-15 02:50:00,1238163263,1238806114,1238093344,1238786443
2024-09-15 02:55:00,1238785527,1238815732,1238578743,1238639822
2024-09-15 03:00:00,1238639596,1240547569,1238639596,1240546182
2024-09-15 03:05:00,1240498387,1240715020,1240302429,1240663850
2024-09-15 03:10:00,1240733677,1240987662,1240651117,1240762219
2024-09-15 03:15:00,1240791308,1240887315,1240473776,1240775479
2024-09-15 03:20:00,1240773262,1241224907,1240621075,1241224907
2024-09-15 03:25:00,1241226217,1241226217,1239298129,1239301447
2024-09-15 03:30:00,1239306621,1239733637,1239166594,1239554444
2024-09-15 03:35:00,1239570332,1239570332,1239271525,1239309982
2024-09-15 03:40:00,1239303907,1239303907,1237818004,1237863062
2024-09-15 03:45:00,1237901969,1237901969,1235809288,1235809288
2024-09-15 03:50:00,1235911994,1235911994,1234222567,1234651307
2024-09-15 03:55:00,1234643601,1234736311,1234406816,1234416462
2024-09-15 04:00:00,1234434386,1235221794,1234198592,1235107121
2024-09-15 04:05:00,1235107060,1235117772,1233632037,1234864879
2024-09-15 04:10:00,1234827092,1234936514,1232577758,1233851282
2024-09-15 04:15:00,1233885300,1234010692,1233449132,1233449869
2024-09-15 04:20:00,1233486949,1233859930,1232711447,1233725092
2024-09-15 04:25:00,1233703109,1233826458,1233673411,1233803725
2024-09-15 04:30:00,1233807536,1233908520,1233345774,1233347108
2024-09-15 04:35:00,1233340367,1233819591,1233340367,1233771979
2024-09-15 04:40:00,1233771684,1233955426,1233759696,1233920457
2024-09-15 04:45:00,1233920457,1234445243,1233693694,1233700923
2024-09-15 04:50:00,1233700811,1234048026,1233096858,1234048026
2024-09-15 04:55:00,1234058524,1234161618,1233850466,1234161618
2024-09-15 05:00:00,1234263125,1234979210,1234231426,1234946684
2024-09-15 05:05:00,1234971398,1234971398,1234594216,1234862190
2024-09-15 05:10:00,1234860774,1234905809,1233697961,1233778224
2024-09-15 05:15:00,1233779663,1234268372,1233387045,1234246836
2024-09-15 05:20:00,1234176755,1234226489,1233623565,1234226489
2024-09-15 05:25:00,1234240705,1236196984,1234240705,1236050491
2024-09-15 05:30:00,1236014776,1236014776,1235740905,1235837254
2024-09-15 05:35:00,1235841105,1236237344,1235515525,1236164573
2024-09-15 05:40:00,1236121803,1236814560,1236121803,1236538280
2024-09-15 05:45:00,1236538880,1236538880,1236323159,1236325286
2024-09-15 05:50:00,1236325419,1237211834,1236091892,1237043473
2024-09-15 05:55:00,1236886800,1237258051,1236884415,1237162235
2024-09-15 06:00:00,1237163492,1237232241,1236862622,1237011767
2024-09-15 06:05:00,1237010614,1237384727,1236600768,1236701313
2024-09-15 06:10:00,1236709157,1236750285,1235819388,1236149208
2024-09-15 06:15:00,1236152142,1236163805,1235750481,1235750481
2024-09-15 06:20:00,1235811512,1235850318,1235493977,1235799247
2024-09-15 06:25:00,1235800128,1236183292,1235707551,1235774640
2024-09-15 06:30:00,1235774066,1236031922,1235737817,1235901666
2024-09-15 06:35:00,1235901450,1235915259,1235445609,1235477435
2024-09-15 06:40:00,1235470859,1235846112,1235440418,1235740494
2024-09-15 06:45:00,1235777947,1236240411,1229141000,1229141000
2024-09-15 06:50:00,1229264577,1229271579,1228646786,1228670313
2024-09-15 06:55:00,1228673545,1228709450,1226893532,1227008444
2024-09-15 07:00:00,1226999248,1227088064,1226849329,1226852695
2024-09-15 07:05:00,1226851903,1226857264,1226670931,1226706214
2024-09-15 07:10:00,1226707983,1226874412,1226441495,1226868301
2024-09-15 07:15:00,1226890968,1227555758,1226890968,1227551478
2024-09-15 07:20:00,1227546748,1229057832,1227385860,1229057832
2024-09-15 07:25:00,1229057654,1229862141,1228972602,1229217532
2024-09-15 07:30:00,1229210320,1229886154,1229158352,1229793949
2024-09-15 07:35:00,1229806940,1229854554,1229255817,1229566590
2024-09-15 07:40:00,1229580806,1229814569,1229539337,1229574594
2024-09-15 07:45:00,1229633879,1229637358,1228759646,1229003751
2024-09-15 07:50:00,1229014285,1229113938,1228862241,1228914297
2024-09-15 07:55:00,1229130098,1229491166,1229040825,1229296564
2024-09-15 08:00:00,1229253700,1229516530,1228868398,1229335538
2024-09-15 08:05:00,1229335338,1229733126,1229251101,1229659754
2024-09-15 08:10:00,1229659754,1229931340,1229445584,1229446549
2024-09-15 08:15:00,1229445375,1229445375,1228937456,1228981326
2024-09-15 08:20:00,1228986354,1228986354,1228047864,1228047864
2024-09-15 08:25:00,1228460819,1228536157,1228143531,1228143531
2024-09-15 08:30:00,1228100397,1228189915,1227146407,1227227474
2024-09-15 08:35:00,1227215202,1227504539,1226898968,1227504539
2024-09-15 08:40:00,1227456353,1227456353,1227256510,1227443448
2024-09-15 08:45:00,1227442934,1229126190,1226763052,1229126190
2024-09-15 08:50:00,1229124984,1237722454,1229124984,1237571034
2024-09-15 08:55:00,1237570916,1237570916,1236672751,1236759950
2024-09-15 09:00:00,1236754928,1236754928,1235276247,1235364399
2024-09-15 09:05:00,1235332720,1235338555,1233776228,1233776324
2024-09-15 09:10:00,1233772290,1233772290,1233310308,1233341091
2024-09-15 09:15:00,1233130309,1233307610,1232751886,1232810476
2024-09-15 09:20:00,1232804665,1232804665,1231380734,1231383678
2024-09-15 09:25:00,1231518039,1231568488,1231279341,1231279341
2024-09-15 09:30:00,1231275285,1231579278,1231201330,1231201330
2024-09-15 09:35:00,1231221389,1231345982,1230858654,1230897139
2024-09-15 09:40:00,1230880025,1230927032,1230698718,1230926193
2024-09-15 09:45:00,1230925958,1231457905,1230409142,1231439303
2024-09-15 09:50:00,1231423875,1231540874,1231062019,1231102491
2024-09-15 09:55:00,1231102491,1231114099,1230641611,1230694373
2024-09-15 10:00:00,1230693497,1230709446,1230471585,1230471585
2024-09-15 10:05:00,1230471779,1230685726,1230115980,1230685726
2024-09-15 10:10:00,1230685659,1230699015,1230242569,1230245281
2024-09-15 10:15:00,1230255930,1231077360,1229992671,1230856641
2024-09-15 10:20:00,1230835941,1230849396,1230209866,1230739760
2024-09-15 10:25:00,1230713117,1230713117,1229365555,1229478353
2024-09-15 10:30:00,1229464894,1230054848,1229435212,1229990571
2024-09-15 10:35:00,1230056012,1230279659,1229796975,1230278439
2024-09-15 10:40:00,1230311380,1231012431,1230311143,1231006436
2024-09-15 10:45:00,1231131214,1232531191,1230968841,1232531191
2024-09-15 10:50:00,1232531077,1232610346,1232175752,1232175752
2024-09-15 10:55:00,1232175752,1232208773,1231946683,1232198407
2024-09-15 11:00:00,1232198407,1233299953,1232198407,1233231100
2024-09-15 11:05:00,1233229223,1238633588,1233158474,1237559862
2024-09-15 11:10:00,1237554294,1237991712,1237524096,1237592900
2024-09-15 11:15:00,1237589509,1237628803,1236792026,1237119074
2024-09-15 11:20:00,1237119319,1237119319,1236223192,1236719873
2024-09-15 11:25:00,1236719520,1236959205,1236710002,1236854965
2024-09-15 11:30:00,1236855229,1237109668,1236855229,1236928168
2024-09-15 11:35:00,1236924515,1237166170,1236844792,1236908446
2024-09-15 11:40:00,1236902979,1236908239,1236745414,1236764621
2024-09-15 11:45:00,1236762271,1237092123,1236744486,1236864377
2024-09-15 11:50:00,1236906449,1236906449,1236726642,1236726642
2024-09-15 11:55:00,1236711136,1237089236,1236711136,1237055004
2024-09-15 12:00:00,1236931766,1236931766,1236617944,1236801509
2024-09-15 12:05:00,1236758059,1236856252,1236541830,1236836095
2024-09-15 12:10:00,1236835981,1238628346,1236835981,1238514150
2024-09-15 12:15:00,1238664272,1239557190,1238648935,1239095237
2024-09-15 12:20:00,1239102807,1239337096,1239063218,1239318512
2024-09-15 12:25:00,1239318512,1239318512,1239164255,1239316405
2024-09-15 12:30:00,1239316107,1240304422,1239295721,1240304422
2024-09-15 12:35:00,1240304676,1240378133,1240015278,1240318976
2024-09-15 12:40:00,1240326131,1240469292,1240105912,1240128555
2024-09-15 12:45:00,1240134994,1240134994,1239770832,1240013954
2024-09-15 12:50:00,1239910499,1239910499,1239117750,1239131023
2024-09-15 12:55:00,1239133748,1239584743,1239044748,1239415159
2024-09-15 13:00:00,1239438341,1239438341,1239258607,1239302510
2024-09-15 13:05:00,1239340794,1239966109,1239306970,1239936654
2024-09-15 13:10:00,1239932850,1240228308,1239772749,1240090657
2024-09-15 13:15:00,1240089351,1240988557,1240089351,1240380969
2024-09-15 13:20:00,1240352040,1240594517,1238088463,1238893945
2024-09-15 13:25:00,1238976350,1240118437,1238949795,1240118437
2024-09-15 13:30:00,1240141128,1240368477,1238935747,1239519708
2024-09-15 13:35:00,1239529943,1240565078,1239494450,1240564469
2024-09-15 13:40:00,1240546568,1241219145,1240431439,1241213959
2024-09-15 13:45:00,1241163861,1241284681,1239265487,1239265487
2024-09-15 13:50:00,1239265271,1239265502,1237752449,1237828191
2024-09-15 13:55:00,1237830834,1238159605,1237403608,1237510252
2024-09-15 14:00:00,1237574694,1237943879,1237121322,1237566648
2024-09-15 14:05:00,1237338870,1237338870,1236769351,1236787952
2024-09-15 14:10:00,1236854773,1237116146,1236820898,1236942326
2024-09-15 14:15:00,1236928454,1237432264,1236767574,1237382062
2024-09-15 14:20:00,1237397902,1237780382,1237258290,1237263804
2024-09-15 14:25:00,1237335299,1237416473,1236597420,1236612278
2024-09-15 14:30:00,1236681909,1236681909,1235275077,1235310742
2024-09-15 14:35:00,1235398247,1235398247,1233908494,1233939772
2024-09-15 14:40:00,1233937912,1234345626,1233937912,1234321759
2024-09-15 14:45:00,1234312477,1234552974,1233628113,1233656647
2024-09-15 14:50:00,1233676311,1233732031,1233428997,1233443325
2024-09-15 14:55:00,1233418928,1233545496,1231831809,1232868675
2024-09-15 15:00:00,1232903099,1232942919,1232742992,1232810956
2024-09-15 15:05:00,1232777676,1232912796,1232661847,1232872194
2024-09-15 15:10:00,1232871154,1232875356,1223515903,1226014140
2024-09-15 15:15:00,1225815148,1225909966,1225318117,1225516448
2024-09-15 15:20:00,1225628647,1225628647,1224703939,1225531083
2024-09-15 15:25:00,1225467709,1225502855,1224711092,1224711092
2024-09-15 15:30:00,1224710644,1225001887,1224539399,1224918703
2024-09-15 15:35:00,1224916371,1224929113,1224743939,1224868025
2024-09-15 15:40:00,1224874385,1225093614,1224874385,1225033982
2024-09-15 15:45:00,1225006400,1225245528,1224921518,1225181100
2024-09-15 15:50:00,1225226300,1225526672,1225158609,1225451791
2024-09-15 15:55:00,1225453314,1226337181,1224990045,1226337181
2024-09-15 16:00:00,1226367084,1226849118,1225643895,1225752418
2024-09-15 16:05:00,1225587938,1225904813,1225259781,1225356585
2024-09-15 16:10:00,1225264168,1225264168,1224742716,1225055402
2024-09-15 16:15:00,1225031713,1225183612,1224293551,1224357351
2024-09-15 16:20:00,1225035608,1226503696,1224978560,1226222775
2024-09-15 16:25:00,1226418308,1226473108,1225901876,1226049332
2024-09-15 16:30:00,1226024966,1227221206,1225823266,1227220462
2024-09-15 16:35:00,1227213510,1238528041,1226896688,1238369868
2024-09-15 16:40:00,1238369832,1238999524,1238192356,1238933376
2024-09-15 16:45:00,1239042228,1239776305,1238883818,1239333715
2024-09-15 16:50:00,1239329804,1239412446,1238803452,1239412446
2024-09-15 16:55:00,1239407537,1239840700,1239346034,1239699408
2024-09-15 17:00:00,1239790336,1240586584,1239627807,1240586584
2024-09-15 17:05:00,1240608358,1240817744,1239649987,1239903623
2024-09-15 17:10:00,1239909265,1240216944,1237709118,1237709118
2024-09-15 17:15:00,1237728058,1237992600,1236884855,1237460429
2024-09-15 17:20:00,1237454093,1239282383,1237058263,1239282383
2024-09-15 17:25:00,1239194319,1240769469,1239194319,1240577817
2024-09-15 17:30:00,1240537754,1240912334,1239987347,1240382513
2024-09-15 17:35:00,1240469901,1242753505,1240461146,1242517994
2024-09-15 17:40:00,1242503829,1242997110,1242503829,1242543753
2024-09-15 17:45:00,1242068302,1243321161,1242068302,1243321161
2024-09-15 17:50:00,1243320604,1244163335,1243320604,1243993295
2024-09-15 17:55:00,1244026819,1244056031,1241376819,1241442983
2024-09-15 18:00:00,1241360580,1241794972,1240861580,1240872232
2024-09-15 18:05:00,1240834583,1241520624,1240801598,1241511174
2024-09-15 18:10:00,1241507075,1242276262,1241507075,1242275331
2024-09-15 18:15:00,1242327603,1242681653,1241853932,1242641313
2024-09-15 18:20:00,1242646941,1244463277,1242646941,1244463277
2024-09-15 18:25:00,1244456606,1244847029,1242469973,1242812945
2024-09-15 18:30:00,1242786630,1244514965,1242749133,1243963590
2024-09-15 18:35:00,1244258174,1245445678,1244194476,1245345497
2024-09-15 18:40:00,1245341485,1245989067,1245326920,1245989067
2024-09-15 18:45:00,1245990964,1246686984,1245990964,1246233150
2024-09-15 18:50:00,1246257103,1246309674,1245372931,1245372931
2024-09-15 18:55:00,1245431941,1245442467,1244596799,1245228906
2024-09-15 19:00:00,1245217930,1245273439,1244686020,1244773127
2024-09-15 19:05:00,1244787633,1245136016,1242942009,1243045156
2024-09-15 19:10:00,1243028455,1243028455,1240732734,1240912050
2024-09-15 19:15:00,1240858128,1241217450,1240733673,1240761720
2024-09-15 19:20:00,1240713585,1243834754,1239558246,1243385541
2024-09-15 19:25:00,1243389962,1243604616,1242791653,1242848749
2024-09-15 19:30:00,1242815983,1243318307,1242815983,1243154372
2024-09-15 19:35:00,1243172802,1244078244,1242661315,1243847642
2024-09-15 19:40:00,1243875890,1243923162,1243052860,1243052860
2024-09-15 19:45:00,1243203458,1243203458,1242070578,1242448807
2024-09-15 19:50:00,1242420369,1242944206,1242420369,1242902283
2024-09-15 19:55:00,1242922650,1243318653,1240682395,1241888357
2024-09-15 20:00:00,1241658503,1242019622,1240276364,1240276364
2024-09-15 20:05:00,1240349927,1241656643,1240308338,1241579728
2024-09-15 20:10:00,1241628310,1242236946,1241220107,1242199024
2024-09-15 20:15:00,1242165138,1244047554,1241903029,1244021053
2024-09-15 20:20:00,1244092483,1245152412,1243777857,1245152412
2024-09-15 20:25:00,1245203227,1246080631,1245202835,1246077255
2024-09-15 20:30:00,1245971798,1246158653,1245592981,1246152988
2024-09-15 20:35:00,1246313795,1246977803,1246253806,1246767321
2024-09-15 20:40:00,1246916018,1247087965,1246112947,1246117925
2024-09-15 20:45:00,1246127221,1246279514,1245570376,1246260151
2024-09-15 20:50:00,1246308541,1247679218,1246308541,1247679218
2024-09-15 20:55:00,1247680536,1248719519,1247510108,1248714266
2024-09-15 21:00:00,1248692449,1248703074,1247802610,1247802610
2024-09-15 21:05:00,1247793198,1248052123,1247544432,1247557352
2024-09-15 21:10:00,1247506010,1247839241,1247499721,1247595520
2024-09-15 21:15:00,1247624948,1248050109,1247566458,1247754184
2024-09-15 21:20:00,1247803091,1248847738,1247661330,1248847738
2024-09-15 21:25:00,1248850330,1249525005,1248850330,1249525005
2024-09-15 21:30:00,1249660781,1251284159,1249130996,1249460573
2024-09-15 21:35:00,1249471583,1251128822,1249431339,1249651228
2024-09-15 21:40:00,1249666901,1250431591,1249452621,1249877257
2024-09-15 21:45:00,1249812145,1250122882,1249296485,1250122807
2024-09-15 21:50:00,1250130314,1252003657,1250130314,1251468137
2024-09-15 21:55:00,1251526858,1254144025,1250824103,1253914037
2024-09-15 22:00:00,1253839101,1254038403,1253369728,1253432298
2024-09-15 22:05:00,1252071541,1253154398,1251265712,1252575621
2024-09-15 22:10:00,1252490773,1252713527,1251138897,1251175887
2024-09-15 22:15:00,1251178554,1251478777,1250703791,1251362301
2024-09-15 22:20:00,1251408738,1251797698,1250936814,1251599821
2024-09-15 22:25:00,1251605470,1251610022,1247954371,1248706740
2024-09-15 22:30:00,1248706485,1248997794,1248221106,1248997794
2024-09-15 22:35:00,1249199453,1249328039,1248626053,1249328039
2024-09-15 22:40:00,1249349349,1249388955,1248666500,1248813157
2024-09-15 22:45:00,1248727500,1248729201,1247734735,1248503514
2024-09-15 22:50:00,1248719468,1248797614,1248485310,1248620086
2024-09-15 22:55:00,1248621453,1249210843,1248524490,1249206289
2024-09-15 23:00:00,1249264369,1249495942,1248369525,1248540885
2024-09-15 23:05:00,1248540998,1249956993,1246186695,1249827647
2024-09-15 23:10:00,1249759648,1249836790,1248908155,1248921026
2024-09-15 23:15:00,1249202091,1249293196,1248802477,1249116140
2024-09-15 23:20:00,1249116082,1250070088,1249116082,1249981434
2024-09-15 23:25:00,1250004765,1250004765,1248770913,1248811973
2024-09-15 23:30:00,1248883544,1249174193,1248851759,1248851759
2024-09-15 23:35:00,1248846293,1248856192,1248557585,1248609340
2024-09-15 23:40:00,1248612329,1248627037,1248288106,1248303963
2024-09-15 23:45:00,1248304011,1248513629,1248225840,1248433614
2024-09-15 23:50:00,1248433663,1248440037,1247390806,1247392320
2024-09-15 23:55:00,1247393890,1247412944,1246513969,1246529435
2024-09-16 00:00:00,1246535249,1247838860,1243677016,1243692422
2024-09-16 00:05:00,1243604335,1243714749,1241695701,1241695701
2024-09-16 00:10:00,1241954605,1241954605,1237069607,1237617195
2024-09-16 00:15:00,1237608794,1237737873,1235833741,1236107832
2024-09-16 00:20:00,1235385582,1236391167,1235106056,1235774067
2024-09-16 00:25:00,1235824062,1236030551,1234960041,1235525426
2024-09-16 00:30:00,1235591569,1235725558,1235033062,1235108952
2024-09-16 00:35:00,1235108601,1235123199,1234187209,1234569195
2024-09-16 00:40:00,1234289445,1234493522,1233917271,1234480438
2024-09-16 00:45:00,1234398733,1236850372,1234398733,1236352566
2024-09-16 00:50:00,1236351656,1236351656,1235695422,1235887884
2024-09-16 00:55:00,1235821723,1236989534,1235821723,1236989534
2024-09-16 01:00:00,1236848936,1238673777,1236629408,1238641108
2024-09-16 01:05:00,1238685771,1239121625,1238677084,1239121625
2024-09-16 01:10:00,1239148039,1240240675,1239142422,1240240588
2024-09-16 01:15:00,1240284680,1241315604,1240144124,1240245649
2024-09-16 01:20:00,1240223063,1240976647,1240223063,1240890310
2024-09-16 01:25:00,1240942737,1241907547,1240825823,1241906310
2024-09-16 01:30:00,1241947034,1242359358,1241910440,1242314551
2024-09-16 01:35:00,1242316289,1243332706,1242316289,1243332706
2024-09-16 01:40:00,1243343489,1243563224,1243312256,1243553025
2024-09-16 01:45:00,1243541876,1243781495,1243530331,1243654421
2024-09-16 01:50:00,1243648095,1243668405,1242589507,1242717019
2024-09-16 01:55:00,1242716721,1243352123,1242713283,1243352123
2024-09-16 02:00:00,1243367574,1243367574,1242984361,1243229736
2024-09-16 02:05:00,1243230194,1243738213,1240854755,1240854755
2024-09-16 02:10:00,1240831484,1241028647,1237150585,1237739640
2024-09-16 02:15:00,1237757287,1240008824,1237747156,1240008824
2024-09-16 02:20:00,1239887233,1239887233,1236014438,1236014438
2024-09-16 02:25:00,1235954326,1236156942,1235590122,1236129633
2024-09-16 02:30:00,1235887647,1236039298,1235375091,1235415442
2024-09-16 02:35:00,1235377124,1235689523,1234899597,1234899597
2024-09-16 02:40:00,1234900292,1235024122,1234325842,1234325842
2024-09-16 02:45:00,1234324659,1234643532,1234241834,1234277755
2024-09-16 02:50:00,1234234990,1234251234,1233942932,1234135799
2024-09-16 02:55:00,1234103105,1234117373,1233422147,1233434638
2024-09-16 03:00:00,1233390346,1235935190,1232876071,1235327197
2024-09-16 03:05:00,1235303583,1235303583,1234637988,1234689359
2024-09-16 03:10:00,1234708747,1235094566,1234640104,1234986145
2024-09-16 03:15:00,1235020357,1236169879,1234854912,1236169879
2024-09-16 03:20:00,1236310038,1236694018,1235947069,1235947069
2024-09-16 03:25:00,1235948936,1236504181,1230235433,1230262301
2024-09-16 03:30:00,1230096683,1230500635,1229672040,1230063285
2024-09-16 03:35:00,1230058495,1230079866,1228265543,1229786068
2024-09-16 03:40:00,1229949747,1230125311,1229690653,1229944650
2024-09-16 03:45:00,1230066201,1231054471,1230066201,1230667379
2024-09-16 03:50:00,1230667365,1230890998,1230427336,1230880179
2024-09-16 03:55:00,1230877050,1231007217,1230615810,1230669344
2024-09-16 04:00:00,1230756365,1230756365,1230272420,1230273534
2024-09-16 04:05:00,1230273147,1230513360,1230181187,1230429307
2024-09-16 04:10:00,1230363778,1230363778,1226022438,1226248880
2024-09-16 04:15:00,1226200068,1229261496,1226034013,1229261496
2024-09-16 04:20:00,1229292641,1229559646,1228992539,1229362801
2024-09-16 04:25:00,1229364916,1230070345,1229299427,1229310840
2024-09-16 04:30:00,1229297601,1229308906,1228703105,1228746998
2024-09-16 04:35:00,1228745193,1231262033,1227142023,1227337240
2024-09-16 04:40:00,1227486387,1227542588,1226954058,1227046737
2024-09-16 04:45:00,1227049620,1228165010,1223229097,1227558017
2024-09-16 04:50:00,1227562218,1227562218,1223339462,1223383621
2024-09-16 04:55:00,1223554945,1223557104,1222256169,1222342176
2024-09-16 05:00:00,1222392111,1222392111,1220400063,1220488902
2024-09-16 05:05:00,1220451045,1221416276,1217300932,1217300932
2024-09-16 05:10:00,1217276943,1219502384,1213644532,1213802718
2024-09-16 05:15:00,1213677564,1213836323,1211064561,1211153974
2024-09-16 05:20:00,1211050565,1211445937,1211032295,1211170453
2024-09-16 05:25:00,1211182089,1211182089,1210620251,1210620251
2024-09-16 05:30:00,1210625603,1210795214,1210275128,1210417549
2024-09-16 05:35:00,1210403032,1210403032,1209351877,1209664606
2024-09-16 05:40:00,1209745633,1209871307,1209379236,1209449737
2024-09-16 05:45:00,1209461331,1209543638,1208962071,1208963517
2024-09-16 05:50:00,1209275002,1209333171,1207927441,1208002148
2024-09-16 05:55:00,1207503612,1207503612,1201394784,1201394784
2024-09-16 06:00:00,1201395759,1201395759,1199841283,1199841283
2024-09-16 06:05:00,1199848410,1201423367,1199841804,1200653799
2024-09-16 06:10:00,1200717304,1200797934,1199695152,1199791767
2024-09-16 06:15:00,1199813923,1199881161,1198252976,1198539453
2024-09-16 06:20:00,1198569999,1199010436,1198340323,1198346924
2024-09-16 06:25:00,1198304210,1198521146,1198060043,1198519980
2024-09-16 06:30:00,1198546605,1198762330,1197089919,1197590053
2024-09-16 06:35:00,1197598717,1197598717,1195827866,1195828894
2024-09-16 06:40:00,1195831930,1195831930,1194988799,1195004606
2024-09-16 06:45:00,1194946903,1194958292,1193576415,1193576415
2024-09-16 06:50:00,1193577720,1193765824,1193096203,1193108150
2024-09-16 06:55:00,1193107197,1193115585,1191720581,1191726286
2024-09-16 07:00:00,1191739705,1192253061,1190337622,1190836886
2024-09-16 07:05:00,1190827988,1190873769,1190305294,1190333488
2024-09-16 07:10:00,1190261330,1190536687,1190237510,1190310538
2024-09-16 07:15:00,1190309814,1190859227,1190206306,1190749465
2024-09-16 07:20:00,1190697385,1191090413,1189334995,1189335222
2024-09-16 07:25:00,1189327483,1189337340,1188670810,1188714081
2024-09-16 07:30:00,1188693776,1188809811,1188475214,1188498002
2024-09-16 07:35:00,1188485296,1188655982,1188335906,1188564021
2024-09-16 07:40:00,1188526153,1188583878,1188259705,1188583878
2024-09-16 07:45:00,1188583696,1189187906,1188398051,1189129293
2024-09-16 07:50:00,1189130073,1189196849,1188676090,1188917343
2024-09-16 07:55:00,1188848504,1188848504,1188293847,1188374493
2024-09-16 08:00:00,1188405470,1189001934,1188405451,1188670037
2024-09-16 08:05:00,1188662153,1188662153,1187390351,1187998686
2024-09-16 08:10:00,1187902813,1187964170,1187260893,1187440919
2024-09-16 08:15:00,1187460417,1187460417,1187167076,1187190146
2024-09-16 08:20:00,1187176301,1188015302,1185616179,1185667830
2024-09-16 08:25:00,1185667730,1186220554,1185424349,1186080245
2024-09-16 08:30:00,1186048222,1186181212,1185558912,1185558912
2024-09-16 08:35:00,1185558862,1185656004,1185165246,1185165246
2024-09-16 08:40:00,1185271495,1185519221,1184869798,1185122422
2024-09-16 08:45:00,1185124735,1185434022,1185014409,1185410780
2024-09-16 08:50:00,1185400672,1185934316,1185363715,1185922814
2024-09-16 08:55:00,1185910058,1187327704,1185767637,1187252853
2024-09-16 09:00:00,1187190506,1187315529,1187080796,1187181988
2024-09-16 09:05:00,1187181988,1188075689,1187158781,1187176983
2024-09-16 09:10:00,1187177914,1188800531,1186910744,1188721492
2024-09-16 09:15:00,1188635433,1189728583,1187732510,1189727155
2024-09-16 09:20:00,1189773583,1190098017,1189270273,1189882999
2024-09-16 09:25:00,1189930544,1190515195,1189930544,1190408798
2024-09-16 09:30:00,1190436444,1190554568,1190045491,1190048041
2024-09-16 09:35:00,1190022769,1190027107,1189107519,1189107519
2024-09-16 09:40:00,1189126029,1189395448,1188947759,1189245467
2024-09-16 09:45:00,1189246096,1190104475,1189100983,1189249000
2024-09-16 09:50:00,1189246777,1189252244,1188774006,1188886300
2024-09-16 09:55:00,1188901695,1188901695,1188066372,1188117992
2024-09-16 10:00:00,1188414494,1189121593,1188306896,1189016422
2024-09-16 10:05:00,1189022978,1189486991,1188980755,1189473130
2024-09-16 10:10:00,1189412209,1189419689,1189042447,1189042447
2024-09-16 10:15:00,1189001675,1189027630,1188737482,1189027630
2024-09-16 10:20:00,1189026738,1189551647,1188836213,1189550454
2024-09-16 10:25:00,1189547240,1190048102,1189545512,1189635988
2024-09-16 10:30:00,1189634673,1189634673,1188665017,1189082337
2024-09-16 10:35:00,1189112884,1189151171,1188330396,1188858639
2024-09-16 10:40:00,1188862805,1189244037,1188179925,1188257504
2024-09-16 10:45:00,1188274761,1188419591,1187834154,1188038479
2024-09-16 10:50:00,1187957317,1188213605,1187832295,1187916320
2024-09-16 10:55:00,1187782045,1188741218,1187643515,1188658653
2024-09-16 11:00:00,1188629995,1189322561,1188491093,1189034229
2024-09-16 11:05:00,1189040082,1189078146,1188782571,1188782637
2024-09-16 11:10:00,1188776546,1189045748,1188776546,1189041728
2024-09-16 11:15:00,1189039733,1189384405,1188925445,1188951855
2024-09-16 11:20:00,1188952626,1189402529,1188579420,1189210436
2024-09-16 11:25:00,1189298895,1189950941,1188697224,1189905550
2024-09-16 11:30:00,1189879070,1190487757,1189265994,1190471459
2024-09-16 11:35:00,1190429731,1190507185,1190256942,1190261684
2024-09-16 11:40:00,1190336732,1190396726,1189745564,1190333354
2024-09-16 11:45:00,1190317644,1190742183,1190313577,1190513134
2024-09-16 11:50:00,1190500532,1190552166,1190058420,1190175490
2024-09-16 11:55:00,1190173504,1190218470,1189894083,1189894602
2024-09-16 12:00:00,1189851961,1190439619,1189851961,1190408192
2024-09-16 12:05:00,1190824985,1190824985,1189851828,1189904861
2024-09-16 12:10:00,1189913663,1190124795,1189397155,1189398436
2024-09-16 12:15:00,1189398674,1189496306,1188001620,1188329764
2024-09-16 12:20:00,1188338613,1188379028,1185555586,1185562324
2024-09-16 12:25:00,1185538127,1185538127,1184539243,1184539243
2024-09-16 12:30:00,1184433415,1184440223,1183647074,1184040560
2024-09-16 12:35:00,1184041906,1184041906,1182367402,1182485098
2024-09-16 12:40:00,1182502677,1184893844,1182502677,1182621013
2024-09-16 12:45:00,1182643291,1183077968,1180491262,1180491862
2024-09-16 12:50:00,1180480379,1181181430,1180220982,1181048942
2024-09-16 12:55:00,1181042776,1181165938,1180958265,1180990580
2024-09-16 13:00:00,1180989194,1181879688,1180011062,1181839357
2024-09-16 13:05:00,1181970778,1181970778,1181182296,1181481005
2024-09-16 13:10:00,1181481060,1181644364,1180555835,1180596764
2024-09-16 13:15:00,1180528385,1180528385,1179455549,1179521420
2024-09-16 13:20:00,1179708412,1179773735,1178919125,1178919125
2024-09-16 13:25:00,1178927531,1178927741,1178364160,1178374725
2024-09-16 13:30:00,1178374406,1178374406,1177950124,1178031718
2024-09-16 13:35:00,1178071598,1179159232,1178071598,1179159232
2024-09-16 13:40:00,1179139027,1179238334,1178683743,1178683743
2024-09-16 13:45:00,1178687561,1178740307,1176638437,1176638437
2024-09-16 13:50:00,1176505588,1176751215,1175101611,1175134890
2024-09-16 13:55:00,1175182762,1175251747,1175108465,1175130626
2024-09-16 14:00:00,1175077096,1176274416,1174883278,1176274416
2024-09-16 14:05:00,1176250132,1177593855,1176144961,1177552959
2024-09-16 14:10:00,1177536665,1177779919,1177444154,1177458195
2024-09-16 14:15:00,1177428959,1177638287,1177328552,1177382302
2024-09-16 14:20:00,1177366301,1177394101,1176958792,1176958792
2024-09-16 14:25:00,1176903076,1177890975,1176805267,1177888781
2024-09-16 14:30:00,1177889714,1178052684,1177771388,1177826811
2024-09-16 14:35:00,1177797498,1178428411,1177797498,1178060342
2024-09-16 14:40:00,1178043438,1178052321,1177361828,1177496338
2024-09-16 14:45:00,1177513788,1177513788,1177166361,1177201620
2024-09-16 14:50:00,1177201570,1177279994,1176495168,1176588405
2024-09-16 14:55:00,1176441411,1177603712,1176438351,1176905325
2024-09-16 15:00:00,1176905325,1177556313,1176894488,1177556313
2024-09-16 15:05:00,1177557999,1180783859,1177557999,1180621232
2024-09-16 15:10:00,1180617044,1181136297,1180426701,1181102256
2024-09-16 15:15:00,1181097145,1181136975,1180701732,1180749281
2024-09-16 15:20:00,1180734105,1180734105,1179965033,1179965033
2024-09-16 15:25:00,1179953215,1179953215,1178452777,1179258677
2024-09-16 15:30:00,1179255242,1179255242,1177114656,1177132153
2024-09-16 15:35:00,1177100608,1177122898,1170573696,1170811240
2024-09-16 15:40:00,1170750977,1170750977,1169304600,1169714398
2024-09-16 15:45:00,1169672767,1169721089,1169208157,1169208157
2024-09-16 15:50:00,1169273375,1169618732,1168590370,1168998519
2024-09-16 15:55:00,1169018559,1169160299,1168903865,1169144263
2024-09-16 16:00:00,1169175162,1169573668,1169037562,1169240375
2024-09-16 16:05:00,1169235088,1169303621,1168868533,1168902947
2024-09-16 16:10:00,1168898174,1168920794,1168368382,1168488045
2024-09-16 16:15:00,1168455915,1168455915,1167910093,1168318561
2024-09-16 16:20:00,1168318613,1168354841,1167825565,1168209096
2024-09-16 16:25:00,1168197407,1168338195,1167172704,1167257398
2024-09-16 16:30:00,1167260516,1167260516,1164929352,1164932768
2024-09-16 16:35:00,1164893447,1165227635,1162843765,1163275425
2024-09-16 16:40:00,1163265398,1164332066,1163150294,1164140988
2024-09-16 16:45:00,1164130775,1164472694,1163547332,1163621574
2024-09-16 16:50:00,1163501139,1163536338,1161946141,1162106911
2024-09-16 16:55:00,1161998092,1162778104,1161911736,1162607010
2024-09-16 17:00:00,1162552814,1163361584,1162475521,1163326617
2024-09-16 17:05:00,1163286140,1163426227,1163028838,1163349055
2024-09-16 17:10:00,1163296013,1163489151,1162936231,1163140272
2024-09-16 17:15:00,1163203095,1163307769,1162189579,1162972777
2024-09-16 17:20:00,1162996135,1162996135,1160918194,1162460236
2024-09-16 17:25:00,1162464484,1163213373,1162317481,1162524590
2024-09-16 17:30:00,1162264953,1162532586,1141554802,1141554802
2024-09-16 17:35:00,1141018289,1141501248,1138397470,1138479054
2024-09-16 17:40:00,1138462756,1138708690,1136646108,1136646108
2024-09-16 17:45:00,1136895547,1138438181,1136895547,1137586162
2024-09-16 17:50:00,1137693934,1138179227,1135131028,1135400828
2024-09-16 17:55:00,1135185369,1135379974,1133967284,1134322021
2024-09-16 18:00:00,1134306411,1134306411,1133690494,1134119040
2024-09-16 18:05:00,1134075111,1134739693,1133896329,1134739693
2024-09-16 18:10:00,1134742401,1134868216,1133824104,1133824104
2024-09-16 18:15:00,1133818668,1136003446,1133647651,1135825618
2024-09-16 18:20:00,1135826528,1137073770,1135649622,1136919567
2024-09-16 18:25:00,1136929892,1136929892,1135555771,1135555771
2024-09-16 18:30:00,1135590888,1135894350,1134411087,1135648277
2024-09-16 18:35:00,1135635139,1135635139,1134737957,1135237883
2024-09-16 18:40:00,1135192984,1135589065,1134087076,1135288812
2024-09-16 18:45:00,1135342435,1136268246,1135342435,1136268246
2024-09-16 18:50:00,1136271050,1137435076,1136214382,1137385027
2024-09-16 18:55:00,1137367851,1138962172,1137359673,1138705543
2024-09-16 19:00:00,1138609645,1139991919,1138019716,1139224307
2024-09-16 19:05:00,1139215899,1139480016,1138341614,1139289436
2024-09-16 19:10:00,1139215560,1139723811,1138614568,1139283146
2024-09-16 19:15:00,1139188079,1139403627,1138391299,1138797430
2024-09-16 19:20:00,1138834905,1139135461,1138485299,1139133247
2024-09-16 19:25:00,1139133383,1140638376,1139133383,1140638376
2024-09-16 19:30:00,1140690847,1141899791,1134656086,1134844543
2024-09-16 19:35:00,1134848569,1135040135,1134380151,1134864098
2024-09-16 19:40:00,1135030486,1135245622,1134409629,1134409629
2024-09-16 19:45:00,1134410517,1142795329,1133753099,1142583405
2024-09-16 19:50:00,1142566121,1142566121,1138812924,1139074682
2024-09-16 19:55:00,1138977881,1139821392,1138925848,1139551256
2024-09-16 20:00:00,1139549797,1139712971,1139149074,1139458897
2024-09-16 20:05:00,1139458113,1139458113,1132375570,1132500021
2024-09-16 20:10:00,1132849879,1133733739,1131960416,1133388944
2024-09-16 20:15:00,1132582715,1133857721,1132264491,1133822016
2024-09-16 20:20:00,1133833573,1134661559,1133661373,1133681946
2024-09-16 20:25:00,1133706401,1133706401,1132459776,1132461093
2024-09-16 20:30:00,1132463190,1132463190,1130829910,1130831023
2024-09-16 20:35:00,1130882474,1131658997,1130882474,1131640087
2024-09-16 20:40:00,1131636659,1133121063,1128823439,1129241123
2024-09-16 20:45:00,1129269340,1129269340,1127678430,1127678430
2024-09-16 20:50:00,1127675487,1128886701,1127401754,1128886701
2024-09-16 20:55:00,1128936817,1129775572,1128819588,1129775572
2024-09-16 21:00:00,1129779469,1129779469,1128075617,1128111431
2024-09-16 21:05:00,1128121355,1129912058,1128105057,1129480514
2024-09-16 21:10:00,1129413355,1129413355,1128363995,1128918069
2024-09-16 21:15:00,1128868847,1128904423,1128516213,1128904423
2024-09-16 21:20:00,1128831116,1128933946,1128705716,1128861019
2024-09-16 21:25:00,1128908583,1128942314,1127819303,1127819303
2024-09-16 21:30:00,1127772139,1128076371,1127531370,1127854088
2024-09-16 21:35:00,1127845758,1127846599,1127589813,1127594577
2024-09-16 21:40:00,1127595374,1127694491,1126781268,1126803619
2024-09-16 21:45:00,1126866283,1126882926,1126675469,1126692831
2024-09-16 21:50:00,1126699677,1127829480,1126689465,1127727320
2024-09-16 21:55:00,1127567553,1127569974,1126826198,1126989976
2024-09-16 22:00:00,1126990130,1127267202,1126874815,1126889974
2024-09-16 22:05:00,1126857862,1127154238,1126802791,1127125709
2024-09-16 22:10:00,1127092304,1127447562,1125884582,1125998703
2024-09-16 22:15:00,1125999710,1126012654,1125494638,1125514802
2024-09-16 22:20:00,1125496194,1126894049,1125459813,1126846102
2024-09-16 22:25:00,1126840614,1126949728,1126510612,1126896017
2024-09-16 22:30:00,1126891984,1127164948,1126830195,1126852880
2024-09-16 22:35:00,1126780889,1126780889,1125785175,1125797479
2024-09-16 22:40:00,1125705628,1125705887,1125299985,1125330841
2024-09-16 22:45:00,1125324474,1125328895,1124617401,1124669238
2024-09-16 22:50:00,1124581226,1124756489,1124306170,1124580299
2024-09-16 22:55:00,1124584156,1125011689,1118553297,1118553552
2024-09-16 23:00:00,1118899733,1119121737,1117783554,1117848030
2024-09-16 23:05:00,1117871001,1117889187,1117032138,1117224267
2024-09-16 23:10:00,1117263445,1117947205,1117263445,1117932554
2024-09-16 23:15:00,1117927496,1117927496,1117399091,1117426630
2024-09-16 23:20:00,1117453277,1117795160,1117415696,1117415696
2024-09-16 23:25:00,1117402863,1117419077,1114698753,1115053778
2024-09-16 23:30:00,1115023979,1115529328,1114208516,1114443869
2024-09-16 23:35:00,1114418376,1115774255,1114377120,1115119068
2024-09-16 23:40:00,1115176063,1115341231,1113199967,1113230587
2024-09-16 23:45:00,1113233464,1113233464,1110939703,1111932365
2024-09-16 23:50:00,1111930301,1112003722,1111631196,1111657750
2024-09-16 23:55:00,1111652351,1111652351,1108970518,1109070197
2024-09-17 00:00:00,1108191638,1108274930,1103305946,1103326802
2024-09-17 00:05:00,1103326782,1103326782,1102626435,1102690214
2024-09-17 00:10:00,1102221214,1102960798,1101965234,1102885404
2024-09-17 00:15:00,1102826561,1103474350,1102203880,1102203880
2024-09-17 00:20:00,1102203880,1103428620,1101876913,1101876913
2024-09-17 00:25:00,1101265564,1101402992,1100790324,1100792359
2024-09-17 00:30:00,1100861517,1100861517,1099746927,1099764718
2024-09-17 00:35:00,1099764391,1099776329,1099397182,1099417540
2024-09-17 00:40:00,1099444744,1099484520,1098073424,1098087097
2024-09-17 00:45:00,1098088560,1098324423,1097848580,1097938464
2024-09-17 00:50:00,1097940443,1098746710,1097940443,1098746710
2024-09-17 00:55:00,1098746203,1099246597,1098734564,1099171902
2024-09-17 01:00:00,1099320734,1099855199,1098838272,1099855199
2024-09-17 01:05:00,1099864894,1100161614,1099789491,1099837399
2024-09-17 01:10:00,1099838076,1099838076,1099234401,1099383154
2024-09-17 01:15:00,1099419916,1100126043,1099376084,1100126043
2024-09-17 01:20:00,1100162370,1102978551,1100162370,1102897340
2024-09-17 01:25:00,1102914815,1103624147,1102876868,1103624086
2024-09-17 01:30:00,1103623950,1104089492,1103623950,1104039624
2024-09-17 01:35:00,1104148185,1104148185,1103659195,1103969409
2024-09-17 01:40:00,1104075610,1106412906,1104069709,1106370144
2024-09-17 01:45:00,1106367595,1106893371,1106154400,1106846301
2024-09-17 01:50:00,1106846417,1106995003,1106819511,1106969041
2024-09-17 01:55:00,1106969685,1107100521,1106644362,1107078718
2024-09-17 02:00:00,1107073694,1107700622,1107073694,1107663723
2024-09-17 02:05:00,1107875801,1108206623,1107840471,1108005204
2024-09-17 02:10:00,1108002305,1108659347,1108002305,1108659347
2024-09-17 02:15:00,1108700190,1109678202,1108700190,1109492938
2024-09-17 02:20:00,1109450420,1109450420,1108545055,1108647335
2024-09-17 02:25:00,1108641442,1108672446,1108474575,1108630952
2024-09-17 02:30:00,1108605822,1108646169,1107604813,1107697085
2024-09-17 02:35:00,1107722929,1107804549,1107521408,1107521408
2024-09-17 02:40:00,1107418730,1107462708,1106765350,1107022818
2024-09-17 02:45:00,1107023257,1107264900,1106136412,1106187927
2024-09-17 02:50:00,1106216492,1106216492,1104712170,1105011154
2024-09-17 02:55:00,1104964762,1104965311,1104210667,1104289718
2024-09-17 03:00:00,1104105509,1104105509,1102470344,1102653991
2024-09-17 03:05:00,1102620453,1102620453,1101855924,1101880721
2024-09-17 03:10:00,1101874389,1102529619,1101829540,1102379651
2024-09-17 03:15:00,1102381236,1102568523,1095832765,1095837515
2024-09-17 03:20:00,1095855854,1095855854,1094902129,1094902129
2024-09-17 03:25:00,1094907696,1094907696,1094398580,1094398580
2024-09-17 03:30:00,1094377063,1094392195,1093921656,1094031870
2024-09-17 03:35:00,1094032230,1095352914,1094023484,1095332104
2024-09-17 03:40:00,1095459673,1095552057,1094855124,1094864266
2024-09-17 03:45:00,1094850590,1095016805,1094380888,1094766527
2024-09-17 03:50:00,1094815278,1095778104,1094815278,1095060624
2024-09-17 03:55:00,1095065635,1095557282,1094435694,1095103331
2024-09-17 04:00:00,1095055594,1096316619,1094459348,1096030751
2024-09-17 04:05:00,1096042114,1096042114,1095388275,1095584437
2024-09-17 04:10:00,1095581353,1096421023,1095533408,1096076382
2024-09-17 04:15:00,1095946810,1096058053,1095359102,1095359102
2024-09-17 04:20:00,1095343104,1095713428,1094625197,1094628045
2024-09-17 04:25:00,1094596209,1094690856,1094529722,1094538350
2024-09-17 04:30:00,1094529981,1095562679,1094497471,1095546990
2024-09-17 04:35:00,1095558896,1095672189,1095045421,1095093939
2024-09-17 04:40:00,1095098637,1095099429,1094560569,1094716271
2024-09-17 04:45:00,1094720493,1094720493,1092228015,1092229624
2024-09-17 04:50:00,1092221120,1092823186,1090790784,1090923712
2024-09-17 04:55:00,1090919812,1091177028,1090771779,1091177028
2024-09-17 05:00:00,1091130811,1091179002,1090666855,1090746046
2024-09-17 05:05:00,1090722069,1091608951,1090694181,1091270545
2024-09-17 05:10:00,1091269062,1092359876,1091203143,1091955604
2024-09-17 05:15:00,1091948109,1091948109,1091586366,1091701435
2024-09-17 05:20:00,1091804565,1091804565,1091175392,1091244231
2024-09-17 05:25:00,1091241534,1091269042,1090734081,1090894494
2024-09-17 05:30:00,1090894274,1091001493,1089329333,1089587721
2024-09-17 05:35:00,1089587451,1089788435,1088701991,1089171666
2024-09-17 05:40:00,1089107378,1089335485,1088826685,1089244816
2024-09-17 05:45:00,1089263315,1089364319,1087987746,1087989201
2024-09-17 05:50:00,1087977813,1087977813,1085926345,1085926345
2024-09-17 05:55:00,1085892936,1086600386,1085845710,1086588013
2024-09-17 06:00:00,1086588013,1086787045,1085440200,1085440200
2024-09-17 06:05:00,1085425380,1085500061,1084924726,1085024224
2024-09-17 06:10:00,1085023119,1085429451,1084956169,1085429451
2024-09-17 06:15:00,1085458631,1085629432,1085066573,1085066573
2024-09-17 06:20:00,1085063804,1085132290,1084777841,1085114193
2024-09-17 06:25:00,1084981076,1085282983,1084842378,1085203895
2024-09-17 06:30:00,1085207310,1085247897,1083022281,1083035891
2024-09-17 06:35:00,1083054151,1083975742,1082812408,1083973501
2024-09-17 06:40:00,1083972165,1084093306,1083580586,1083588611
2024-09-17 06:45:00,1083591999,1083801278,1083522274,1083754983
2024-09-17 06:50:00,1083754566,1084084570,1083745010,1083990620
2024-09-17 06:55:00,1084000575,1084948466,1083997902,1084886869
2024-09-17 07:00:00,1084886535,1085071248,1084719372,1084816816
2024-09-17 07:05:00,1084815457,1086570606,1084815457,1086557539
2024-09-17 07:10:00,1086557442,1086690605,1086390803,1086466623
2024-09-17 07:15:00,1086460018,1086460018,1085776562,1086054123
2024-09-17 07:20:00,1086053059,1086222459,1085859049,1085992233
2024-09-17 07:25:00,1085994695,1086081135,1085758584,1086081011
2024-09-17 07:30:00,1086080958,1086636078,1085823136,1086513404
2024-09-17 07:35:00,1086512857,1087476688,1086511873,1087475634
2024-09-17 07:40:00,1087306750,1090016522,1087306750,1089540718
2024-09-17 07:45:00,1089546017,1090368524,1089342808,1089805932
2024-09-17 07:50:00,1089851980,1090129834,1087758845,1087929506
2024-09-17 07:55:00,1087929025,1087929868,1087175052,1087534017
2024-09-17 08:00:00,1087534117,1088410808,1087376206,1088399681
2024-09-17 08:05:00,1088391817,1089218636,1088323708,1089011675
2024-09-17 08:10:00,1089025504,1089033434,1088898713,1088898718
2024-09-17 08:15:00,1089010877,1089019576,1088597108,1088642174
2024-09-17 08:20:00,1088641067,1088747479,1088242812,1088354693
2024-09-17 08:25:00,1088416316,1089094602,1088358634,1089055490
2024-09-17 08:30:00,1089052715,1089604762,1088925756,1088925756
2024-09-17 08:35:00,1088842704,1089718266,1088842704,1089363419
2024-09-17 08:40:00,1089364377,1089721456,1089232550,1089721456
2024-09-17 08:45:00,1089724621,1089940924,1089454756,1089515993
2024-09-17 08:50:00,1089484933,1089514134,1087657542,1087943558
2024-09-17 08:55:00,1087877975,1087997199,1085087701,1086053736
2024-09-17 09:00:00,1086120461,1086519260,1085367207,1085463017
2024-09-17 09:05:00,1085429465,1085434757,1084382465,1085264612
2024-09-17 09:10:00,1085276393,1085276393,1084437040,1084506211
2024-09-17 09:15:00,1084706160,1085874201,1084706160,1085861843
2024-09-17 09:20:00,1085846749,1086300505,1085818801,1086228255
2024-09-17 09:25:00,1086263468,1086509861,1085961246,1085976805
2024-09-17 09:30:00,1085977802,1086265585,1085873845,1086152671
2024-09-17 09:35:00,1086152825,1086323925,1085822312,1085822312
2024-09-17 09:40:00,1085830309,1085830309,1085458652,1085690427
2024-09-17 09:45:00,1085735854,1085951646,1085520333,1085951646
2024-09-17 09:50:00,1085982931,1086439725,1085982931,1086436078
2024-09-17 09:55:00,1086481963,1086609124,1086373845,1086543127
2024-09-17 10:00:00,1086526179,1087000489,1086212911,1086232423
2024-09-17 10:05:00,1086232393,1086419005,1086232393,1086419005
2024-09-17 10:10:00,1086441088,1087315545,1086441088,1087219766
2024-09-17 10:15:00,1087221293,1087803089,1087206010,1087803089
2024-09-17 10:20:00,1087821116,1094818977,1087821116,1094180236
2024-09-17 10:25:00,1094178492,1094840604,1094160915,1094707484
2024-09-17 10:30:00,1094687079,1095901630,1094583826,1095890932
2024-09-17 10:35:00,1095889538,1096850635,1095541713,1096797632
2024-09-17 10:40:00,1096792595,1096828052,1096069753,1096207619
2024-09-17 10:45:00,1096165934,1096994632,1095958278,1096854947
2024-09-17 10:50:00,1097040278,1097040882,1096314275,1096413603
2024-09-17 10:55:00,1096378162,1097207767,1096001753,1096913370
2024-09-17 11:00:00,1096892768,1097146264,1096515874,1097055924
2024-09-17 11:05:00,1097114678,1097290209,1096508173,1096514865
2024-09-17 11:10:00,1096516411,1097324486,1096226824,1097309755
2024-09-17 11:15:00,1097309755,1099289245,1097261046,1098846466
2024-09-17 11:20:00,1098808780,1099027348,1098164197,1098164197
2024-09-17 11:25:00,1098142768,1098142768,1097075035,1097247221
2024-09-17 11:30:00,1097248315,1097248315,1097170280,1097198915
2024-09-17 11:35:00,1097200034,1097476029,1097102269,1097476029
2024-09-17 11:40:00,1097481582,1097502485,1096105355,1096141751
2024-09-17 11:45:00,1096200057,1097189670,1096186118,1097189670
2024-09-17 11:50:00,1097195060,1097781638,1097176754,1097539837
2024-09-17 11:55:00,1097561945,1098012358,1097360074,1097994632
2024-09-17 12:00:00,1097927705,1097931562,1096991631,1096991631
2024-09-17 12:05:00,1097055075,1098659080,1096871782,1098372899
2024-09-17 12:10:00,1098366229,1100631444,1098366229,1099946838
2024-09-17 12:15:00,1099962927,1100118805,1099540637,1099540637
2024-09-17 12:20:00,1099362676,1099362676,1098237699,1098359464
2024-09-17 12:25:00,1098314455,1098896644,1098302144,1098460730
2024-09-17 12:30:00,1098414192,1098638486,1098255916,1098614890
2024-09-17 12:35:00,1098615656,1098881910,1098572865,1098831671
2024-09-17 12:40:00,1098862024,1099509990,1098845846,1099467978
2024-09-17 12:45:00,1099467612,1099524431,1099248475,1099248986
2024-09-17 12:50:00,1099251510,1099515336,1099018270,1099337860
2024-09-17 12:55:00,1099248999,1099509659,1099148981,1099245681
2024-09-17 13:00:00,1099243008,1099275257,1098852060,1099167264
2024-09-17 13:05:00,1099167221,1099846329,1099143509,1099839469
2024-09-17 13:10:00,1099957542,1100880700,1099957542,1100726790
2024-09-17 13:15:00,1100796775,1101135195,1100578788,1101125559
2024-09-17 13:20:00,1101092553,1101560246,1100867054,1101487818
2024-09-17 13:25:00,1101442425,1101775894,1101091769,1101092908
2024-09-17 13:30:00,1100917440,1100917440,1100128987,1100245031
2024-09-17 13:35:00,1100237603,1100803353,1099925331,1099930725
2024-09-17 13:40:00,1099824549,1099890560,1099632999,1099887832
2024-09-17 13:45:00,1100004810,1100066447,1099209178,1099360771
2024-09-17 13:50:00,1099546339,1100032769,1099328683,1099980416
2024-09-17 13:55:00,1099981630,1102330341,1099781657,1100635964
2024-09-17 14:00:00,1100598330,1101088221,1098864261,1099027773
2024-09-17 14:05:00,1099167317,1099336043,1098074328,1098384561
2024-09-17 14:10:00,1098315267,1098315267,1096861997,1096862725
2024-09-17 14:15:00,1096865177,1097167917,1095344067,1095344067
2024-09-17 14:20:00,1095300129,1095449591,1095119536,1095228300
2024-09-17 14:25:00,1095224102,1095378264,1095108069,1095376507
2024-09-17 14:30:00,1095396466,1095862232,1095347253,1095778574
2024-09-17 14:35:00,1095783393,1095783393,1095404328,1095408928
2024-09-17 14:40:00,1095437126,1095444405,1093819302,1093819302
2024-09-17 14:45:00,1093803439,1093859285,1093412733,1093417161
2024-09-17 14:50:00,1093421062,1093551789,1092793677,1093510494
2024-09-17 14:55:00,1093510424,1093920602,1093470008,1093898539
2024-09-17 15:00:00,1093873053,1094237871,1092984833,1094041136
2024-09-17 15:05:00,1094010363,1094010363,1093292001,1093672564
2024-09-17 15:10:00,1093669008,1093669008,1093208378,1093355877
2024-09-17 15:15:00,1093280872,1093280872,1091148605,1092624938
2024-09-17 15:20:00,1092675997,1095233579,1092675997,1094978774
2024-09-17 15:25:00,1094976694,1095719254,1094976694,1095719254
2024-09-17 15:30:00,1095538748,1096639579,1095538748,1096581570
2024-09-17 15:35:00,1096575410,1098770433,1096412551,1098770433
2024-09-17 15:40:00,1098770483,1099110509,1098228265,1098614530
2024-09-17 15:45:00,1098626113,1098842006,1098426007,1098827379
2024-09-17 15:50:00,1098824234,1099141983,1098140556,1098223816
2024-09-17 15:55:00,1098225959,1101853306,1098225959,1101853306
2024-09-17 16:00:00,1101863177,1101873279,1100991995,1101701743
2024-09-17 16:05:00,1101701993,1101936445,1101390419,1101390419
2024-09-17 16:10:00,1101389452,1102245354,1101320675,1102049767
2024-09-17 16:15:00,1102029617,1102596731,1101662851,1102596731
2024-09-17 16:20:00,1102593871,1110933059,1102593871,1110932993
2024-09-17 16:25:00,1111125032,1111131148,1110279324,1110425554
2024-09-17 16:30:00,1110305872,1111535516,1110305872,1111094513
2024-09-17 16:35:00,1111024430,1111310837,1110207001,1110288737
2024-09-17 16:40:00,1110258269,1110258269,1107920271,1107920271
2024-09-17 16:45:00,1107790803,1108232980,1107522446,1107522446
2024-09-17 16:50:00,1107255404,1107457277,1103223545,1103264605
2024-09-17 16:55:00,1103259769,1103259769,1101296524,1101709881
2024-09-17 17:00:00,1101966724,1104962346,1101966724,1104401526
2024-09-17 17:05:00,1104489356,1106102036,1104480435,1105952685
2024-09-17 17:10:00,1105992619,1106397770,1103757608,1103757608
2024-09-17 17:15:00,1103819504,1103972237,1097899553,1100345431
2024-09-17 17:20:00,1100187433,1100266851,1097256705,1097662098
2024-09-17 17:25:00,1097707984,1100948269,1093143451,1093184132
2024-09-17 17:30:00,1093270195,1102493193,1093009010,1101903262
2024-09-17 17:35:00,1102068064,1105971385,1101336391,1102278108
2024-09-17 17:40:00,1102164713,1102164713,1101220588,1101988207
2024-09-17 17:45:00,1102410084,1102911495,1100495987,1101024415
2024-09-17 17:50:00,1101015857,1102117956,1100985515,1101259134
2024-09-17 17:55:00,1101230744,1101529019,1099938394,1101143230
2024-09-17 18:00:00,1101129217,1103145879,1101129217,1102486063
2024-09-17 18:05:00,1102476431,1105254270,1102476431,1104356876
2024-09-17 18:10:00,1104376483,1111948177,1103846001,1111267294
2024-09-17 18:15:00,1111063518,1111094324,1108078251,1109056576
2024-09-17 18:20:00,1109028642,1110324072,1107561927,1110293325
2024-09-17 18:25:00,1110288975,1116788523,1110092651,1116788523
2024-09-17 18:30:00,1116880086,1116883972,1114621128,1115388422
2024-09-17 18:35:00,1115354557,1116392749,1115285972,1116392749
2024-09-17 18:40:00,1116383131,1116573495,1115512162,1116202575
2024-09-17 18:45:00,1116397411,1123574644,1116397411,1123241220
2024-09-17 18:50:00,1123278911,1124147393,1123134389,1123457718
2024-09-17 18:55:00,1123447208,1124093894,1122494056,1122494056
2024-09-17 19:00:00,1122355700,1124795626,1122056058,1124350537
2024-09-17 19:05:00,1124352140,1125446122,1124131001,1125410970
2024-09-17 19:10:00,1125435105,1132865779,1125324382,1132593982
2024-09-17 19:15:00,1132613369,1138195948,1132250414,1133371362
2024-09-17 19:20:00,1134729835,1135185840,1132795920,1133631458
2024-09-17 19:25:00,1133652841,1135092066,1133609609,1134907797
2024-09-17 19:30:00,1135008404,1135008404,1133628560,1133837713
2024-09-17 19:35:00,1133910479,1135108230,1133738724,1134691315
2024-09-17 19:40:00,1134697392,1135717973,1134527748,1135373502
2024-09-17 19:45:00,1135292598,1137734768,1135292598,1137170489
2024-09-17 19:50:00,1137226818,1137232211,1136121483,1136380295
2024-09-17 19:55:00,1136214618,1136957089,1136167886,1136524083
2024-09-17 20:00:00,1136530911,1136530911,1135708789,1135710588
2024-09-17 20:05:00,1135640597,1137372743,1135366683,1136807197
2024-09-17 20:10:00,1136716583,1136804586,1134734999,1135737987
2024-09-17 20:15:00,1135801082,1136472087,1135634454,1136173885
2024-09-17 20:20:00,1136270860,1136561805,1135008122,1135012890
2024-09-17 20:25:00,1134997849,1135108955,1134340375,1134487142
2024-09-17 20:30:00,1134472892,1135143225,1134112463,1134114053
2024-09-17 20:35:00,1134061309,1134109416,1133832696,1134086281
2024-09-17 20:40:00,1134090387,1135148534,1133792050,1134794516
2024-09-17 20:45:00,1134940673,1134940673,1134568958,1134824517
2024-09-17 20:50:00,1134829386,1134928920,1134560069,1134665048
2024-09-17 20:55:00,1134704998,1134777479,1134415605,1134522147
2024-09-17 21:00:00,1134525065,1134722099,1134264063,1134589114
2024-09-17 21:05:00,1134587137,1134950106,1134553362,1134948568
2024-09-17 21:10:00,1134920505,1134966958,1133126724,1133400517
2024-09-17 21:15:00,1133389667,1134448700,1133115809,1134448700
2024-09-17 21:20:00,1134442584,1134564628,1133931234,1133952622
2024-09-17 21:25:00,1133935237,1134026566,1133689966,1134003789
2024-09-17 21:30:00,1134003789,1134077561,1133297513,1133313060
2024-09-17 21:35:00,1133302770,1133302770,1132943893,1132966978
2024-09-17 21:40:00,1132939766,1133884214,1132153286,1132153384
2024-09-17 21:45:00,1132107155,1132305373,1130047882,1130328655
2024-09-17 21:50:00,1130317275,1133058191,1130116697,1132414496
2024-09-17 21:55:00,1132414496,1142937745,1132414496,1141927582
2024-09-17 22:00:00,1141632939,1141961469,1141227992,1141961469
2024-09-17 22:05:00,1142031624,1142465802,1141923112,1142438966
2024-09-17 22:10:00,1142443634,1143423779,1142423970,1143397506
2024-09-17 22:15:00,1143397555,1143408654,1138087626,1138087626
2024-09-17 22:20:00,1138031261,1138050517,1136428589,1136428775
2024-09-17 22:25:00,1136373912,1136373912,1135904474,1135990974
2024-09-17 22:30:00,1136014235,1136014235,1135722126,1135897849
2024-09-17 22:35:00,1135895842,1136056684,1135767530,1135926147
2024-09-17 22:40:00,1135915619,1135932333,1135367005,1135640025
2024-09-17 22:45:00,1135640009,1136839116,1133551324,1135098166
2024-09-17 22:50:00,1135015655,1135290305,1130294145,1130591884
2024-09-17 22:55:00,1130486491,1133565062,1130486491,1133565062
2024-09-17 23:00:00,1133610057,1134486361,1133177807,1134142430
2024-09-17 23:05:00,1134153007,1134153007,1131657175,1132677991
2024-09-17 23:10:00,1132704375,1133336577,1132658329,1133231225
2024-09-17 23:15:00,1133233353,1135197188,1133233353,1135197188
2024-09-17 23:20:00,1135631083,1136966844,1135629413,1136932831
2024-09-17 23:25:00,1136936760,1137035150,1136678628,1136911733
2024-09-17 23:30:00,1136901386,1137412719,1136901386,1137411926
2024-09-17 23:35:00,1137412008,1138919645,1137309001,1138597216
2024-09-17 23:40:00,1138608463,1138620652,1135805069,1135805069
2024-09-17 23:45:00,1135109510,1135109510,1132583541,1132601520
2024-09-17 23:50:00,1132831448,1132996072,1132385448,1132676939
2024-09-17 23:55:00,1132625335,1132625335,1131646436,1131648219
2024-09-18 00:00:00,1131644378,1131644398,1129052420,1129052420
2024-09-18 00:05:00,1129056855,1129210460,1128540311,1128630534
2024-09-18 00:10:00,1128675568,1128751532,1128600982,1128640565
2024-09-18 00:15:00,1128635005,1128661732,1128419309,1128654069
2024-09-18 00:20:00,1128660345,1128708184,1128085497,1128115969
2024-09-18 00:25:00,1127141862,1127160497,1126807102,1126807102
2024-09-18 00:30:00,1126831233,1127054537,1126229896,1126229896
2024-09-18 00:35:00,1126225872,1126225872,1124732975,1125195790
2024-09-18 00:40:00,1125042538,1125149403,1125008939,1125143468
2024-09-18 00:45:00,1125145286,1125176741,1124078855,1124085526
2024-09-18 00:50:00,1124090640,1124547515,1123949153,1124214539
2024-09-18 00:55:00,1124207037,1124207037,1124094081,1124197172
2024-09-18 01:00:00,1124326400,1125839008,1124326400,1125839008
2024-09-18 01:05:00,1125852357,1126587590,1125852357,1126348787
2024-09-18 01:10:00,1126338456,1127700316,1126338456,1127700316
2024-09-18 01:15:00,1127469397,1128476536,1127468792,1128476536
2024-09-18 01:20:00,1128436672,1128952706,1128078413,1128228106
2024-09-18 01:25:00,1128233366,1128897785,1128233366,1128570742
2024-09-18 01:30:00,1128578460,1129810630,1128578460,1129810630
2024-09-18 01:35:00,1129784473,1130914124,1129784473,1130914124
2024-09-18 01:40:00,1130968175,1133035197,1130918169,1133032990
2024-09-18 01:45:00,1133034999,1133488623,1133018317,1133483802
2024-09-18 01:50:00,1133483019,1134054101,1133483019,1133754788
2024-09-18 01:55:00,1133754832,1134164213,1133753353,1134164213
2024-09-18 02:00:00,1134164198,1135321601,1134164198,1135219621
2024-09-18 02:05:00,1135242454,1135938873,1134556112,1135938873
2024-09-18 02:10:00,1135983994,1136511218,1135977843,1136486228
2024-09-18 02:15:00,1136486228,1136605255,1136483736,1136538243
2024-09-18 02:20:00,1136544284,1137104056,1136536396,1137098667
2024-09-18 02:25:00,1137097250,1137297435,1137004802,1137286186
2024-09-18 02:30:00,1137209459,1137390861,1137149976,1137381518
2024-09-18 02:35:00,1137381429,1137470977,1137223322,1137223322
2024-09-18 02:40:00,1137218474,1137241657,1136998050,1137027063
2024-09-18 02:45:00,1137151934,1137151934,1136549448,1136585236
2024-09-18 02:50:00,1136577759,1136577759,1135641173,1135991560
2024-09-18 02:55:00,1135970078,1136155533,1135765258,1136040681
2024-09-18 03:00:00,1136041893,1136451104,1135609975,1135663699
2024-09-18 03:05:00,1135708403,1135766708,1135257163,1135257163
2024-09-18 03:10:00,1135255600,1136243500,1135241114,1135931020
2024-09-18 03:15:00,1135920157,1136647892,1135920157,1136635784
2024-09-18 03:20:00,1136758757,1136901592,1134223862,1134498798
2024-09-18 03:25:00,1134525389,1134971570,1134418663,1134418663
2024-09-18 03:30:00,1134451202,1135027629,1132996304,1133004276
2024-09-18 03:35:00,1133014842,1133538280,1132824730,1133009341
2024-09-18 03:40:00,1132963263,1136844209,1132856867,1136467037
2024-09-18 03:45:00,1136463014,1136463014,1133926683,1133926683
2024-09-18 03:50:00,1134020700,1134020700,1132900095,1132900647
2024-09-18 03:55:00,1132909007,1133086030,1132727412,1133086030
2024-09-18 04:00:00,1133082181,1133342912,1132758028,1133133644
2024-09-18 04:05:00,1133134492,1133777121,1132772702,1132774000
2024-09-18 04:10:00,1132716413,1133610630,1132682153,1133590570
2024-09-18 04:15:00,1133589895,1133613454,1129147084,1131334537
2024-09-18 04:20:00,1131331248,1131331248,1130928086,1130933414
2024-09-18 04:25:00,1130938601,1131058249,1130728866,1130859290
2024-09-18 04:30:00,1130860183,1130874278,1130246715,1130463568
2024-09-18 04:35:00,1130469625,1130492006,1130081596,1130090463
2024-09-18 04:40:00,1130079918,1130375345,1129950987,1130265941
2024-09-18 04:45:00,1130430978,1130967878,1130319968,1130827278
2024-09-18 04:50:00,1130795283,1130798984,1130198956,1130334911
2024-09-18 04:55:00,1130348518,1130526304,1130292852,1130526304
2024-09-18 05:00:00,1130493668,1130623853,1130197351,1130211817
2024-09-18 05:05:00,1130217998,1130471102,1130209522,1130369217
2024-09-18 05:10:00,1130366692,1130366692,1129995442,1130108645
2024-09-18 05:15:00,1130123172,1131201382,1130082337,1131199668
2024-09-18 05:20:00,1131199575,1131735736,1131107930,1131154487
2024-09-18 05:25:00,1131155921,1131311371,1130972573,1131311371
2024-09-18 05:30:00,1131309747,1131531595,1130996715,1131399426
2024-09-18 05:35:00,1131399576,1131606455,1131368048,1131510939
2024-09-18 05:40:00,1131450466,1131951125,1131450466,1131760715
2024-09-18 05:45:00,1131761477,1131761477,1131278601,1131476717
2024-09-18 05:50:00,1131479627,1132086554,1131479627,1132086554
2024-09-18 05:55:00,1132086554,1155069343,1132082515,1153279619
2024-09-18 06:00:00,1153198003,1153228760,1151225792,1151232113
2024-09-18 06:05:00,1151383292,1151657869,1150762640,1151556689
2024-09-18 06:10:00,1151578661,1152637219,1151530122,1151989452
2024-09-18 06:15:00,1151987444,1153796935,1151735442,1152703767
2024-09-18 06:20:00,1152704691,1152801085,1152630171,1152631281
2024-09-18 06:25:00,1152622385,1152741365,1152334260,1152349738
2024-09-18 06:30:00,1152349894,1152350290,1151374954,1151625650
2024-09-18 06:35:00,1151642460,1151936138,1151565568,1151916467
2024-09-18 06:40:00,1151948811,1151948811,1151392976,1151490282
2024-09-18 06:45:00,1151472534,1151540422,1150363671,1150604471
2024-09-18 06:50:00,1150603337,1150838980,1150603337,1150688162
2024-09-18 06:55:00,1150695834,1150886539,1149628301,1149639718
2024-09-18 07:00:00,1148704648,1149082248,1148091550,1149082248
2024-09-18 07:05:00,1148957457,1149491992,1148868224,1149451971
2024-09-18 07:10:00,1149468158,1150153967,1149468158,1149905432
2024-09-18 07:15:00,1149813257,1149963247,1149525725,1149618187
2024-09-18 07:20:00,1149616721,1149726500,1149286294,1149286335
2024-09-18 07:25:00,1149031310,1149079455,1148630391,1148694507
2024-09-18 07:30:00,1148691269,1148697570,1147190967,1147609614
2024-09-18 07:35:00,1147623476,1147958330,1147471622,1147545641
2024-09-18 07:40:00,1147544393,1147563240,1147297801,1147346249
2024-09-18 07:45:00,1147409016,1148415189,1147147904,1147635842
2024-09-18 07:50:00,1147632359,1148314488,1147009706,1148081620
2024-09-18 07:55:00,1148081620,1148444016,1147824471,1148418139
2024-09-18 08:00:00,1148660933,1149147034,1148608607,1148905736
2024-09-18 08:05:00,1148900414,1148900414,1147228287,1147262304
2024-09-18 08:10:00,1147263744,1147886704,1147131785,1147828984
2024-09-18 08:15:00,1147777847,1147777847,1147590720,1147667658
2024-09-18 08:20:00,1147668917,1147944306,1147668917,1147944231
2024-09-18 08:25:00,1147954176,1148235805,1147942464,1148085637
2024-09-18 08:30:00,1147982123,1148359019,1147965131,1148357302
2024-09-18 08:35:00,1148294553,1148461184,1148084030,1148085392
2024-09-18 08:40:00,1148086042,1148086042,1147439735,1147452362
2024-09-18 08:45:00,1147502332,1147983404,1147465871,1147983404
2024-09-18 08:50:00,1147995953,1147999779,1147425291,1147959847
2024-09-18 08:55:00,1147961339,1148010424,1145939128,1145987864
2024-09-18 09:00:00,1146050412,1146642714,1145871128,1146481120
2024-09-18 09:05:00,1146474739,1146686055,1146234192,1146477607
2024-09-18 09:10:00,1146428848,1146786035,1146273929,1146786035
2024-09-18 09:15:00,1146837837,1146868979,1146501200,1146501200
2024-09-18 09:20:00,1146493905,1146493905,1146072108,1146119680
2024-09-18 09:25:00,1146109571,1146420992,1145620047,1145636375
2024-09-18 09:30:00,1145668344,1145673965,1144382790,1144519740
2024-09-18 09:35:00,1144495610,1144615088,1144300893,1144474936
2024-09-18 09:40:00,1144476478,1144650806,1144414850,1144647384
2024-09-18 09:45:00,1144518862,1144559049,1144465322,1144513692
2024-09-18 09:50:00,1144352019,1144726509,1142769096,1143094962
2024-09-18 09:55:00,1143058061,1143059615,1142717097,1142920823
2024-09-18 10:00:00,1142894050,1143022489,1142691500,1142855692
2024-09-18 10:05:00,1142891470,1145995645,1142891470,1145962253
2024-09-18 10:10:00,1145962253,1150662301,1145962253,1150662301
2024-09-18 10:15:00,1150673280,1151207431,1150645660,1150652360
2024-09-18 10:20:00,1150642263,1152279591,1150374056,1152139836
2024-09-18 10:25:00,1152139611,1153046647,1152139611,1153016900
2024-09-18 10:30:00,1152908698,1156974861,1152264315,1156963790
2024-09-18 10:35:00,1156976177,1157100958,1156500525,1157000993
2024-09-18 10:40:00,1157120724,1157240369,1156710966,1156805805
2024-09-18 10:45:00,1156747640,1157185314,1156745568,1157185314
2024-09-18 10:50:00,1157181372,1157808383,1157122996,1157791667
2024-09-18 10:55:00,1157759916,1157872631,1157022527,1157215512
2024-09-18 11:00:00,1157215497,1161980682,1157215497,1160790356
2024-09-18 11:05:00,1160790433,1163663303,1160761347,1163636195
2024-09-18 11:10:00,1163561865,1163561865,1162417720,1162528776
2024-09-18 11:15:00,1162548722,1163890838,1162548722,1163890838
2024-09-18 11:20:00,1163904472,1164692540,1163904472,1164154828
2024-09-18 11:25:00,1164157646,1164157646,1163397256,1163429594
2024-09-18 11:30:00,1163436896,1163440011,1161905403,1161992749
2024-09-18 11:35:00,1161961312,1161961312,1161413859,1161543543
2024-09-18 11:40:00,1161650832,1161950042,1161513279,1161914852
2024-09-18 11:45:00,1161991519,1162036540,1160314403,1160625604
2024-09-18 11:50:00,1160629341,1161789082,1160145387,1161706781
2024-09-18 11:55:00,1161704048,1161776851,1161355468,1161576171
2024-09-18 12:00:00,1162337275,1162539537,1161959476,1162130210
2024-09-18 12:05:00,1162154136,1162154136,1160848380,1161034665
2024-09-18 12:10:00,1161032919,1161108806,1159124265,1159124265
2024-09-18 12:15:00,1158917579,1159526130,1158699687,1159448083
2024-09-18 12:20:00,1159448760,1159448760,1158139137,1158178586
2024-09-18 12:25:00,1158228080,1158372272,1157692981,1158166667
2024-09-18 12:30:00,1158240177,1158741478,1158174130,1158741478
2024-09-18 12:35:00,1158679577,1159125836,1157031735,1157036037
2024-09-18 12:40:00,1156845707,1157180313,1156546298,1156560746
2024-09-18 12:45:00,1156560845,1156580379,1155003065,1155003065
2024-09-18 12:50:00,1155015440,1155179772,1149948945,1150046981
2024-09-18 12:55:00,1150045115,1151759990,1150045115,1150130955
2024-09-18 13:00:00,1150079510,1150349867,1148702669,1148702669
2024-09-18 13:05:00,1148680864,1148933023,1148081122,1148510812
2024-09-18 13:10:00,1148604664,1148638503,1134319816,1134319816
2024-09-18 13:15:00,1133667007,1133667007,1129179854,1129307664
2024-09-18 13:20:00,1129303588,1131360453,1129303588,1131052037
2024-09-18 13:25:00,1130847397,1130869307,1127459525,1127808267
2024-09-18 13:30:00,1127804502,1128206172,1126091186,1126372702
2024-09-18 13:35:00,1126397189,1128378716,1125892390,1128275435
2024-09-18 13:40:00,1128267001,1128695775,1128102107,1128552483
2024-09-18 13:45:00,1128546773,1128701478,1127924128,1127924128
2024-09-18 13:50:00,1127941025,1128119009,1127433235,1127455172
2024-09-18 13:55:00,1127504443,1127813767,1127150597,1127150597
2024-09-18 14:00:00,1127147558,1127333654,1126671132,1126673368
2024-09-18 14:05:00,1126673247,1128114003,1126617589,1128018491
2024-09-18 14:10:00,1128018491,1128154257,1127387596,1127387596
2024-09-18 14:15:00,1127312050,1127312050,1126850899,1127267129
2024-09-18 14:20:00,1127218654,1128095367,1127005892,1128078982
2024-09-18 14:25:00,1128085418,1128116233,1127891154,1128004567
2024-09-18 14:30:00,1127998564,1128330990,1127992240,1128094615
2024-09-18 14:35:00,1128090973,1128108094,1127687797,1127807713
2024-09-18 14:40:00,1127722513,1127722513,1127593925,1127596843
2024-09-18 14:45:00,1127702950,1127726232,1126670644,1126670644
2024-09-18 14:50:00,1126668018,1127506199,1126353093,1127410332
2024-09-18 14:55:00,1127443129,1128110313,1127345404,1127375516
2024-09-18 15:00:00,1127428806,1127736814,1127219396,1127219396
2024-09-18 15:05:00,1127180919,1130236852,1127136492,1130120655
2024-09-18 15:10:00,1130114985,1131033458,1130114985,1131033458
2024-09-18 15:15:00,1131031031,1131765397,1130793151,1131765397
2024-09-18 15:20:00,1131792280,1132671702,1131709209,1132671702
2024-09-18 15:25:00,1132739116,1133586157,1132351918,1133586157
2024-09-18 15:30:00,1133589783,1134581646,1133589783,1133916232
2024-09-18 15:35:00,1133964314,1134189741,1133501630,1134181338
2024-09-18 15:40:00,1134161659,1134307383,1134002075,1134092195
2024-09-18 15:45:00,1134077424,1134123827,1133737779,1133984839
2024-09-18 15:50:00,1133964205,1134014943,1133385947,1133450631
2024-09-18 15:55:00,1133269731,1133811162,1131829963,1133804439
2024-09-18 16:00:00,1133795062,1134149629,1133665588,1134149629
2024-09-18 16:05:00,1134231486,1134245701,1133208500,1133211786
2024-09-18 16:10:00,1133228172,1133239122,1132592165,1132965575
2024-09-18 16:15:00,1132884361,1132921278,1132557499,1132703097
2024-09-18 16:20:00,1132721324,1132994384,1132612880,1132786042
2024-09-18 16:25:00,1132760097,1133019905,1131729772,1131757356
2024-09-18 16:30:00,1131673492,1131936917,1131402880,1131551980
2024-09-18 16:35:00,1131484154,1132129059,1131260061,1131323220
2024-09-18 16:40:00,1131304200,1131707804,1129777460,1129784004
2024-09-18 16:45:00,1129768482,1130356796,1129514943,1129631764
2024-09-18 16:50:00,1129636187,1130181430,1128440753,1128720108
2024-09-18 16:55:00,1128772543,1129895125,1128512327,1128720306
2024-09-18 17:00:00,1128864032,1131979961,1128864032,1131319343
2024-09-18 17:05:00,1131337829,1131491972,1130752549,1131455362
2024-09-18 17:10:00,1131479507,1131803812,1131005824,1131491233
2024-09-18 17:15:00,1131363509,1131363509,1130747555,1130747555
2024-09-18 17:20:00,1130811021,1131019109,1130540137,1131019109
2024-09-18 17:25:00,1130872560,1131069543,1129588054,1129841450
2024-09-18 17:30:00,1129906210,1130332972,1129884321,1130209286
2024-09-18 17:35:00,1130194977,1130250488,1129467295,1129600035
2024-09-18 17:40:00,1129703128,1131261794,1129703128,1131092181
2024-09-18 17:45:00,1131124332,1132175686,1131124332,1131887646
2024-09-18 17:50:00,1132024652,1132964289,1132024652,1132940997
2024-09-18 17:55:00,1132950998,1133151542,1132780476,1132964375
2024-09-18 18:00:00,1132979475,1133085977,1132467197,1132898904
2024-09-18 18:05:00,1132904600,1132952423,1132288113,1132288113
2024-09-18 18:10:00,1132236780,1132542640,1132037744,1132458475
2024-09-18 18:15:00,1132467908,1132499934,1131525701,1131525701
2024-09-18 18:20:00,1131505472,1132678055,1131505472,1132678055
2024-09-18 18:25:00,1132679084,1132986330,1132529329,1132798823
2024-09-18 18:30:00,1132953864,1133519408,1131806824,1133009801
2024-09-18 18:35:00,1132950041,1133550557,1132917480,1133550557
2024-09-18 18:40:00,1133531398,1134026102,1132306386,1132379250
2024-09-18 18:45:00,1132332825,1132332825,1128583936,1129925921
2024-09-18 18:50:00,1130047984,1130821465,1130047984,1130590300
2024-09-18 18:55:00,1130539997,1130600498,1129819572,1129861728
2024-09-18 19:00:00,1129836311,1130871801,1127979367,1130369145
2024-09-18 19:05:00,1130285919,1130863098,1129686241,1129725032
2024-09-18 19:10:00,1129622790,1130091367,1129610306,1129838887
2024-09-18 19:15:00,1129725284,1129879968,1129014586,1129144305
2024-09-18 19:20:00,1129125164,1129642172,1122804540,1122804540
2024-09-18 19:25:00,1122602534,1122663293,1121523388,1121523388
2024-09-18 19:30:00,1121507119,1121562068,1120823657,1121129896
2024-09-18 19:35:00,1121071538,1123446668,1120934553,1122286453
2024-09-18 19:40:00,1122297816,1123772344,1122297816,1123328884
2024-09-18 19:45:00,1123295881,1123295881,1122962461,1123232850
2024-09-18 19:50:00,1123232646,1123332414,1123036647,1123322234
2024-09-18 19:55:00,1123380181,1123826662,1123091442,1123489104
2024-09-18 20:00:00,1123250315,1123718617,1123216653,1123715739
2024-09-18 20:05:00,1123583685,1123845161,1123245193,1123434619
2024-09-18 20:10:00,1123466070,1123667405,1119610580,1119610580
2024-09-18 20:15:00,1119695827,1119952093,1119427966,1119784358
2024-09-18 20:20:00,1119521057,1119633306,1119222047,1119243586
2024-09-18 20:25:00,1119249156,1119631054,1119238522,1119572868
2024-09-18 20:30:00,1119560123,1121415405,1119470080,1120685956
2024-09-18 20:35:00,1120608122,1121471835,1119865215,1121471835
2024-09-18 20:40:00,1121552676,1123075690,1121122608,1122958062
2024-09-18 20:45:00,1122957984,1123116734,1120189824,1120189824
2024-09-18 20:50:00,1119873206,1119873206,1117151064,1117296220
2024-09-18 20:55:00,1117198723,1117284187,1116292798,1116306049
2024-09-18 21:00:00,1116983814,1116983814,1102714538,1103914752
2024-09-18 21:05:00,1104135737,1106515043,1103433582,1104449783
2024-09-18 21:10:00,1104372577,1104835817,1103144453,1104644923
2024-09-18 21:15:00,1104514005,1107242291,1104354417,1106180616
2024-09-18 21:20:00,1106380284,1107456297,1106309193,1106697881
2024-09-18 21:25:00,1106591817,1110222462,1106390170,1110026168
2024-09-18 21:30:00,1110056279,1110670304,1107603495,1107687299
2024-09-18 21:35:00,1107674452,1107674452,1099837018,1099837018
2024-09-18 21:40:00,1099962099,1099962099,1098162306,1098211385
2024-09-18 21:45:00,1098352030,1098352030,1093357464,1094017371
2024-09-18 21:50:00,1093946875,1094706607,1093707031,1094706607
2024-09-18 21:55:00,1094572230,1096419601,1094527814,1096214037
2024-09-18 22:00:00,1096238427,1097837761,1095373409,1097513401
2024-09-18 22:05:00,1097402601,1098828297,1094520485,1094961043
2024-09-18 22:10:00,1095130775,1095175923,1093942064,1094494242
2024-09-18 22:15:00,1094312006,1095451589,1094143945,1095137568
2024-09-18 22:20:00,1095140550,1096111078,1094632245,1095449760
2024-09-18 22:25:00,1095399855,1095408014,1093399251,1093863307
2024-09-18 22:30:00,1093876352,1094278561,1093745831,1094237942
2024-09-18 22:35:00,1094215166,1094496422,1094063192,1094473318
2024-09-18 22:40:00,1094442124,1094463450,1093974832,1094230825
2024-09-18 22:45:00,1094277685,1095063338,1094231359,1094837692
2024-09-18 22:50:00,1094808461,1094955581,1094667295,1094772253
2024-09-18 22:55:00,1094703795,1095724365,1094632091,1095561622
2024-09-18 23:00:00,1095523718,1096348083,1094313846,1095994604
2024-09-18 23:05:00,1095927217,1098281670,1095901399,1098213979
2024-09-18 23:10:00,1098186404,1098334034,1096312349,1096672758
2024-09-18 23:15:00,1096674684,1097613469,1096674684,1097553619
2024-09-18 23:20:00,1097535664,1097553014,1096819657,1096877935
2024-09-18 23:25:00,1097009865,1097246293,1096924525,1097245668
2024-09-18 23:30:00,1097049371,1097151258,1095151437,1095329994
2024-09-18 23:35:00,1095352974,1095609481,1095036826,1095039495
2024-09-18 23:40:00,1094963172,1094963172,1094494869,1094637090
2024-09-18 23:45:00,1094815658,1094815722,1093642356,1093642356
2024-09-18 23:50:00,1093615857,1093744519,1092208132,1092210821
2024-09-18 23:55:00,1092210936,1092210936,1091310670,1091310670
2024-09-19 00:00:00,1091155989,1091375841,1090747282,1090747282
