2024-06-20 03:00:00,75707.535,75760.75,75280.738,75286.992
2024-06-20 04:00:00,75286.363,75474.925,75284.266,75464.702
2024-06-20 05:00:00,75465.34,75561.35,75435.298,75439.532
2024-06-20 06:00:00,75439.189,75537.965,75405.638,75454.469
2024-06-20 07:00:00,75452.102,75695.579,75407.984,75436.905
2024-06-20 08:00:00,75435.863,75542.761,75318.959,75542.667
2024-06-20 09:00:00,75550.385,75601.826,75542.185,75596.687
2024-06-20 10:00:00,75594.961,76202.553,75382.947,76199.993
2024-06-20 11:00:00,76198.353,76253.528,75905.864,75942.668
2024-06-20 12:00:00,75941.553,76148.415,75835.135,75927.656
2024-06-20 13:00:00,75927.931,77835.604,75925.759,77755.292
2024-06-20 14:00:00,77757.206,77851.764,77488.918,77541.049
2024-06-20 15:00:00,77541.783,77815.775,77529.663,77814.396
2024-06-20 16:00:00,77814.414,77884.431,77223.255,77671.842
2024-06-20 17:00:00,77646.403,78120.144,77646.403,77703.687
2024-06-20 18:00:00,77705.087,78105.035,77455.788,78086.513
2024-06-20 19:00:00,78080.335,78105.921,76235.102,76400.772
2024-06-20 20:00:00,76393.344,76393.344,75131.445,75370.522
2024-06-20 21:00:00,75370.243,75505.133,74763.993,74891.895
2024-06-20 22:00:00,74906.176,75489.172,74750.118,75137.93
2024-06-20 23:00:00,75137.451,75384.146,75027.95,75155.442
2024-06-21 00:00:00,75155.729,75257.123,75093.222,75127.281
2024-06-21 01:00:00,75130.984,75134.941,74146.621,74150.347
2024-06-21 02:00:00,74150.86,74263.251,73985.534,73985.534
2024-06-21 03:00:00,73983.399,73983.399,73826.365,73835.775
2024-06-21 04:00:00,73874.094,74014.205,73874.094,74010.38
2024-06-21 05:00:00,74011.828,74373.839,74010.53,74373.839
2024-06-21 06:00:00,74373.332,74446.518,74285.422,74400.049
2024-06-21 07:00:00,74400.703,74672.822,74396.841,74546.302
2024-06-21 08:00:00,74544.554,74641.033,74542.364,74574.689
2024-06-21 09:00:00,74575,74630.315,74281.657,74330.652
2024-06-21 10:00:00,74333.623,74895.112,74333.623,74835.263
2024-06-21 11:00:00,74835.745,74916.147,74800.244,74907.606
2024-06-21 12:00:00,74910.33,74975.951,74891.583,74951.162
2024-06-21 13:00:00,74950.353,75662.559,74949.908,75650.615
2024-06-21 14:00:00,75650.757,76993.627,75650.757,76669.422
2024-06-21 15:00:00,76674.373,76980.905,76217.121,76243.617
2024-06-21 16:00:00,76243.532,76442.078,76241.968,76306.309
2024-06-21 17:00:00,76298.757,76553.874,76193.678,76548.157
2024-06-21 18:00:00,76549.036,76616.132,76234.574,76554.415
2024-06-21 19:00:00,76558.407,77295.376,76494.801,77283.976
2024-06-21 20:00:00,77283.98,77365.924,76766.299,76844.927
2024-06-21 21:00:00,76844.77,77069.08,76308.653,77063.577
2024-06-21 22:00:00,77061.059,77271.067,77061.059,77270.265
2024-06-21 23:00:00,77271.468,78039.144,77268.104,78011.274
2024-06-22 00:00:00,78010.97,78185.541,77964.036,77987.328
2024-06-22 01:00:00,77990.97,77990.97,77483.988,77488.692
2024-06-22 02:00:00,77484.696,77543.447,76944.178,77026.791
2024-06-22 03:00:00,77026.425,77034.671,76577.125,76949.286
2024-06-22 04:00:00,76950.325,76959.048,76686.386,76738.284
2024-06-22 05:00:00,76737.231,76753.46,76656.769,76734.21
2024-06-22 06:00:00,76733.31,76804.375,76563.383,76593.153
2024-06-22 07:00:00,76593.984,76803.933,76576.806,76800.545
2024-06-22 08:00:00,76796.809,77086.801,76791.508,77045.312
2024-06-22 09:00:00,77045.323,77082.674,77041.215,77068.131
2024-06-22 10:00:00,77068.774,77115.52,77052.404,77114.364
2024-06-22 11:00:00,77117.898,77155.796,77077.289,77154.688
2024-06-22 12:00:00,77155.424,77376.138,77088.847,77287.578
2024-06-22 13:00:00,77287.172,78073.122,77218.072,78073.122
2024-06-22 14:00:00,78079.469,78254.902,77785.413,77820.795
2024-06-22 15:00:00,77819.092,77819.092,77464.911,77482.273
2024-06-22 16:00:00,77476.058,77497.985,77350.853,77350.853
2024-06-22 17:00:00,77351.449,77534.992,77345.004,77516.61
2024-06-22 18:00:00,77516.707,77525.201,77413.32,77444.858
2024-06-22 19:00:00,77445.606,77494.018,77287.673,77297.898
2024-06-22 20:00:00,77298.738,77575.799,77251.771,77571.363
2024-06-22 21:00:00,77571.595,77649.812,77523.817,77649.812
2024-06-22 22:00:00,77649.88,77727.842,77610.396,77702.516
2024-06-22 23:00:00,77702.901,77724.956,77612.899,77613.614
2024-06-23 00:00:00,77614.168,77696.36,77612.243,77696.36
2024-06-23 01:00:00,77696.095,77756.012,77660.273,77667.148
2024-06-23 02:00:00,77667.185,77677.095,77578.074,77675.772
2024-06-23 03:00:00,77675.481,77678.094,77585.75,77593.481
2024-06-23 04:00:00,77593.241,77673.642,77591.324,77666.067
2024-06-23 05:00:00,77666.19,78045.391,77656.859,78032.759
2024-06-23 06:00:00,78032.567,78146.644,78021.771,78021.819
2024-06-23 07:00:00,78022.046,78081.671,77673.201,77715.776
2024-06-23 08:00:00,77715.745,77745.029,77607.503,77616.817
2024-06-23 09:00:00,77619.475,77639.998,77580.724,77589.991
2024-06-23 10:00:00,77586.859,77644.624,77571.358,77631.036
2024-06-23 11:00:00,77631.058,77651.92,77592.856,77592.876
2024-06-23 12:00:00,77592.047,77599.69,77467.766,77468.557
2024-06-23 13:00:00,77468.352,77497.854,77419.533,77457.479
2024-06-23 14:00:00,77457.465,77457.465,77409.502,77409.502
2024-06-23 15:00:00,77407.735,77424.653,77363.572,77363.708
2024-06-23 16:00:00,77364.295,77804.178,77360.664,77632.691
2024-06-23 17:00:00,77632.973,77634.279,77338.321,77360.289
2024-06-23 18:00:00,77360.227,77398.983,77283.684,77288.179
2024-06-23 19:00:00,77288.407,77384.344,77222.89,77382.06
2024-06-23 20:00:00,77381.087,77959.442,77365.109,77959.252
2024-06-23 21:00:00,77958.447,78079.941,77930.503,78076.845
2024-06-23 22:00:00,78071.356,78086.81,77796.9,77814.995
2024-06-23 23:00:00,77815.147,77912.178,77767.737,77771.239
2024-06-24 00:00:00,77777.149,77866.565,77771.547,77835.554
2024-06-24 01:00:00,77833.464,77846.252,77773.821,77800.324
2024-06-24 02:00:00,77801.582,77811.744,77335.627,77339.51
2024-06-24 03:00:00,77340.718,77452.798,77247.945,77316.693
2024-06-24 04:00:00,77316.046,77496.596,77316.046,77413.22
2024-06-24 05:00:00,77409.776,77620.67,77264.795,77587.66
2024-06-24 06:00:00,77590.499,77758.056,77380.801,77592.592
2024-06-24 07:00:00,77597.475,78282.976,77475.197,78275.341
2024-06-24 08:00:00,78281.131,78634.735,78207.023,78463.983
2024-06-24 09:00:00,78460.081,78950.239,78460.081,78891.443
2024-06-24 10:00:00,78890.162,79187.264,78883.58,79176.777
2024-06-24 11:00:00,79176.723,79941.282,78952.524,79936.443
2024-06-24 12:00:00,79937.074,80609.548,79848.39,80606.682
2024-06-24 13:00:00,80614.265,81091.618,80612.668,80937.68
2024-06-24 14:00:00,80938.419,81258.454,80668.388,81180.165
2024-06-24 15:00:00,81091.075,81489.058,77962.845,78463.267
2024-06-24 16:00:00,78463.348,79191.962,78228.653,79035.626
2024-06-24 17:00:00,79040.648,79409.056,78793.522,78838.248
2024-06-24 18:00:00,78844.144,79371.506,78842.51,79371.506
2024-06-24 19:00:00,79371.123,79795.888,79298.841,79776.047
2024-06-24 20:00:00,79805.891,80102.634,79713.012,80064.311
2024-06-24 21:00:00,80064.791,80096.971,79728.768,79979.105
2024-06-24 22:00:00,79946.295,80923.72,79523.753,79577.61
2024-06-24 23:00:00,79576.035,79673.258,78334.48,78701.432
2024-06-25 00:00:00,78704.903,78731.757,77956.18,78411.955
2024-06-25 01:00:00,78413.166,78512.072,77541.292,77551.602
2024-06-25 02:00:00,77536.406,78108.827,76837.612,77420.808
2024-06-25 03:00:00,77431.234,77443.372,75689.249,75750.683
2024-06-25 04:00:00,75756.878,76047.689,75673.698,75897.362
2024-06-25 05:00:00,75897.243,75937.586,75515.995,75521.22
2024-06-25 06:00:00,75521.835,75923.376,75430.667,75821.37
2024-06-25 07:00:00,75822.664,76046.022,75821.266,75965.745
2024-06-25 08:00:00,75964.241,76114.482,75502.994,75586.72
2024-06-25 09:00:00,75603.918,75794.246,75019.971,75058.284
2024-06-25 10:00:00,75059.599,75140.901,74743.179,74840.702
2024-06-25 11:00:00,74845.347,75017.345,74372.423,74437.119
2024-06-25 12:00:00,74437.727,74956.338,74436.303,74956.338
2024-06-25 13:00:00,74956.827,75350.086,74771.786,75350.086
2024-06-25 14:00:00,75347.857,75651.182,75347.857,75550.729
2024-06-25 15:00:00,75551.032,75645.38,74785.048,74827.176
2024-06-25 16:00:00,74825.501,74836.862,74199.263,74322.896
2024-06-25 17:00:00,74328.774,74443.144,74042.311,74116.313
2024-06-25 18:00:00,74117.235,74229.138,74070.056,74160.177
2024-06-25 19:00:00,74160.564,74664.708,74156.835,74661.52
2024-06-25 20:00:00,74662.883,77797.627,74645.287,77797.627
2024-06-25 21:00:00,77795.989,79515.376,77493.314,78333.812
2024-06-25 22:00:00,78329.781,78433.739,77904.117,78144.707
2024-06-25 23:00:00,78178.013,79736.152,77895.593,79736.152
2024-06-26 00:00:00,79756.928,80294.141,76110.338,76110.338
2024-06-26 01:00:00,76108.957,76185.061,75528.691,75538.658
2024-06-26 02:00:00,75574.847,75646.885,75382.482,75382.482
2024-06-26 03:00:00,75382.458,75437.274,75284.33,75433.439
2024-06-26 04:00:00,75435.439,75703.333,75435.439,75701.454
2024-06-26 05:00:00,75701.524,75741.735,75580.097,75583.958
2024-06-26 06:00:00,75583.741,75596.54,75432.957,75468.882
2024-06-26 07:00:00,75469.429,75524.141,75171.872,75422.836
2024-06-26 08:00:00,75422.44,76052.536,75389.049,76009.081
2024-06-26 09:00:00,76010.158,76063.341,75859.522,75964.672
2024-06-26 10:00:00,75962.884,76112.776,75910.914,76050.415
2024-06-26 11:00:00,76048.722,76319.223,76047.663,76184.238
2024-06-26 12:00:00,76181.765,76430.983,76166.69,76397.682
2024-06-26 13:00:00,76408.208,76628.123,76404.839,76490.795
2024-06-26 14:00:00,76491.174,76498.73,76089.828,76333.438
2024-06-26 15:00:00,76323.271,76323.271,76063.123,76093.96
2024-06-26 16:00:00,76093.834,76308.682,76022.184,76094.525
2024-06-26 17:00:00,76094.55,76103.82,75629.929,75913.9
2024-06-26 18:00:00,75914.558,76032.85,75862.805,75980.791
2024-06-26 19:00:00,75976.897,76383.141,75976.859,76342.476
2024-06-26 20:00:00,76344.892,76438.157,76158.043,76329.472
2024-06-26 21:00:00,76328.874,76434.622,75387.255,75401.142
2024-06-26 22:00:00,75397.837,75525.807,75201.735,75251.056
2024-06-26 23:00:00,75252.524,75418.244,74515.29,74558.797
2024-06-27 00:00:00,74571.129,74939.539,74568.994,74929.25
2024-06-27 01:00:00,74923.53,74998.935,74291.64,74295.519
2024-06-27 02:00:00,74300.232,74382.513,74049.229,74359.991
2024-06-27 03:00:00,74362.491,74362.491,74225.902,74275.813
2024-06-27 04:00:00,74277.456,74705.087,74277.456,74694.394
2024-06-27 05:00:00,74694.808,74897.208,74685.745,74876.23
2024-06-27 06:00:00,74876.26,75014.883,74855.39,74991.703
2024-06-27 07:00:00,74993.296,75115.106,74972.007,75097.495
2024-06-27 08:00:00,75098.976,75207.61,75033.019,75128.479
2024-06-27 09:00:00,75127.91,75157.144,74761.399,74823.576
2024-06-27 10:00:00,74827.185,74948.902,74687.326,74690.872
2024-06-27 11:00:00,74692.248,74812.354,74536.345,74810.964
2024-06-27 12:00:00,74816.424,75212.496,74800.08,75212.496
2024-06-27 13:00:00,75213.386,75310.026,75195.435,75304.859
2024-06-27 14:00:00,75305.546,75675.422,75301.611,75674.716
2024-06-27 15:00:00,75673.99,75876.376,75372.075,75426.805
2024-06-27 16:00:00,75421.863,75439.525,74913.714,75090.911
2024-06-27 17:00:00,75090.795,75105.489,75014.443,75042.597
2024-06-27 18:00:00,75042.169,76089.876,75042.169,76089.876
2024-06-27 19:00:00,76104.174,76240.66,75578.621,75580.268
2024-06-27 20:00:00,75575.286,75672.95,75126.548,75431.109
2024-06-27 21:00:00,75429.758,75481.553,75060.614,75122.931
2024-06-27 22:00:00,75121.122,75271.525,74837.297,74906.345
2024-06-27 23:00:00,74905.593,74995.712,74686.084,74763.451
2024-06-28 00:00:00,74763.642,74763.944,74617.848,74698.122
2024-06-28 01:00:00,74698.038,74773.19,74276.411,74351.416
2024-06-28 02:00:00,74350.596,74399.451,74200.254,74393.499
2024-06-28 03:00:00,74392.763,74492.851,74354.269,74492.851
2024-06-28 04:00:00,74505.203,74584.382,74482.459,74573.096
2024-06-28 05:00:00,74574.066,74908.766,74505.009,74905.843
2024-06-28 06:00:00,74905.084,74905.084,74246.29,74273.066
2024-06-28 07:00:00,74271.981,74296.73,73858.757,74032.835
2024-06-28 08:00:00,74038.129,74258.328,74038.129,74160.938
2024-06-28 09:00:00,74160.23,74206.347,74039.152,74166.84
2024-06-28 10:00:00,74167.148,74526.085,74167.148,74423.283
2024-06-28 11:00:00,74424.605,75035.879,74417.997,75006.237
2024-06-28 12:00:00,74999.627,75144.316,74989.742,75144.316
2024-06-28 13:00:00,75147.512,75413.235,74819.252,75156.61
2024-06-28 14:00:00,75170.953,75714.049,75146.122,75695.978
2024-06-28 15:00:00,75698.266,76092.166,75682.961,76079.763
2024-06-28 16:00:00,76055.289,76259.996,76042.124,76230.72
2024-06-28 17:00:00,76233.901,76521.599,76198.028,76359.036
2024-06-28 18:00:00,76344.619,77004.886,75971.797,76480.447
2024-06-28 19:00:00,76478.936,76909.639,75981.805,76699.377
2024-06-28 20:00:00,76704.746,77072.093,76294.435,76476.018
2024-06-28 21:00:00,76483.202,77073.025,76466.478,77059.68
2024-06-28 22:00:00,77058.47,77531.909,77057.766,77513.367
2024-06-28 23:00:00,77520.804,77755.805,77466.027,77755.798
2024-06-29 00:00:00,77767.061,77932.773,77757.907,77915.417
2024-06-29 01:00:00,77915.011,78300.387,77369.65,78215.248
2024-06-29 02:00:00,78247.101,78897.796,78163.361,78841.815
2024-06-29 03:00:00,78842.343,78842.676,78552.077,78552.077
2024-06-29 04:00:00,78552.088,78691.906,78552.088,78655.651
2024-06-29 05:00:00,78655.886,78663.471,78515.54,78521.374
2024-06-29 06:00:00,78521.385,78533.932,77279.322,77336.217
2024-06-29 07:00:00,77338.297,77456.029,77195.974,77229.137
2024-06-29 08:00:00,77224.522,77887.968,77190.513,77878.497
2024-06-29 09:00:00,77880.154,77896.018,77808.015,77822.362
2024-06-29 10:00:00,77824.053,77839.988,77700.919,77700.919
2024-06-29 11:00:00,77701.038,77787.151,77632.474,77787.151
2024-06-29 12:00:00,77786.85,77853.208,77752.948,77821.524
2024-06-29 13:00:00,77822.997,78295.753,77786.58,78040.323
2024-06-29 14:00:00,78040.255,78040.255,77694.936,77711.148
2024-06-29 15:00:00,77715.074,77765.446,77563.419,77752.303
2024-06-29 16:00:00,77754.87,77870.399,77742.61,77862.488
2024-06-29 17:00:00,77859.595,80099.18,77786.47,80036.569
2024-06-29 18:00:00,80038.612,80120.947,79883.023,79952.807
2024-06-29 19:00:00,79969.798,80132.568,79967.846,80093.034
2024-06-29 20:00:00,80092.976,80160.957,80035.129,80117.032
2024-06-29 21:00:00,80117.045,80239.965,80117.045,80221.153
2024-06-29 22:00:00,80207.761,80460.689,80185.53,80455.214
2024-06-29 23:00:00,80461.026,80476.219,80426.398,80434.833
2024-06-30 00:00:00,80434.744,80502.697,80427.102,80493.354
2024-06-30 01:00:00,80494.003,80568.219,80473.638,80563.511
2024-06-30 02:00:00,80563.88,80594.777,80514.804,80538.188
2024-06-30 03:00:00,80538.204,80538.204,80327.484,80329.983
2024-06-30 04:00:00,80329.975,80614.769,80295.548,80580.29
2024-06-30 05:00:00,80579.77,80590.231,80506.453,80534.181
2024-06-30 06:00:00,80534.413,80570.27,80493.004,80514.241
2024-06-30 07:00:00,80513.897,80520.58,80398.894,80414.946
2024-06-30 08:00:00,80415.006,80604.547,80349.23,80567.075
2024-06-30 09:00:00,80569.786,80675.79,80569.036,80618.199
2024-06-30 10:00:00,80620.383,80685.986,80568.545,80625.093
2024-06-30 11:00:00,80625.362,80656.315,80568.994,80640.01
2024-06-30 12:00:00,80645.019,80705.243,80581.919,80666.841
2024-06-30 13:00:00,80673.85,81958.422,80375.096,81921.497
2024-06-30 14:00:00,81923.43,82481.061,81920.39,82475.039
2024-06-30 15:00:00,82475.727,82670.574,82475.727,82545.202
2024-06-30 16:00:00,82546.194,82676.097,82533.242,82670.042
2024-06-30 17:00:00,82670.356,82871.773,82606.72,82847.639
2024-06-30 18:00:00,82848.02,82997.082,82574.135,82990.737
2024-06-30 19:00:00,82993.173,83195.882,82934.075,83195.875
2024-06-30 20:00:00,83195.491,83413.113,83037.593,83212.07
2024-06-30 21:00:00,83212.615,83441.159,83212.615,83440.504
2024-06-30 22:00:00,83440.917,83464.615,83391.87,83462.355
2024-06-30 23:00:00,83457.346,83615.768,83023.129,83610.419
2024-07-01 00:00:00,83609.273,84082.323,83518.184,83819.648
2024-07-01 01:00:00,83806.733,84407.931,83803.133,84407.045
2024-07-01 02:00:00,84404.832,84597.208,84350.769,84413.783
2024-07-01 03:00:00,84419.152,84477.773,84372.078,84459.876
2024-07-01 04:00:00,84459.998,85390.809,84436.044,85343.015
2024-07-01 05:00:00,85349.558,85813.467,85323.322,85674.117
2024-07-01 06:00:00,85673.807,85722.592,85364.056,85380.092
2024-07-01 07:00:00,85398.989,85514.024,83886.077,83984.847
2024-07-01 08:00:00,83986.118,84048.719,82847.455,83150.751
2024-07-01 09:00:00,83146.568,83272.33,83145.11,83188.35
2024-07-01 10:00:00,83190.049,83260.116,83008.724,83051.242
2024-07-01 11:00:00,83051.587,83116.028,82985.221,83053.399
2024-07-01 12:00:00,83054.772,83139.961,83027.207,83139.639
2024-07-01 13:00:00,83139.508,83139.848,83009.837,83010.616
2024-07-01 14:00:00,83010.933,83062.674,82679.897,82716.986
2024-07-01 15:00:00,82717.863,82977.764,82688.208,82949.048
2024-07-01 16:00:00,82949.112,83088.663,82942.128,83010.624
2024-07-01 17:00:00,83011.569,83081.113,82882.011,83028.025
2024-07-01 18:00:00,83027.024,83220.934,83027.024,83132.81
2024-07-01 19:00:00,83134.163,83141.068,82572.596,82856.7
2024-07-01 20:00:00,82875.396,83055.613,82747.642,83044.087
2024-07-01 21:00:00,83036.416,83064.291,82841.787,82874.306
2024-07-01 22:00:00,82889.396,83097.458,82605.619,83097.458
2024-07-01 23:00:00,83097.323,83412.314,82782.764,83042.267
2024-07-02 00:00:00,83044.275,83211.608,82766.449,83006.782
2024-07-02 01:00:00,83008.537,83063.788,82443.231,82562.707
2024-07-02 02:00:00,82561.634,82561.634,82311.899,82409.355
2024-07-02 03:00:00,82409.238,82437.565,82147.007,82194.37
2024-07-02 04:00:00,82198.07,82486.121,81989.748,82039.7
2024-07-02 05:00:00,82039.342,82043.442,81849.097,81855.336
2024-07-02 06:00:00,81851.181,81924.209,81810.692,81886.743
2024-07-02 07:00:00,81887.284,81963.198,81834.913,81936.804
2024-07-02 08:00:00,81935.454,82201.469,81848.043,82199.681
2024-07-02 09:00:00,82199.592,82394.769,82121.606,82394.769
2024-07-02 10:00:00,82393.852,82514.666,82390.301,82475.553
2024-07-02 11:00:00,82475.122,82761.763,82463.553,82761.748
2024-07-02 12:00:00,82761.702,83107.31,82741.82,83106.695
2024-07-02 13:00:00,83107.349,83409.847,82980.108,83384.47
2024-07-02 14:00:00,83385.669,84371.077,83234.216,84345.488
2024-07-02 15:00:00,84345.678,84345.678,84123.764,84272.931
2024-07-02 16:00:00,84276.158,84285.025,83964.704,84047.375
2024-07-02 17:00:00,84046.968,84310.887,83994.121,84309.164
2024-07-02 18:00:00,84310.744,84343.394,83976.203,84180.199
2024-07-02 19:00:00,84181.002,84226.148,83583.637,83912.176
2024-07-02 20:00:00,83909.354,85687.889,83901.254,85686.704
2024-07-02 21:00:00,85693.285,86242.109,85613.758,86241.812
2024-07-02 22:00:00,86241.972,86813.805,86120.366,86142.158
2024-07-02 23:00:00,86142.952,86256.934,85646.712,85712.46
2024-07-03 00:00:00,85710.979,85711.478,84276.582,84323.658
2024-07-03 01:00:00,84324.054,84354.958,84123.322,84285.93
2024-07-03 02:00:00,84282.076,84352.131,84279.196,84316.395
2024-07-03 03:00:00,84322.338,84386.795,84254.124,84265.643
2024-07-03 04:00:00,84264.652,84505.847,84262.293,84482.968
2024-07-03 05:00:00,84480.892,84509.452,84447.977,84472.183
2024-07-03 06:00:00,84469.766,84565.711,84467.105,84515.514
2024-07-03 07:00:00,84507.161,84978.484,83849.81,84037.086
2024-07-03 08:00:00,84060.3,84608.396,84037.427,84087.799
2024-07-03 09:00:00,84090.086,84353.095,83685.91,84188.152
2024-07-03 10:00:00,84191.049,85059.807,84191.049,85059.807
2024-07-03 11:00:00,85060.574,85129.414,84244.16,84250.555
2024-07-03 12:00:00,84260.22,84641.559,84224.347,84641.388
2024-07-03 13:00:00,84641.516,85110.218,84641.516,85109.216
2024-07-03 14:00:00,85109.408,85200.473,84528.947,84528.947
2024-07-03 15:00:00,84469.804,84702.251,84035.487,84676.016
2024-07-03 16:00:00,84676.213,86590.434,84676.213,85588.46
2024-07-03 17:00:00,85607.16,86038.126,85502.378,85870.796
2024-07-03 18:00:00,85869.861,87297.963,85825.345,87297.963
2024-07-03 19:00:00,87297.241,87688.814,87251.585,87325.304
2024-07-03 20:00:00,87371.844,87572.001,87371.844,87472.032
2024-07-03 21:00:00,87486.924,88309.203,87484.997,87904.664
2024-07-03 22:00:00,87909.807,88022.792,87407.909,87682.378
2024-07-03 23:00:00,87677.301,87820.963,87590.829,87673.286
2024-07-04 00:00:00,87672.794,87851.895,87672.794,87844.156
2024-07-04 01:00:00,87856.993,88723.934,87306.93,88703.932
2024-07-04 02:00:00,88697.529,88776.614,88291.654,88497.164
2024-07-04 03:00:00,88518.39,88613.975,87897.466,88101.391
2024-07-04 04:00:00,88113.136,88166.227,88042.614,88085.045
2024-07-04 05:00:00,88085.234,88085.234,87944.415,88024.272
2024-07-04 06:00:00,88017.795,88280.798,87949.904,88170.222
2024-07-04 07:00:00,88173.167,88486.04,87054.978,88301.192
2024-07-04 08:00:00,88310.96,88577.012,86315.862,86926.967
2024-07-04 09:00:00,86922.431,87714.936,86922.431,87638.557
2024-07-04 10:00:00,87643.391,88162.222,87643.391,88095.586
2024-07-04 11:00:00,88096.039,88317.008,88096.039,88291.856
2024-07-04 12:00:00,88290.829,88444.727,88097.14,88199.549
2024-07-04 13:00:00,88204.769,89146.61,88040.816,89113.983
2024-07-04 14:00:00,89116.141,90221.531,88918.037,89237.809
2024-07-04 15:00:00,89239.016,89453.883,88343.753,88505.522
2024-07-04 16:00:00,88508.781,88879.664,88446.612,88553.475
2024-07-04 17:00:00,88555.383,88636.403,88163.856,88377.707
2024-07-04 18:00:00,88378.343,88695.795,88239.199,88682.758
2024-07-04 19:00:00,88686.807,88842.815,87836.334,87843.098
2024-07-04 20:00:00,87842.821,88623.367,87723.004,88622.319
2024-07-04 21:00:00,88626.745,91883.042,88364.886,91883.042
2024-07-04 22:00:00,91883.246,92092.171,91881.967,91959.579
2024-07-04 23:00:00,91963.286,92028.155,91537.711,91590.244
2024-07-05 00:00:00,91586.537,91589.605,90988.126,91146.051
2024-07-05 01:00:00,91142.415,91161.8,90749.813,90766.864
2024-07-05 02:00:00,90766.989,90808.291,90492.977,90493.015
2024-07-05 03:00:00,90493.079,90523.306,90393.628,90454.671
2024-07-05 04:00:00,90452.636,91046.998,90322.303,91015.955
2024-07-05 05:00:00,91013.195,91013.195,88424.257,88551.171
2024-07-05 06:00:00,88551.325,88647.104,86978.826,87200.052
2024-07-05 07:00:00,87195.066,87776.902,87153.017,87647.906
2024-07-05 08:00:00,87647.815,88173.58,84866.503,84932.327
2024-07-05 09:00:00,84978.385,85863.637,84287.192,85823.596
2024-07-05 10:00:00,85818.907,86139.725,82507.726,83362.988
2024-07-05 11:00:00,83369.407,83816.869,83359.121,83582.203
2024-07-05 12:00:00,83577.823,83671.597,83059.111,83510.874
2024-07-05 13:00:00,83511.478,83939.057,83485.044,83939.057
2024-07-05 14:00:00,83939.776,84157.824,83893.315,84034.016
2024-07-05 15:00:00,84045.307,84185.019,83502.308,83658.217
2024-07-05 16:00:00,83663.538,83848.648,83255.518,83494.04
2024-07-05 17:00:00,83476.462,83724.612,83184.258,83516.113
2024-07-05 18:00:00,83516.589,83893.7,83501.93,83864.009
2024-07-05 19:00:00,83874.615,85004.567,83727.293,85004.567
2024-07-05 20:00:00,85007.196,85086.825,84296.42,84305.227
2024-07-05 21:00:00,84307.208,84309.062,82468.096,83275.991
2024-07-05 22:00:00,83289.453,86540.582,82908.076,85379.106
2024-07-05 23:00:00,85396.98,85768.418,85063.459,85768.418
2024-07-06 00:00:00,85770.684,88125.119,84443.255,84443.674
2024-07-06 01:00:00,84443.51,84446.145,83707.037,83707.037
2024-07-06 02:00:00,83703.27,83781.791,83450.401,83450.401
2024-07-06 03:00:00,83449.935,83450.25,82997.204,83073.65
2024-07-06 04:00:00,83074.747,83137.152,83038.048,83050.029
2024-07-06 05:00:00,83041.262,83190.978,82995.559,83115.645
2024-07-06 06:00:00,83115.418,84110.045,83074.191,83381.987
2024-07-06 07:00:00,83382.023,83400.772,83173.298,83322.864
2024-07-06 08:00:00,83325.919,83354.983,83134.818,83169.899
2024-07-06 09:00:00,83169.507,83169.507,82894.797,82901.673
2024-07-06 10:00:00,82901.404,83235.067,82806.273,83235.067
2024-07-06 11:00:00,83233.519,83374.035,81409.287,81412.753
2024-07-06 12:00:00,81412.824,81489.263,81384.849,81466.274
2024-07-06 13:00:00,81466.648,81593.177,81378.665,81537.506
2024-07-06 14:00:00,81538.348,81847.452,81537.91,81772.574
2024-07-06 15:00:00,81772.781,81925.651,81742.354,81811.824
2024-07-06 16:00:00,81817.235,82017.285,81768.253,82001.908
2024-07-06 17:00:00,82004.602,82067.664,81873.761,81994.773
2024-07-06 18:00:00,81993.88,82012.908,81614.104,81702.158
2024-07-06 19:00:00,81707.502,82041.812,81236.116,81241.165
2024-07-06 20:00:00,81242.034,81422.659,81117.496,81395.161
2024-07-06 21:00:00,81397.052,81726.709,81226.086,81655.509
2024-07-06 22:00:00,81654.49,81657.608,80491.619,80534.762
2024-07-06 23:00:00,80538.077,80661.056,80478.126,80652.89
2024-07-07 00:00:00,80653.183,80763.565,80421.986,80421.986
2024-07-07 01:00:00,80433.932,80446.149,80025.121,80029.833
2024-07-07 02:00:00,80032.495,80048.042,79594.153,79661.642
2024-07-07 03:00:00,79660.116,79679.096,79481.43,79535.561
2024-07-07 04:00:00,79535.246,79918.13,79535.121,79908.722
2024-07-07 05:00:00,79924.758,80469.98,79914.535,80175.442
2024-07-07 06:00:00,80195.434,80278.238,79683.262,79698.425
2024-07-07 07:00:00,79699.542,80062.786,79667.128,80012.837
2024-07-07 08:00:00,80012.044,80689.26,80006.856,80608.528
2024-07-07 09:00:00,80624.138,80779.672,80359.423,80748.587
2024-07-07 10:00:00,80696.802,81239.103,80398.218,80492.701
2024-07-07 11:00:00,80491.121,80582.24,80009.314,80357.498
2024-07-07 12:00:00,80356.361,80540.987,80356.361,80529.461
2024-07-07 13:00:00,80524.531,81086.225,80506.036,80691.411
2024-07-07 14:00:00,80694.902,81363.737,80649.78,81311.803
2024-07-07 15:00:00,81312.365,81418.13,81289.561,81381.511
2024-07-07 16:00:00,81381.535,81438.952,81167.737,81350.877
2024-07-07 17:00:00,81337.454,81492.945,81306.609,81489.413
2024-07-07 18:00:00,81489.791,81505.717,81269.67,81448.555
2024-07-07 19:00:00,81449.04,81890.188,81336.034,81841.134
2024-07-07 20:00:00,81841.686,81911.823,81489.484,81796.838
2024-07-07 21:00:00,81789.535,81831.332,81596.118,81825.541
2024-07-07 22:00:00,81827.901,81862.944,81654.478,81769.083
2024-07-07 23:00:00,81765.965,81980.79,81657.066,81941.601
2024-07-08 00:00:00,81938.954,82012.193,81760.287,81776.841
2024-07-08 01:00:00,81771.489,81832.992,81567.629,81610.095
2024-07-08 02:00:00,81613.199,81669.425,81531.721,81533.091
2024-07-08 03:00:00,81533.422,81537.849,80923.264,81115.294
2024-07-08 04:00:00,81119.051,82001.928,81030.063,81742.642
2024-07-08 05:00:00,81751.144,81837.878,80911.47,81287.939
2024-07-08 06:00:00,81346.685,81424.268,80083.741,80083.741
2024-07-08 07:00:00,80081.156,80100.064,79229.297,79608.039
2024-07-08 08:00:00,79590.322,79641.655,78026.575,78494.552
2024-07-08 09:00:00,78494.332,78951.869,78473.463,78933.738
2024-07-08 10:00:00,78936.17,79284.251,78936.17,79050.755
2024-07-08 11:00:00,79050.695,79215.994,78905.283,78957.37
2024-07-08 12:00:00,78958.856,79208.109,78614.015,78661.642
2024-07-08 13:00:00,78661.516,78708.624,78511.494,78600.897
2024-07-08 14:00:00,78596.103,82139.344,78283.447,82138.386
2024-07-08 15:00:00,82134.165,82811.225,81786.017,81786.051
2024-07-08 16:00:00,81787.146,81997.421,80902.369,80902.369
2024-07-08 17:00:00,80903.561,81321.042,80373.588,81284.579
2024-07-08 18:00:00,81286.34,81584.827,80697.633,80720.209
2024-07-08 19:00:00,80720.251,81119.501,80716.611,81096.887
2024-07-08 20:00:00,81100.625,81275.395,78023.679,78677.696
2024-07-08 21:00:00,78684.045,79300.961,78477.222,79295.658
2024-07-08 22:00:00,79302.933,79422.089,79015.818,79332.196
2024-07-08 23:00:00,79332.697,79430.032,78874.608,78938.121
2024-07-09 00:00:00,78941.79,79037.404,78734.02,78879
2024-07-09 01:00:00,78881.633,79089.889,78879.624,79031.701
2024-07-09 02:00:00,79043.191,79145.464,78911.859,79053.719
2024-07-09 03:00:00,79053.711,79131.548,78100.828,78100.828
2024-07-09 04:00:00,78085.595,78686.137,77550.69,78620.926
2024-07-09 05:00:00,78612.908,78847.772,78577.61,78847.772
2024-07-09 06:00:00,78848.603,79320.629,78845.363,79059.764
2024-07-09 07:00:00,79059.415,79097.101,78250.574,78711.314
2024-07-09 08:00:00,78710.61,78728.815,77747.657,77748.978
2024-07-09 09:00:00,77752.634,78436.64,77752.634,78258.36
2024-07-09 10:00:00,78258.424,78395.901,78224.529,78380.955
2024-07-09 11:00:00,78382.144,78622.944,78382.144,78529.342
2024-07-09 12:00:00,78529.916,78712.781,78415.836,78693.934
2024-07-09 13:00:00,78691.429,78863.854,77878.15,77878.15
2024-07-09 14:00:00,77876.646,77876.646,76754.079,77799.47
2024-07-09 15:00:00,77822.028,78080.811,77822.028,78031.162
2024-07-09 16:00:00,78026.87,78323.102,77860.47,78122.439
2024-07-09 17:00:00,78117.587,78492.915,78087.328,78488.768
2024-07-09 18:00:00,78489.52,79994.203,78480.402,79994.203
2024-07-09 19:00:00,79995.42,80794.943,79995.42,80350.66
2024-07-09 20:00:00,80324.673,80585.797,79708.566,80568.858
2024-07-09 21:00:00,80590.898,81620.292,80589.422,81091.311
2024-07-09 22:00:00,81084.943,81416.671,80962.571,81017.059
2024-07-09 23:00:00,81017.253,81128.937,80961.015,81128.937
2024-07-10 00:00:00,81129.169,81608.479,80949.122,81521.522
2024-07-10 01:00:00,81522.653,81738.995,81506.491,81738.995
2024-07-10 02:00:00,81728.025,81847.964,81478.441,81490.028
2024-07-10 03:00:00,81491.26,81744.662,81452.966,81744.662
2024-07-10 04:00:00,81744.797,82190.424,81744.797,82134.12
2024-07-10 05:00:00,82123.439,82175.7,82069.799,82173.725
2024-07-10 06:00:00,82178.373,82178.373,81370.196,81392.044
2024-07-10 07:00:00,81396.8,81729.23,81288.578,81577.329
2024-07-10 08:00:00,81575.417,81641.344,81542.626,81556.19
2024-07-10 09:00:00,81556.901,82251.476,81530.124,82250.77
2024-07-10 10:00:00,82252.794,82502.402,81071.613,81628.835
2024-07-10 11:00:00,81626.408,81990.656,81546.659,81572.402
2024-07-10 12:00:00,81571.542,81761.198,81446.308,81758.276
2024-07-10 13:00:00,81758.813,81994.929,81630.409,81987.731
2024-07-10 14:00:00,81986.025,82001.033,80856.023,80920.246
2024-07-10 15:00:00,80919.354,81123.933,80718.598,80837.353
2024-07-10 16:00:00,80837.212,80917.803,80219.857,80915.195
2024-07-10 17:00:00,80916.43,81275.186,80630.158,80631.502
2024-07-10 18:00:00,80635.743,80770.481,79216.019,80548.504
2024-07-10 19:00:00,80543.898,82960.933,80424.176,82710.038
2024-07-10 20:00:00,82747.083,82750.502,82545.453,82714.015
2024-07-10 21:00:00,82727.95,83693.035,82640.374,83693.035
2024-07-10 22:00:00,83693.924,83707.949,83253.744,83283.264
2024-07-10 23:00:00,83287.332,83483.297,83287.332,83462.323
2024-07-11 00:00:00,83462.228,83588.77,83453.452,83550.309
2024-07-11 01:00:00,83552.819,83767.857,83485.187,83724.455
2024-07-11 02:00:00,83727.409,84283.33,83532.182,83780.305
2024-07-11 03:00:00,83780.753,83785.497,83595.743,83598.523
2024-07-11 04:00:00,83596.349,83602.84,82493.999,82548.38
2024-07-11 05:00:00,82548.521,82674.315,82385.806,82671.296
2024-07-11 06:00:00,82671.478,82713.145,82597.153,82698.9
2024-07-11 07:00:00,82700.907,82872.114,81086.53,81087.977
2024-07-11 08:00:00,81083.772,81246.241,80838.683,81244.646
2024-07-11 09:00:00,81243.198,81457.554,81153.808,81321.568
2024-07-11 10:00:00,81321.391,81499.204,81321.391,81404.347
2024-07-11 11:00:00,81405.818,81817.12,81368.135,81783.025
2024-07-11 12:00:00,81790.582,81901.164,81653.193,81901.14
2024-07-11 13:00:00,81900.7,81986.626,81796.779,81986.306
2024-07-11 14:00:00,81985.878,82113.877,81984.694,82076.347
2024-07-11 15:00:00,82083.377,82299.362,81802.055,81919.474
2024-07-11 16:00:00,81919.286,81919.962,81326.728,81590.748
2024-07-11 17:00:00,81588.379,81955.679,80773.743,81947.32
2024-07-11 18:00:00,81944.224,83618.709,81671.26,83091.426
2024-07-11 19:00:00,83116.921,85037.786,83111.078,85037.6
2024-07-11 20:00:00,85042.103,85044.996,83882.954,85035.579
2024-07-11 21:00:00,85033.82,85417.471,84907.318,85120.136
2024-07-11 22:00:00,85118.804,85363.934,85014.982,85095.817
2024-07-11 23:00:00,85095.634,85126.168,84960.389,84964.61
2024-07-12 00:00:00,84966.243,85307.762,84966.243,85253.288
2024-07-12 01:00:00,85253.113,85256.166,84927.211,85031.658
2024-07-12 02:00:00,85028.958,85054.456,84819.129,84876.348
2024-07-12 03:00:00,84875.829,84966.743,84809.65,84966.743
2024-07-12 04:00:00,84975.922,85222.563,84887.239,85152.017
2024-07-12 05:00:00,85149.134,85149.138,84878.653,85092.226
2024-07-12 06:00:00,85092.221,85495.299,85092.221,85495.299
2024-07-12 07:00:00,85488.006,85523.776,84261.674,84262.537
2024-07-12 08:00:00,84263.807,84320.431,83744.825,83796.106
2024-07-12 09:00:00,83794.105,83984.036,83779.656,83984.036
2024-07-12 10:00:00,83984.06,84313.043,83984.045,84220.086
2024-07-12 11:00:00,84217.231,84306.323,83974.983,84303.498
2024-07-12 12:00:00,84302.766,84312.768,83769.762,83813.462
2024-07-12 13:00:00,83813.652,83890.724,83550.459,83608.347
2024-07-12 14:00:00,83607.591,83872.107,82920.178,83872.055
2024-07-12 15:00:00,83870.123,83989.212,83492.903,83792.341
2024-07-12 16:00:00,83794.319,83898.098,83616.523,83692.088
2024-07-12 17:00:00,83691.115,83883.792,83667.631,83760.071
2024-07-12 18:00:00,83773.723,84211.423,83520.168,84207.848
2024-07-12 19:00:00,84208.758,85254.591,84194.691,85028.394
2024-07-12 20:00:00,85042.926,85568.116,84993.675,85506.312
2024-07-12 21:00:00,85508.811,85844.201,85468.415,85595.699
2024-07-12 22:00:00,85602.71,85911.446,85602.71,85653.557
2024-07-12 23:00:00,85653.507,86060.689,85637.197,86012.015
2024-07-13 00:00:00,86011.796,86025.501,85530.98,85656.153
2024-07-13 01:00:00,85657.603,85658.77,84355.756,84521.969
2024-07-13 02:00:00,84529.641,84949.771,84387.982,84446.8
2024-07-13 03:00:00,84447.351,84468.598,84221.805,84221.805
2024-07-13 04:00:00,84221.693,84265.177,83322.393,83332.739
2024-07-13 05:00:00,83333.307,83563.714,83286.687,83287.421
2024-07-13 06:00:00,83291.38,83291.38,83005.572,83078.524
2024-07-13 07:00:00,83078.523,83143.218,82954.585,83129.428
2024-07-13 08:00:00,83129.37,83171.876,82968.031,82968.031
2024-07-13 09:00:00,82967.434,83174.214,82889.772,83123.518
2024-07-13 10:00:00,83122.991,83328.425,83101.998,83327.567
2024-07-13 11:00:00,83326.009,83417.141,82856.827,82860.653
2024-07-13 12:00:00,82862.071,82862.071,82638.301,82751.013
2024-07-13 13:00:00,82750.292,82972.872,82749.091,82900.865
2024-07-13 14:00:00,82899.542,83150.521,82879.025,83136.018
2024-07-13 15:00:00,83127.675,83177.291,82119.919,82627.376
2024-07-13 16:00:00,82626.082,83232.965,82620.75,83062.069
2024-07-13 17:00:00,83060.889,83130.069,82711.772,82724.713
2024-07-13 18:00:00,82726.318,83161.374,82546.38,83119.287
2024-07-13 19:00:00,83116.428,83621.611,83116.428,83604.683
2024-07-13 20:00:00,83603.527,83781.644,83532.063,83707.865
2024-07-13 21:00:00,83710.225,83819.09,83381.299,83665.28
2024-07-13 22:00:00,83663.376,83915.629,83552.707,83594.597
2024-07-13 23:00:00,83597.55,83635.581,83517.945,83572.589
2024-07-14 00:00:00,83568.242,83619.21,83464.676,83610.607
2024-07-14 01:00:00,83610.998,83717.792,83601.037,83701.326
2024-07-14 02:00:00,83701.109,83701.109,83482.95,83572.86
2024-07-14 03:00:00,83573.075,83609.111,83465.697,83468.65
2024-07-14 04:00:00,83469.128,84122.95,83116.924,84056.957
2024-07-14 05:00:00,84081.355,85476.515,84081.355,85453.046
2024-07-14 06:00:00,85451.67,85825.352,85431.084,85819.671
2024-07-14 07:00:00,85837.726,86210.531,85766.086,85880.518
2024-07-14 08:00:00,85880.704,86042.538,85725.33,85903.861
2024-07-14 09:00:00,85900.462,86041.257,85775.571,85933.5
2024-07-14 10:00:00,85932.716,86595.368,85895.267,86486.275
2024-07-14 11:00:00,86487.391,86580.91,86029.094,86257.36
2024-07-14 12:00:00,86260.363,86704.948,86111.963,86162.637
2024-07-14 13:00:00,86164.899,86541.457,85974.642,86519.73
2024-07-14 14:00:00,86520.493,87178.954,86520.493,87178.954
2024-07-14 15:00:00,87174.851,87450.278,87104.638,87449.519
2024-07-14 16:00:00,87449.388,87506.653,87015.807,87244.097
2024-07-14 17:00:00,87249.563,87688.004,87147.678,87672.134
2024-07-14 18:00:00,87671.293,87973.949,87512.204,87687.432
2024-07-14 19:00:00,87683.904,87836.219,87546.022,87812.306
2024-07-14 20:00:00,87812.475,88151.564,87341.347,87485.928
2024-07-14 21:00:00,87488.907,87701.657,87487.873,87663.223
2024-07-14 22:00:00,87665.053,87778.072,87664.232,87759.64
2024-07-14 23:00:00,87764.782,87773.766,87573.574,87741.046
2024-07-15 00:00:00,87746.697,87764.016,87691.22,87751.051
2024-07-15 01:00:00,87751.022,87760.412,87662.011,87692.462
2024-07-15 02:00:00,87692.418,87967.206,87689.146,87711.963
2024-07-15 03:00:00,87712.634,87793.549,85637.675,85728.885
2024-07-15 04:00:00,85770.449,85801.09,84943.634,85020.581
2024-07-15 05:00:00,85019.198,85292.891,84967.121,84969.091
2024-07-15 06:00:00,84974.949,85372.403,84957.337,85207.598
2024-07-15 07:00:00,85206.747,85514.914,85021.967,85161.08
2024-07-15 08:00:00,85161.761,85331.842,83700.18,84796.22
2024-07-15 09:00:00,84793.698,85185.652,84722.509,85102.285
2024-07-15 10:00:00,85108.957,85700.427,85106.001,85431.694
2024-07-15 11:00:00,85418.373,85899.538,85398.014,85898.627
2024-07-15 12:00:00,85877.562,86418.092,85794.376,86418.092
2024-07-15 13:00:00,86419.081,86685.187,86226.365,86372.456
2024-07-15 14:00:00,86372.456,86625.135,86161.69,86408.831
2024-07-15 15:00:00,86408.382,86526.314,85765.488,86499.947
2024-07-15 16:00:00,86483.027,86627.454,86277.097,86277.097
2024-07-15 17:00:00,86269.615,86340.882,85962.793,86003.569
2024-07-15 18:00:00,86004.403,86065.098,85836.188,85971.625
2024-07-15 19:00:00,85972.282,86233.226,85528.677,86060.063
2024-07-15 20:00:00,86059.057,86283.782,85420.982,85524.439
2024-07-15 21:00:00,85528.727,85928.255,85200.692,85429.332
2024-07-15 22:00:00,85429.681,85493.452,84183.787,84375.409
2024-07-15 23:00:00,84376.044,84571.944,84055.642,84134.754
2024-07-16 00:00:00,84118.388,84990.369,83921.311,84965.056
2024-07-16 01:00:00,84965.013,84965.013,83887.798,83887.798
2024-07-16 02:00:00,83886.27,84012.049,83650.724,83987.058
2024-07-16 03:00:00,83987.578,84097.621,83937.558,84010.966
2024-07-16 04:00:00,84016.939,84824.254,83417.095,84511.091
2024-07-16 05:00:00,84512.057,85233.345,84466.436,85233.345
2024-07-16 06:00:00,85234.427,85583.353,85037.19,85187.664
2024-07-16 07:00:00,85187.843,85448.118,85187.843,85425.97
2024-07-16 08:00:00,85429.613,85655.931,85333.381,85351.553
2024-07-16 09:00:00,85341.361,85758.99,85339.491,85698.757
2024-07-16 10:00:00,85703.597,86098.258,85679.5,86071.914
2024-07-16 11:00:00,86061.893,86165.218,85037.721,85042.224
2024-07-16 12:00:00,85040.376,85406.591,84474.021,84592.396
2024-07-16 13:00:00,84592.939,84779.404,83906.961,84779.404
2024-07-16 14:00:00,84778.421,84820.267,84252.643,84283.072
2024-07-16 15:00:00,84281.775,84310.045,83431.663,83708.999
2024-07-16 16:00:00,83708.177,83981.661,83078.879,83612.968
2024-07-16 17:00:00,83630.374,83706.314,82978.861,83630.501
2024-07-16 18:00:00,83643.844,84124.491,83584.398,83722.284
2024-07-16 19:00:00,83722.432,84212.855,83609.079,83782.913
2024-07-16 20:00:00,83774.298,83774.298,83102.88,83559.364
2024-07-16 21:00:00,83553.076,84233.636,83534.278,84168.38
2024-07-16 22:00:00,84196.277,84744.263,82827.536,82839.976
2024-07-16 23:00:00,82839.279,82874.527,82457.028,82457.639
2024-07-17 00:00:00,82456.304,82648.648,82351.228,82602.442
2024-07-17 01:00:00,82605.707,83119.329,82507.662,82710.268
2024-07-17 02:00:00,82709.793,83273.452,82709.793,83108.569
2024-07-17 03:00:00,83108.401,83117.724,82689.219,82864.58
2024-07-17 04:00:00,82849.45,82938.728,82496.666,82576.54
2024-07-17 05:00:00,82580.302,83165.148,82438.425,83165.148
2024-07-17 06:00:00,83190.634,83972.177,83148.028,83972.177
2024-07-17 07:00:00,83970.13,84406.024,83722.009,83767.155
2024-07-17 08:00:00,83765.333,83818.202,83228.4,83300.643
2024-07-17 09:00:00,83301.911,83369.525,83121.283,83319.58
2024-07-17 10:00:00,83319.338,83950.722,83313.729,83894.544
2024-07-17 11:00:00,83886.386,84479.709,83886.341,84478.53
2024-07-17 12:00:00,84545.671,84596.768,84455.829,84594.824
2024-07-17 13:00:00,84595.837,84652.527,84345.431,84349.951
2024-07-17 14:00:00,84347.082,84420.198,83632.801,83881.364
2024-07-17 15:00:00,83879.59,83943.63,83770.241,83907.842
2024-07-17 16:00:00,83909.57,83943.573,83728.586,83745.384
2024-07-17 17:00:00,83745.616,83824.377,83505.295,83601.46
2024-07-17 18:00:00,83598.328,83966.727,83301.544,83426.839
2024-07-17 19:00:00,83422.487,83608.922,81867.004,81931.598
2024-07-17 20:00:00,81937.748,82085.498,81467.244,81659.837
2024-07-17 21:00:00,81660.228,82093.453,81521.481,82088.442
2024-07-17 22:00:00,82092.736,82265.376,80068.318,80120.737
2024-07-17 23:00:00,80085.17,80486.503,79960.196,80088.572
2024-07-18 00:00:00,80086.916,80220.972,79929.945,79983.152
2024-07-18 01:00:00,79983.671,80032.415,79571.761,79573.405
2024-07-18 02:00:00,79578.325,79733.598,79507.354,79511.197
2024-07-18 03:00:00,79510.856,79617.043,79200.435,79220.191
2024-07-18 04:00:00,79266.593,79388.048,79256.842,79309.67
2024-07-18 05:00:00,79313.281,79445.681,79312.697,79385.917
2024-07-18 06:00:00,79386.607,79547.567,79146.658,79234.082
2024-07-18 07:00:00,79237.55,79282.783,79164.979,79259.721
2024-07-18 08:00:00,79261.652,79290.744,78102.709,78164.979
2024-07-18 09:00:00,78164.886,78278.124,78122.378,78224.908
2024-07-18 10:00:00,78224.379,78575.046,78206.135,78409.014
2024-07-18 11:00:00,78409.456,78732.748,78373.656,78731.913
2024-07-18 12:00:00,78732.552,79094.75,78732.552,78938.497
2024-07-18 13:00:00,78937.704,79136.191,78840.986,79043.947
2024-07-18 14:00:00,79044.229,79162.794,78934.87,78940.257
2024-07-18 15:00:00,78935.414,79134.644,78912.619,78999.18
2024-07-18 16:00:00,78998.727,79249.787,78994.619,79035.536
2024-07-18 17:00:00,79029.399,79350.947,79008.865,79304.194
2024-07-18 18:00:00,79295.625,79583.22,79218.257,79582.53
2024-07-18 19:00:00,79581.794,79688.649,79215.201,79241.998
2024-07-18 20:00:00,79242.261,79640.084,78464.956,78751.552
2024-07-18 21:00:00,78760.907,79473.173,78335.53,79162.155
2024-07-18 22:00:00,79168.215,79353.04,78948.558,79341.547
2024-07-18 23:00:00,79359.526,79569.762,79276.988,79567.317
2024-07-19 00:00:00,79566.673,79708.414,79501.11,79586.878
2024-07-19 01:00:00,79587.363,79677.549,79103.688,79103.688
2024-07-19 02:00:00,79099.463,79197.018,78930.913,78931.007
2024-07-19 03:00:00,78931.488,78987.239,78720.34,78824.807
2024-07-19 04:00:00,78825.362,78879.12,78528.333,78590.635
2024-07-19 05:00:00,78592.928,78612.439,78530.142,78587.547
2024-07-19 06:00:00,78587.544,78821.418,78408.417,78821.418
2024-07-19 07:00:00,78825.587,78977.81,78739.107,78817.379
2024-07-19 08:00:00,78817.633,78946.093,78749.337,78938.899
2024-07-19 09:00:00,78935.932,79143.366,78485.403,78489.889
2024-07-19 10:00:00,78495.344,78659,78446.161,78659
2024-07-19 11:00:00,78660.892,78918.821,78660.892,78774.782
2024-07-19 12:00:00,78777.889,78808.159,78359.98,78481.794
2024-07-19 13:00:00,78481.403,78511.794,78120.553,78471.991
2024-07-19 14:00:00,78476.193,78917.965,78095.963,78156.783
2024-07-19 15:00:00,78157.484,78203.19,77719.635,77896.016
2024-07-19 16:00:00,77896.996,78009.245,77656.207,77978.611
2024-07-19 17:00:00,77979.509,78183.22,77955.658,78147.719
2024-07-19 18:00:00,78148.198,78802.614,78025.543,78802.261
2024-07-19 19:00:00,78812.586,79499.797,78681.867,79037.241
2024-07-19 20:00:00,79039.719,80878.355,79003.437,80854.794
2024-07-19 21:00:00,80854.006,81078.34,80482.079,81039.333
2024-07-19 22:00:00,81006.492,82311.108,80410.446,82311.108
2024-07-19 23:00:00,82316.633,83146.369,82316.633,83146.369
2024-07-20 00:00:00,83150.12,83395.135,83060.417,83102.479
2024-07-20 01:00:00,83100.551,83914.06,82890.331,83898.992
2024-07-20 02:00:00,83900.82,84257.868,83892.929,84145.006
2024-07-20 03:00:00,84146.289,84377.068,84004.898,84373.96
2024-07-20 04:00:00,84374.686,84682.462,84374.315,84513.315
2024-07-20 05:00:00,84507.877,84509.522,84269.277,84273.272
2024-07-20 06:00:00,84273.836,84332.01,83337.77,83346.681
2024-07-20 07:00:00,83340.752,83359.512,82899.35,82900.019
2024-07-20 08:00:00,82901.064,82977.656,82856.687,82884.869
2024-07-20 09:00:00,82884.832,82900.877,82636.01,82691.344
2024-07-20 10:00:00,82691.514,82719.384,82507.808,82507.808
2024-07-20 11:00:00,82507.641,82573.649,82465.652,82550.545
2024-07-20 12:00:00,82549.064,82549.618,82418.91,82423.924
2024-07-20 13:00:00,82423.013,82439.196,82318.539,82342.906
2024-07-20 14:00:00,82342.498,82535.297,82299.102,82535.297
2024-07-20 15:00:00,82535.3,82548.673,82373.965,82489.632
2024-07-20 16:00:00,82489.467,82520.497,82316.095,82343.46
2024-07-20 17:00:00,82343.717,82370.874,82278.132,82358.271
2024-07-20 18:00:00,82348.601,82383.595,82274.649,82296.14
2024-07-20 19:00:00,82296.693,82531.109,82296.693,82484.521
2024-07-20 20:00:00,82482.61,82536,82371.674,82409.903
2024-07-20 21:00:00,82410.325,82440.618,82013.344,82119.198
2024-07-20 22:00:00,82119.657,82119.657,81706.049,81783.942
2024-07-20 23:00:00,81784.826,82351.746,81371.033,82318.732
2024-07-21 00:00:00,82311.911,82533.33,82291.335,82428.749
2024-07-21 01:00:00,82433.136,82665.119,82432.855,82593.158
2024-07-21 02:00:00,82594.271,82602.892,82370.28,82386.415
2024-07-21 03:00:00,82385.173,82714.683,82342.066,82484.603
2024-07-21 04:00:00,82484.536,82791.56,82482.346,82638.399
2024-07-21 05:00:00,82640.432,82809.178,82574.802,82809.178
2024-07-21 06:00:00,82809.197,83085.015,82809.197,83085.015
2024-07-21 07:00:00,83085.137,83292.282,83005.937,83104.673
2024-07-21 08:00:00,83106.946,83203.662,83056.378,83203.059
2024-07-21 09:00:00,83200.645,83214.167,83107.575,83158.189
2024-07-21 10:00:00,83159.105,83247.248,83141.784,83247.248
2024-07-21 11:00:00,83243.001,83467.992,83223.73,83467.428
2024-07-21 12:00:00,83468.355,83592.3,83067.918,83169.122
2024-07-21 13:00:00,83169.446,83188.344,82977.129,83029.709
2024-07-21 14:00:00,83030.209,83109.759,82955.873,83090.642
2024-07-21 15:00:00,83091.306,83180.483,83079.046,83130.881
2024-07-21 16:00:00,83130.53,83165.247,83070.374,83144.554
2024-07-21 17:00:00,83147.108,83242.497,83137.79,83242.495
2024-07-21 18:00:00,83239.843,83331.007,83191.145,83297.013
2024-07-21 19:00:00,83299.245,83849.329,83266.074,83839.467
2024-07-21 20:00:00,83837.837,83909.262,83313.81,83743.731
2024-07-21 21:00:00,83744.455,83960.757,83588.367,83635.493
2024-07-21 22:00:00,83636.238,83822.522,83452.883,83623.909
2024-07-21 23:00:00,83631.228,83911.404,83088.171,83407.735
2024-07-22 00:00:00,83419.23,83650.165,80937.395,80996.964
2024-07-22 01:00:00,80996.477,81126.665,80758.556,80790.611
2024-07-22 02:00:00,80799.337,80885.484,79608.202,80070.636
2024-07-22 03:00:00,80071.397,80131.312,79567.07,79836.479
2024-07-22 04:00:00,79844.424,80170.475,79844.424,80149.627
2024-07-22 05:00:00,80153.671,80657.351,80153.671,80652.588
2024-07-22 06:00:00,80649.464,81005.107,80641.498,80912.589
2024-07-22 07:00:00,80911.073,81047.966,80706.225,80828.654
2024-07-22 08:00:00,80826.626,81412.763,80824.452,81385.73
2024-07-22 09:00:00,81386.642,81555.086,81386.642,81475.6
2024-07-22 10:00:00,81485.357,81513.182,81363.291,81363.291
2024-07-22 11:00:00,81363.368,81556.062,81338.91,81421.736
2024-07-22 12:00:00,81421.777,81582.471,81256.1,81273.109
2024-07-22 13:00:00,81274.447,81425.956,81207.112,81397.808
2024-07-22 14:00:00,81395.759,81545.273,81180.986,81310.416
2024-07-22 15:00:00,81312.053,81369.298,81260.763,81363.197
2024-07-22 16:00:00,81363.197,81668.265,81363.197,81606.242
2024-07-22 17:00:00,81606.203,81695.272,81606.203,81660.517
2024-07-22 18:00:00,81656.621,81682.02,81502.546,81559.606
2024-07-22 19:00:00,81557.429,81557.429,80689.119,80783.549
2024-07-22 20:00:00,80756.521,81689.048,80741.96,81121.407
2024-07-22 21:00:00,81123.748,81867.396,81107.928,81867.396
2024-07-22 22:00:00,81868.954,82097.738,81776.875,81783.855
2024-07-22 23:00:00,81784.762,81811.292,81412.202,81479.999
2024-07-23 00:00:00,81488.523,81488.523,81264.853,81390.615
2024-07-23 01:00:00,81392.253,81392.253,80941.077,81123.444
2024-07-23 02:00:00,81125.648,81147.132,80971.84,81019.198
2024-07-23 03:00:00,81022.229,81046.156,80741.022,80749.727
2024-07-23 04:00:00,80750.572,80848.159,80649.09,80762.478
2024-07-23 05:00:00,80764.115,80960.942,80410.165,80886.266
2024-07-23 06:00:00,80886.012,80979.317,80483.193,80510.044
2024-07-23 07:00:00,80509.078,80524.369,80252.587,80292.496
2024-07-23 08:00:00,80289.429,80394.619,80221.016,80289.019
2024-07-23 09:00:00,80289.698,80590.84,80272.765,80505.906
2024-07-23 10:00:00,80510.098,81021.841,80506.453,81011.93
2024-07-23 11:00:00,81013.064,81439.973,81000.306,81355.758
2024-07-23 12:00:00,81368.622,81926.578,81366.865,81913.923
2024-07-23 13:00:00,81908.538,81911.526,81672.739,81869.433
2024-07-23 14:00:00,81868.273,82051.176,81770.673,82049.14
2024-07-23 15:00:00,82052.13,82152.838,81768.873,81773.988
2024-07-23 16:00:00,81786.413,81913.905,81767.145,81890.798
2024-07-23 17:00:00,81891.579,81971.193,81646.765,81710.875
2024-07-23 18:00:00,81709.049,81948.951,81585.173,81940.516
2024-07-23 19:00:00,81939.76,82545.898,81792.201,82292.68
2024-07-23 20:00:00,82293.602,82676.645,82100.086,82513.632
2024-07-23 21:00:00,82522.635,82525.448,80801.946,81066.381
2024-07-23 22:00:00,81064.189,82248.287,80998.736,82019.954
2024-07-23 23:00:00,82029.685,82468.736,81892.596,82286.053
2024-07-24 00:00:00,82285.088,82759.708,82273.152,82503.437
2024-07-24 01:00:00,82501.758,83068.643,82501.758,82806.641
2024-07-24 02:00:00,82813.275,83022.039,82578.67,82604.822
2024-07-24 03:00:00,82604.149,82654.496,82488.072,82552.406
2024-07-24 04:00:00,82551.736,82551.736,82232.288,82233.158
2024-07-24 05:00:00,82233.62,82276.079,82111.208,82275.2
2024-07-24 06:00:00,82275.258,82305.326,82097.658,82191.855
2024-07-24 07:00:00,82192.711,82255.309,81963.137,82103.361
2024-07-24 08:00:00,82102.282,82293.432,82092.948,82181.171
2024-07-24 09:00:00,82184.714,82397.116,82135.367,82387.156
2024-07-24 10:00:00,82387.199,82713.905,82387.199,82663.873
2024-07-24 11:00:00,82663.306,82675.342,82218.681,82257.568
2024-07-24 12:00:00,82256.381,82454.369,82225.179,82448.383
2024-07-24 13:00:00,82447.609,82497.3,82323.85,82480.486
2024-07-24 14:00:00,82480.484,82492.242,81950.382,82346.625
2024-07-24 15:00:00,82349.481,82629.931,82349.481,82498.196
2024-07-24 16:00:00,82498.769,82658.924,82294.174,82554.357
2024-07-24 17:00:00,82566.383,82753.277,82566.383,82703.715
2024-07-24 18:00:00,82703.657,82931.299,82653.3,82892.296
2024-07-24 19:00:00,82901.73,83286.055,82797.552,82838.133
2024-07-24 20:00:00,82848.232,83572.309,82826.455,83470.301
2024-07-24 21:00:00,83465.009,83465.009,82526.74,82763.286
2024-07-24 22:00:00,82764.833,82929.613,82558.482,82599.263
2024-07-24 23:00:00,82599.539,82741.214,82570.031,82740.16
2024-07-25 00:00:00,82750.451,82878.229,82419.767,82522.163
2024-07-25 01:00:00,82526.061,82533.021,82023.925,82165.221
2024-07-25 02:00:00,82166.752,82227.186,81759.466,81765.536
2024-07-25 03:00:00,81766.821,82103.38,80507.107,80537.651
2024-07-25 04:00:00,80540.86,80897.878,80538.629,80893.126
2024-07-25 05:00:00,80889.38,81060.874,80883.402,81060.194
2024-07-25 06:00:00,81100.626,81114.805,80887.769,81031.617
2024-07-25 07:00:00,81032.325,81218.114,79602.265,81174.348
2024-07-25 08:00:00,81187.89,81236.091,80201.075,81159.656
2024-07-25 09:00:00,81157.765,81343.133,80695.227,80764.113
2024-07-25 10:00:00,80762.762,81551.822,80742.92,81297.172
2024-07-25 11:00:00,81295.526,81641.343,81278.329,81621.359
2024-07-25 12:00:00,81621.792,81812.196,81513.925,81768.595
2024-07-25 13:00:00,81768.441,81846.097,81591.044,81842.436
2024-07-25 14:00:00,81845.524,83201.911,81687.844,82950.661
2024-07-25 15:00:00,82944.984,83088.182,82707.982,82709.278
2024-07-25 16:00:00,82709.905,83441.456,82703.138,83370.813
2024-07-25 17:00:00,83370.157,83564.002,83370.157,83546.974
2024-07-25 18:00:00,83548.605,84221.278,83294.089,84132.887
2024-07-25 19:00:00,84136.207,84201.967,83427.356,83518.445
2024-07-25 20:00:00,83484.187,86294.416,83478.289,85487.03
2024-07-25 21:00:00,85470.71,85599.973,84960.742,84962.816
2024-07-25 22:00:00,84960.231,85297.709,84908.17,85072.828
2024-07-25 23:00:00,85069.657,85241.691,84789.434,84839
2024-07-26 00:00:00,84843.431,84858.283,83324.033,83420.476
2024-07-26 01:00:00,83422.848,83558.625,83079.257,83207.175
2024-07-26 02:00:00,83205.637,83500.017,83051.109,83310.782
2024-07-26 03:00:00,83293.406,83812.51,82647.363,83778.916
2024-07-26 04:00:00,83782.885,83940.639,83430.44,83467.286
2024-07-26 05:00:00,83461.527,83461.527,83272.469,83327.012
2024-07-26 06:00:00,83326.697,83405.838,83077.714,83157.685
2024-07-26 07:00:00,83162.477,83336.215,83033.32,83301.89
2024-07-26 08:00:00,83308.482,83988.858,83308.482,83715.274
2024-07-26 09:00:00,83719.944,84309.682,83689.957,84268.445
2024-07-26 10:00:00,84269.001,84515.063,84248.315,84490.425
2024-07-26 11:00:00,84490.834,84703.418,84460.574,84633.774
2024-07-26 12:00:00,84635.09,86371.483,84591.247,86368.841
2024-07-26 13:00:00,86367.85,86678.678,85637.992,85637.992
2024-07-26 14:00:00,85652.068,85726.612,85499.889,85672.508
2024-07-26 15:00:00,85673.903,86421.951,85672.64,86190.262
2024-07-26 16:00:00,86173.627,86913.959,85874.583,86913.959
2024-07-26 17:00:00,86913.568,87453.866,86909.272,87401.311
2024-07-26 18:00:00,87401.941,87654.329,87149.753,87373.119
2024-07-26 19:00:00,87379.255,87794.467,87203.614,87674.005
2024-07-26 20:00:00,87676.658,87692.459,86185.432,86273.016
2024-07-26 21:00:00,86273.086,86756.797,85987.161,86748.443
2024-07-26 22:00:00,86748.417,86968.337,86703.172,86707.304
2024-07-26 23:00:00,86706.393,86706.393,86134.896,86262.298
2024-07-27 00:00:00,86260.961,86321.306,86099.49,86274.253
2024-07-27 01:00:00,86273.415,86273.415,85460.36,85636.437
2024-07-27 02:00:00,85634.239,85720.725,85150.972,85363.166
2024-07-27 03:00:00,85363.147,85443.726,84212.499,84380.018
2024-07-27 04:00:00,84375.419,84687.046,84357.503,84561.952
2024-07-27 05:00:00,84554.214,84664.744,84476.697,84650.971
2024-07-27 06:00:00,84660.064,85215.493,84660.064,85214.746
2024-07-27 07:00:00,85215.648,85326.098,85074.753,85085.902
2024-07-27 08:00:00,85085.364,85454.191,85084.59,85454.191
2024-07-27 09:00:00,85451.594,85530.23,85284.323,85320.811
2024-07-27 10:00:00,85320.745,85454.455,85291.619,85364.247
2024-07-27 11:00:00,85364.237,85398.595,85173.594,85183.454
2024-07-27 12:00:00,85183.224,85433.007,85128.335,85309.414
2024-07-27 13:00:00,85315.877,85663.513,85247.774,85650.405
2024-07-27 14:00:00,85650.223,85731.726,85598.428,85657.646
2024-07-27 15:00:00,85660.119,85693.68,85553.832,85621.585
2024-07-27 16:00:00,85623.072,85835.504,85619.325,85831.069
2024-07-27 17:00:00,85830.791,86086.64,85828.075,86086.64
2024-07-27 18:00:00,86088.003,86849.877,86022.935,86849.877
2024-07-27 19:00:00,86852.275,87772.183,86550.898,87685.027
2024-07-27 20:00:00,87698.572,87936.885,86839.907,86961.558
2024-07-27 21:00:00,86963.117,87147.623,86658.053,86822.62
2024-07-27 22:00:00,86823.68,87074.504,86823.68,87048.063
2024-07-27 23:00:00,87052.718,87061.315,86488.163,86928.266
2024-07-28 00:00:00,86927.317,87210.401,86636.309,87110.962
2024-07-28 01:00:00,87061.998,87073.876,85522.849,85940.034
2024-07-28 02:00:00,85938.434,86563.424,84677.15,85028.358
2024-07-28 03:00:00,85030.751,86477.123,84446.836,86417.226
2024-07-28 04:00:00,86428.461,86530.39,86356.731,86477.414
2024-07-28 05:00:00,86480.293,86493.958,86018.479,86084.246
2024-07-28 06:00:00,86084.355,86133.957,85553.378,85666.625
2024-07-28 07:00:00,85666.491,85841.74,85621.428,85810.608
2024-07-28 08:00:00,85809.798,85971.581,85702.198,85967.748
2024-07-28 09:00:00,85965.937,86005.216,85937.842,85951.573
2024-07-28 10:00:00,85951.886,86196.856,85853.182,85853.182
2024-07-28 11:00:00,85847.839,85923.461,85199.628,85495.189
2024-07-28 12:00:00,85498.43,85509.204,85206.663,85385.939
2024-07-28 13:00:00,85387.392,85601.276,85360.727,85540.557
2024-07-28 14:00:00,85540.27,85696.06,85533.694,85692.754
2024-07-28 15:00:00,85692.242,85785.518,85622.131,85785.518
2024-07-28 16:00:00,85785.676,85814.837,85530.685,85602.6
2024-07-28 17:00:00,85603.686,85623.551,85131.168,85236.091
2024-07-28 18:00:00,85237.557,85668.501,85156.176,85658.012
2024-07-28 19:00:00,85658.063,85969.7,85631.216,85967.895
2024-07-28 20:00:00,85970.294,86334.556,85966.29,86304.611
2024-07-28 21:00:00,86304.909,86375.307,86194.662,86239.242
2024-07-28 22:00:00,86243.604,86331.426,86103.195,86135.892
2024-07-28 23:00:00,86135.747,86161.76,85729.319,85734.914
2024-07-29 00:00:00,85736.702,85812.111,85432.686,85512.867
2024-07-29 01:00:00,85513.052,85647.904,85500.303,85581.509
2024-07-29 02:00:00,85583.975,85730.931,85581.359,85688.553
2024-07-29 03:00:00,85695.591,85700.276,85480.358,85561.729
2024-07-29 04:00:00,85567.175,85713.185,85540.528,85695.851
2024-07-29 05:00:00,85696.035,85863.512,85695.107,85863.045
2024-07-29 06:00:00,85860.137,86562.744,85811.001,86536.377
2024-07-29 07:00:00,86538.585,86539.889,85974.554,86153.343
2024-07-29 08:00:00,86152.449,87204.329,86094.066,86548.607
2024-07-29 09:00:00,86556.43,88020.108,86556.233,88014.43
2024-07-29 10:00:00,88016.046,88083.378,87934.274,88057.039
2024-07-29 11:00:00,88054.033,89539.995,88051.185,89528.68
2024-07-29 12:00:00,89514.068,90159.242,89434.654,90152.17
2024-07-29 13:00:00,90150.357,90208.259,90005.658,90148.179
2024-07-29 14:00:00,90147.938,90593.602,90106.546,90422.802
2024-07-29 15:00:00,90422.339,90760.299,90415.699,90708.71
2024-07-29 16:00:00,90707.275,91307.499,90647.736,91300.328
2024-07-29 17:00:00,91298.285,92072.293,91277.705,92047.425
2024-07-29 18:00:00,92045.644,92990.311,92022.309,92947.957
2024-07-29 19:00:00,92953.943,94173.28,92748.583,93473.624
2024-07-29 20:00:00,93477.835,93504.547,90700.791,90730.132
2024-07-29 21:00:00,90737.784,90760.396,89106.307,89463.244
2024-07-29 22:00:00,89462.58,89798.35,88218.961,89087.093
2024-07-29 23:00:00,89084.959,89084.959,87989.032,88585.28
2024-07-30 00:00:00,88581.681,88581.681,86461.329,87022.329
2024-07-30 01:00:00,87028.491,87033.776,86586.839,86624.758
2024-07-30 02:00:00,86630.495,86774.178,86589.206,86589.206
2024-07-30 03:00:00,86585.533,86592.072,86380.598,86449.471
2024-07-30 04:00:00,86451.478,86551.664,86390.379,86535.386
2024-07-30 05:00:00,86519.224,86521.656,84578.359,84865.125
2024-07-30 06:00:00,84859.618,84896.698,82799.33,82935.135
2024-07-30 07:00:00,82935.725,83118.541,82828.409,82991.191
2024-07-30 08:00:00,82987.443,82997.039,82707.194,82807.412
2024-07-30 09:00:00,82810.26,83225.33,82810.26,83216.07
2024-07-30 10:00:00,83216.488,83366.701,83111.915,83338.391
2024-07-30 11:00:00,83344.806,83681.583,83344.806,83456.839
2024-07-30 12:00:00,83443.089,83465.183,83278.854,83443.898
2024-07-30 13:00:00,83446.562,83464.275,83241.732,83396.281
2024-07-30 14:00:00,83397.132,83748.666,83383.505,83726.472
2024-07-30 15:00:00,83730.465,83817.511,83626.939,83742.586
2024-07-30 16:00:00,83739.857,84556.661,83733.704,84470.17
2024-07-30 17:00:00,84469.58,84501.985,84292.504,84308.63
2024-07-30 18:00:00,84300.314,84630.14,84203.909,84598.26
2024-07-30 19:00:00,84592.5,84603.671,84269.844,84310.456
2024-07-30 20:00:00,84320.164,84728.131,84163.329,84431.265
2024-07-30 21:00:00,84452.678,84670.825,83435.048,83620.733
2024-07-30 22:00:00,83632.768,83721.151,83506.626,83589.962
2024-07-30 23:00:00,83588.41,83597.173,83083.924,83155.053
2024-07-31 00:00:00,83153.973,83710.487,83153.973,83275.123
2024-07-31 01:00:00,83272.817,83657.843,83099.986,83605.009
2024-07-31 02:00:00,83631.609,83773.591,82774.34,83010.929
2024-07-31 03:00:00,83012.311,83258.285,82875.73,82885.543
2024-07-31 04:00:00,82895.905,83018.576,82832.276,82973.678
2024-07-31 05:00:00,82973.321,83012.171,82889.543,82993.98
2024-07-31 06:00:00,82993.944,82993.944,82703.276,82780.782
2024-07-31 07:00:00,82788.729,83007.023,82783.549,82987.485
2024-07-31 08:00:00,82979.59,82981.965,82757.071,82781.83
2024-07-31 09:00:00,82782.836,82794.559,82656.13,82661.061
2024-07-31 10:00:00,82664.542,82966.156,82581.268,82639.971
2024-07-31 11:00:00,82639.293,82840.286,82457.868,82518.994
2024-07-31 12:00:00,82542.35,83400.257,82542.35,82657.641
2024-07-31 13:00:00,82655.859,82655.859,82186.629,82380.955
2024-07-31 14:00:00,82380.417,82599.094,82328.168,82598.159
2024-07-31 15:00:00,82597.824,82777.31,82534.934,82776.65
2024-07-31 16:00:00,82776.747,82780.199,82272.396,82283.317
2024-07-31 17:00:00,82291.316,82431.524,82270.298,82407.765
2024-07-31 18:00:00,82407.517,82516.222,82334.493,82501.186
2024-07-31 19:00:00,82496.298,82516.464,81650.279,81680.519
2024-07-31 20:00:00,81680.879,81809.68,81190.04,81809.68
2024-07-31 21:00:00,81810.934,81931.286,81810.197,81906.935
2024-07-31 22:00:00,81906.822,82745.985,81900.826,82626.329
2024-07-31 23:00:00,82629.914,82684.105,82204.602,82216.669
2024-08-01 00:00:00,82223.606,82900.973,82162.757,82895.776
2024-08-01 01:00:00,82895.259,83489.483,81948.258,82144.509
2024-08-01 02:00:00,82129.141,82158.591,81431.221,81784.911
2024-08-01 03:00:00,81782.709,82056.779,81612.828,82054.698
2024-08-01 04:00:00,82069.058,82219.488,82069.058,82103.357
2024-08-01 05:00:00,82103.37,82582.907,82069.742,82582.645
2024-08-01 06:00:00,82570.255,82810.39,82284.302,82401.278
2024-08-01 07:00:00,82404.253,82443.468,81913.961,82131.737
2024-08-01 08:00:00,82132.655,83711.055,81857.049,83690.743
2024-08-01 09:00:00,83690.899,84257.532,83555.746,84238.19
2024-08-01 10:00:00,84238.572,84661.376,84238.572,84302.654
2024-08-01 11:00:00,84314.715,85907.493,84314.715,85663.075
2024-08-01 12:00:00,85660.33,85660.33,85208.787,85343.179
2024-08-01 13:00:00,85342.869,85555.607,85305.491,85489.569
2024-08-01 14:00:00,85489.715,85580.46,85236.316,85363.187
2024-08-01 15:00:00,85369.292,85399.39,85012.178,85043.328
2024-08-01 16:00:00,85043.154,85081.151,84739.208,85015.033
2024-08-01 17:00:00,85015.575,85369.946,84989.531,85368.129
2024-08-01 18:00:00,85372.199,85637.247,85255.796,85495.788
2024-08-01 19:00:00,85495.192,85545.335,85173.965,85289.754
2024-08-01 20:00:00,85290.668,87341.561,85245.077,87341.561
2024-08-01 21:00:00,87342.415,88371.062,87086.097,87817.265
2024-08-01 22:00:00,87817.977,88983.852,87817.977,88981.462
2024-08-01 23:00:00,88986.082,89621.086,87714.023,88434.676
2024-08-02 00:00:00,88432.519,90063.434,88429.384,89823.269
2024-08-02 01:00:00,89828.392,90095.102,89731.708,90084.961
2024-08-02 02:00:00,90083.421,90355.709,89428.237,89467.492
2024-08-02 03:00:00,89469.092,89527.819,88616.416,88849.823
2024-08-02 04:00:00,88868.103,89055.274,88005.29,88005.29
2024-08-02 05:00:00,88003.82,88019.135,87198.667,87199.711
2024-08-02 06:00:00,87191.923,87348.992,86241.213,86249.215
2024-08-02 07:00:00,86242.685,86242.685,85753.323,85778.623
2024-08-02 08:00:00,85777.587,86611.786,85531.42,86585.212
2024-08-02 09:00:00,86587.585,87335.625,86546.208,87335.625
2024-08-02 10:00:00,87347.918,88315.366,87347.918,88213.278
2024-08-02 11:00:00,88221.416,88503.604,88121.95,88367.629
2024-08-02 12:00:00,88368.207,88429.538,88002.152,88158.921
2024-08-02 13:00:00,88159.311,88336.509,88074.337,88211.804
2024-08-02 14:00:00,88209.785,88320.543,88041.034,88277.118
2024-08-02 15:00:00,88283.973,88554.925,88280.702,88554.225
2024-08-02 16:00:00,88553.873,88645.054,88336.149,88383.165
2024-08-02 17:00:00,88376.876,88992.085,88165.964,88903.434
2024-08-02 18:00:00,88903.694,89771.513,88524.38,89623.524
2024-08-02 19:00:00,89622.706,90100.57,89457.868,89655.516
2024-08-02 20:00:00,89657.539,90805.038,88595.823,90805.038
2024-08-02 21:00:00,90801.049,91033.45,88603.132,89185.857
2024-08-02 22:00:00,89166.812,89867.225,89079.972,89822.569
2024-08-02 23:00:00,89824.602,89984.175,89750.479,89970.411
2024-08-03 00:00:00,89971.069,89995.118,89275.44,89275.44
2024-08-03 01:00:00,89274.562,89599.128,88589.514,88591.187
2024-08-03 02:00:00,88585.787,88812.476,87475.009,87533.894
2024-08-03 03:00:00,87517.365,87610.899,86474.107,86709.287
2024-08-03 04:00:00,86709.965,87596.153,86708.742,87528.93
2024-08-03 05:00:00,87543.222,87795.765,87413.864,87795.765
2024-08-03 06:00:00,87796.358,88782.533,87793.236,88418.793
2024-08-03 07:00:00,88400.134,88565.75,87224.095,87274.81
2024-08-03 08:00:00,87275.621,87275.621,87001.02,87202.903
2024-08-03 09:00:00,87202.19,87444.069,86414.428,86442.956
2024-08-03 10:00:00,86436.477,86522.001,86371.64,86500.218
2024-08-03 11:00:00,86501.48,86646.467,86491.899,86646.467
2024-08-03 12:00:00,86650.694,86872.256,86596.841,86872.256
2024-08-03 13:00:00,86873.347,87050.826,86853.225,86908.051
2024-08-03 14:00:00,86910.517,87114.67,86840.787,87100.268
2024-08-03 15:00:00,87101.687,87125.738,86941.753,87039.715
2024-08-03 16:00:00,87039.271,87337.722,87001.806,87170.541
2024-08-03 17:00:00,87163.915,87219.032,86962.213,87009.611
2024-08-03 18:00:00,87009.593,87277.808,86956.661,87110.896
2024-08-03 19:00:00,87111.476,87130.979,86891.703,86954.428
2024-08-03 20:00:00,86950.863,87224.338,86882.511,87223.788
2024-08-03 21:00:00,87223.986,87284.06,86822.765,87077.58
2024-08-03 22:00:00,87078.812,87712.631,86639.504,87155.516
2024-08-03 23:00:00,87149.109,87325.502,87076.959,87216.358
2024-08-04 00:00:00,87214.431,87819.316,87209.458,87621.151
2024-08-04 01:00:00,87622.631,87630.909,86203.762,86218.909
2024-08-04 02:00:00,86223.328,86330.062,85652.023,85652.023
2024-08-04 03:00:00,85651.959,85661.731,84861.56,84960.185
2024-08-04 04:00:00,84957.239,85120.29,84924.571,85116.231
2024-08-04 05:00:00,85113.723,85310.205,84969.116,85282.995
2024-08-04 06:00:00,85282.997,85446.089,85278.843,85445.433
2024-08-04 07:00:00,85445.44,85563.96,85333.525,85557.077
2024-08-04 08:00:00,85562.715,85858.42,85370.717,85856.113
2024-08-04 09:00:00,85856.106,85871.217,85410.525,85567.22
2024-08-04 10:00:00,85578.301,85636.967,85481.517,85509.21
2024-08-04 11:00:00,85509.26,85561.008,85474.09,85531.316
2024-08-04 12:00:00,85531.498,85585.103,85473.72,85579.308
2024-08-04 13:00:00,85579.804,85921.945,85484.595,85921.945
2024-08-04 14:00:00,85922.222,86244.909,85841.251,86242.429
2024-08-04 15:00:00,86239.897,86529.73,86234.198,86523.507
2024-08-04 16:00:00,86523.473,87281.125,86480.804,87279.674
2024-08-04 17:00:00,87278.871,88412.919,87188.459,88412.919
2024-08-04 18:00:00,88413.508,89091.46,88386.278,89087.444
2024-08-04 19:00:00,89088.855,89155.266,89047.396,89155.266
2024-08-04 20:00:00,89137.91,89709.135,88451.412,89221.184
2024-08-04 21:00:00,89228.788,90755.965,89218.597,90514.582
2024-08-04 22:00:00,90509.674,91284.297,90178.768,91284.297
2024-08-04 23:00:00,91300.146,92372.423,90511.93,90592.482
2024-08-05 00:00:00,90571.816,90650.086,89400.626,89509.443
2024-08-05 01:00:00,89506.051,89512.806,87436.689,87474.826
2024-08-05 02:00:00,87475.225,87554.469,87253.431,87358.57
2024-08-05 03:00:00,87357.787,87879.024,87305.162,87879.024
2024-08-05 04:00:00,87883.213,88093.001,87629.858,88025.167
2024-08-05 05:00:00,88026.084,88269.402,88025.057,88101.558
2024-08-05 06:00:00,88098.333,88375.08,87114.573,87383.315
2024-08-05 07:00:00,87366.636,87591.48,80251.143,80251.143
2024-08-05 08:00:00,80241.179,80269.15,79525.364,79884.152
2024-08-05 09:00:00,79878.625,80067.358,79507.247,79769.29
2024-08-05 10:00:00,79753.064,80183.619,79704.848,80183.619
2024-08-05 11:00:00,80189.586,80857.876,80189.586,80652.367
2024-08-05 12:00:00,80650.126,80745.031,78103.905,78288.822
2024-08-05 13:00:00,78344.542,78352.761,77447.293,77464.006
2024-08-05 14:00:00,77465.135,77684.944,77015.162,77043.674
2024-08-05 15:00:00,77036.412,77164.163,76407.651,76415.986
2024-08-05 16:00:00,76448.867,76448.867,74829.03,75049.945
2024-08-05 17:00:00,75061.726,76125.888,75061.726,76125.281
2024-08-05 18:00:00,76129.745,76863.258,75608.196,76760.013
2024-08-05 19:00:00,76762.905,78090.01,76762.905,77706.597
2024-08-05 20:00:00,77733.026,77734.989,75266.736,76509.816
2024-08-05 21:00:00,76503.533,76784.793,75765.395,75924.981
2024-08-05 22:00:00,75920.059,76750.735,75687.737,76077.854
2024-08-05 23:00:00,76078.488,76709.894,75922.289,75982.603
2024-08-06 00:00:00,75981.346,76114.71,75326.812,75326.812
2024-08-06 01:00:00,75324.195,75616.862,74548.906,74548.906
2024-08-06 02:00:00,74432.308,74606.258,73967.524,74225.236
2024-08-06 03:00:00,74226.806,74399.467,73647.692,73672.708
2024-08-06 04:00:00,73673.337,74674.342,73673.337,74424.215
2024-08-06 05:00:00,74428.489,75475.901,74400.252,75213.426
2024-08-06 06:00:00,75217.782,75223.345,74306.579,74493.707
2024-08-06 07:00:00,74497.841,74811.296,74288.925,74811.296
2024-08-06 08:00:00,74816.584,75395.621,74816.584,75377.273
2024-08-06 09:00:00,75377.45,75449.833,75130.671,75380.274
2024-08-06 10:00:00,75380.299,75391.037,74926.817,75030.708
2024-08-06 11:00:00,75030.137,75380.764,74911.207,75378.623
2024-08-06 12:00:00,75379.666,75730.524,75339.673,75495.808
2024-08-06 13:00:00,75496.774,76033.873,75494.409,76033.873
2024-08-06 14:00:00,76034.265,76073.63,75022.018,75191.188
2024-08-06 15:00:00,75185.292,75330.997,74720.938,75106.158
2024-08-06 16:00:00,75104.7,75282.19,74990.223,75174.821
2024-08-06 17:00:00,75174.599,75280.657,74969.207,75016.093
2024-08-06 18:00:00,75013.57,75309.594,74963.893,75242.955
2024-08-06 19:00:00,75242.41,75538.612,74925.338,75523.164
2024-08-06 20:00:00,75448.585,76408.768,74905.379,76303.679
2024-08-06 21:00:00,76306.342,76811.051,76266.115,76811.051
2024-08-06 22:00:00,76811.43,77875.822,76811.43,77569.645
2024-08-06 23:00:00,77574.716,77879.183,77498.538,77565.743
2024-08-07 00:00:00,77559.789,78286.81,77558.55,78211.933
2024-08-07 01:00:00,78219.238,78219.238,77647.545,77828.682
2024-08-07 02:00:00,77830.488,78064.901,77657.518,77701.734
2024-08-07 03:00:00,77705.145,77724.829,77020.201,77084.17
2024-08-07 04:00:00,77088.76,77403.67,76761.014,77071.089
2024-08-07 05:00:00,77078.411,77107.08,76586.467,76846.24
2024-08-07 06:00:00,76846.701,76858.392,75678.857,75749.665
2024-08-07 07:00:00,75749.482,76315.446,75578.258,76315.446
2024-08-07 08:00:00,76315.864,76925.468,75549.667,75582.909
2024-08-07 09:00:00,75584.97,75759.814,75531.004,75698.605
2024-08-07 10:00:00,75699.824,76818.934,75699.824,76815.863
2024-08-07 11:00:00,76814.845,77426.975,76724.527,77289.119
2024-08-07 12:00:00,77289.591,77634.695,77274.253,77629.711
2024-08-07 13:00:00,77631.107,77718.798,77509.175,77553.431
2024-08-07 14:00:00,77554.162,78879.059,77159.883,78874.074
2024-08-07 15:00:00,78879.648,80142.53,78821.533,80068.265
2024-08-07 16:00:00,80070.889,80862.156,80005.536,80625.953
2024-08-07 17:00:00,80626.775,80706.696,80083.53,80175.805
2024-08-07 18:00:00,80177.047,80652.234,79751.534,80644.053
2024-08-07 19:00:00,80652.49,80703.265,80443.681,80557.046
2024-08-07 20:00:00,80536.162,81180.611,78596.792,78730.74
2024-08-07 21:00:00,78728.226,78855.995,78160.262,78258.811
2024-08-07 22:00:00,78248.127,78854.105,78236.894,78727.319
2024-08-07 23:00:00,78728.598,79049.965,78067.45,78110.776
2024-08-08 00:00:00,78117.92,78577.65,77388.346,77393.69
2024-08-08 01:00:00,77389.322,77396.25,76996.349,77165.276
2024-08-08 02:00:00,77159.06,77280.864,76241.53,76342.196
2024-08-08 03:00:00,76350.88,76501.593,75506.035,75559.295
2024-08-08 04:00:00,75579.501,77491.121,75579.501,77200.985
2024-08-08 05:00:00,77200.935,77209.684,76835.129,76974.704
2024-08-08 06:00:00,76974.736,76982.621,76538.096,76719.319
2024-08-08 07:00:00,76719.474,77416.904,74913.566,75100.041
2024-08-08 08:00:00,75091.103,75161.679,74299.6,74313.487
2024-08-08 09:00:00,74310.793,74442.759,74297.08,74298.109
2024-08-08 10:00:00,74295.339,74295.339,73603.961,73721.012
2024-08-08 11:00:00,73720.794,73720.794,73484.072,73664.27
2024-08-08 12:00:00,73665.724,74327.199,73665.724,74286.746
2024-08-08 13:00:00,74289.711,74710.411,74286.214,74670.704
2024-08-08 14:00:00,74675.512,75111.273,74630.968,75075.766
2024-08-08 15:00:00,75075.76,75099.184,74489.618,74683.886
2024-08-08 16:00:00,74682.138,75343.585,74602.712,75342.245
2024-08-08 17:00:00,75342.73,75587.312,75209.518,75511.959
2024-08-08 18:00:00,75511.566,76669.653,75043.345,76669.653
2024-08-08 19:00:00,76678.481,77213.705,76321.223,76664.269
2024-08-08 20:00:00,76659.405,78045.269,76426.486,78045.269
2024-08-08 21:00:00,78050.936,78862.718,77780.776,78862.718
2024-08-08 22:00:00,78860.737,79191.512,78701.769,78807.674
2024-08-08 23:00:00,78811.616,78817.17,78223.981,78276.638
2024-08-09 00:00:00,78284.951,78601.795,77922.357,78533.487
2024-08-09 01:00:00,78506.14,78671.018,78323.627,78337.205
2024-08-09 02:00:00,78337.515,78357.971,78078.069,78078.901
2024-08-09 03:00:00,78079.337,78153.435,75891.231,75907.359
2024-08-09 04:00:00,75935.308,77026.55,75738.086,76001.567
2024-08-09 05:00:00,76029.382,76081.182,74948.057,74961.901
2024-08-09 06:00:00,74964.123,74964.123,74095.752,74236.151
2024-08-09 07:00:00,74241.953,74917.749,74241.953,74887.565
2024-08-09 08:00:00,74889.752,74910.794,74615.96,74688.558
2024-08-09 09:00:00,74687.691,75058.302,74662.849,75000.701
2024-08-09 10:00:00,75000.804,75009.276,74806.589,74922.633
2024-08-09 11:00:00,74923.222,74928.939,74706.262,74821.459
2024-08-09 12:00:00,74825.881,75034.899,74677.207,74861.675
2024-08-09 13:00:00,74860.195,75014.225,74696.571,74702.922
2024-08-09 14:00:00,74705.076,75127.384,74681.843,75121.929
2024-08-09 15:00:00,75122.718,75639.422,75009.725,75635.286
2024-08-09 16:00:00,75635.569,75970.731,75151.349,75840.003
2024-08-09 17:00:00,75841.111,76090.287,75797.371,75914.141
2024-08-09 18:00:00,75912.649,75993.117,75828.084,75988.293
2024-08-09 19:00:00,75986.853,76444.535,75986.853,76076.279
2024-08-09 20:00:00,76079.644,76187.623,73895.376,73908.163
2024-08-09 21:00:00,73909.982,75052.68,73769.21,75012.809
2024-08-09 22:00:00,75012.809,75061.986,74056.828,74807.461
2024-08-09 23:00:00,74811.917,74969.738,74680.731,74758.514
2024-08-10 00:00:00,74758.769,74758.769,74203.907,74415.012
2024-08-10 01:00:00,74415.664,74540.831,74285.026,74304.129
2024-08-10 02:00:00,74299.845,74393.327,74099.928,74113.118
2024-08-10 03:00:00,74117.923,74149.318,72563.317,72608.893
2024-08-10 04:00:00,72613.791,72706.214,71936.502,71943.918
2024-08-10 05:00:00,71942.974,72020.706,71567.155,71916.767
2024-08-10 06:00:00,71916.579,72004.379,70501.31,70616.824
2024-08-10 07:00:00,70617.166,70937.919,70605.335,70937.919
2024-08-10 08:00:00,70843.834,70882.877,70764.983,70783.943
2024-08-10 09:00:00,70783.378,70783.378,70486.111,70525.756
2024-08-10 10:00:00,70524.011,70598.104,70498.276,70561.667
2024-08-10 11:00:00,70562.966,70579.102,70455.611,70470.241
2024-08-10 12:00:00,70468.749,70563.981,70467.048,70531.304
2024-08-10 13:00:00,70532.19,70737.228,70469.032,70579.234
2024-08-10 14:00:00,70580.112,70687.335,70497.596,70643.142
2024-08-10 15:00:00,70644.932,71073.414,70644.28,71059.146
2024-08-10 16:00:00,71057.103,71183.812,70854.053,71036.389
2024-08-10 17:00:00,71036.552,71084.308,70953.563,71029.275
2024-08-10 18:00:00,71030.076,71171.801,70918.979,70931.787
2024-08-10 19:00:00,70930.668,71003.233,70559.425,70604.794
2024-08-10 20:00:00,70606.481,70617.627,70379.673,70461.54
2024-08-10 21:00:00,70461.546,70504.431,70333.721,70417.119
2024-08-10 22:00:00,70421.027,70759.009,70405.378,70717.804
2024-08-10 23:00:00,70718.157,70845.337,70670.321,70714.01
2024-08-11 00:00:00,70713.975,71360.885,70713.136,71201.77
2024-08-11 01:00:00,71202.204,71266.97,71063.53,71243.622
2024-08-11 02:00:00,71243.281,71259.585,71037.019,71075.574
2024-08-11 03:00:00,71077.482,71171.782,71067.26,71102.191
2024-08-11 04:00:00,71104.357,71222.46,71050.905,71060.441
2024-08-11 05:00:00,71060.857,71126.245,71008.921,71072.095
2024-08-11 06:00:00,71072.299,71757.563,71051.193,71696.379
2024-08-11 07:00:00,71696.403,71748.695,71648.202,71738.322
2024-08-11 08:00:00,71737.894,71778.624,71699.463,71758.26
2024-08-11 09:00:00,71758.276,71966.473,71646.236,71857.601
2024-08-11 10:00:00,71858.968,71907.835,71408.414,71413.184
2024-08-11 11:00:00,71413.451,71492.402,71402.525,71474.266
2024-08-11 12:00:00,71474.324,71558.987,71424.872,71558.987
2024-08-11 13:00:00,71558.327,71784.735,71558.327,71734.332
2024-08-11 14:00:00,71735.968,72041.262,71718.501,72035.456
2024-08-11 15:00:00,72035.932,72120.12,71260.453,71304.027
2024-08-11 16:00:00,71304.755,71609.699,71278.232,71609.45
2024-08-11 17:00:00,71609.107,72247.768,71434.485,72247.768
2024-08-11 18:00:00,72246.444,72708.525,72142.959,72693.214
2024-08-11 19:00:00,72699.833,73052.338,72691.076,72858.389
2024-08-11 20:00:00,72858.141,72862.394,72415.484,72800.035
2024-08-11 21:00:00,72798.077,73062.165,72698.661,73042.672
2024-08-11 22:00:00,73043.693,73093.056,72883.243,73011.686
2024-08-11 23:00:00,73011.63,73245.131,72997.134,73101.762
2024-08-12 00:00:00,73109.107,73165.084,73088.719,73088.719
2024-08-12 01:00:00,73087.65,73126.238,72640.212,72827.738
2024-08-12 02:00:00,72828.933,72986.148,70815.697,70849.963
2024-08-12 03:00:00,70849.933,71098.463,70740.726,70778.837
2024-08-12 04:00:00,70780.872,70966.642,69954.882,70025.777
2024-08-12 05:00:00,70021.084,70147.658,69945.941,70092.126
2024-08-12 06:00:00,70083.67,70143.607,69847.186,70075.971
2024-08-12 07:00:00,70078.644,70250.576,69957.277,70248.645
2024-08-12 08:00:00,70248.259,70289.891,70139.269,70208.04
2024-08-12 09:00:00,70186.455,70222.687,70085.378,70222.687
2024-08-12 10:00:00,70224.022,70315.436,70173.437,70315.436
2024-08-12 11:00:00,70316.767,70458.523,70298.423,70301.57
2024-08-12 12:00:00,70304.806,70686.213,70304.623,70600.17
2024-08-12 13:00:00,70598.525,70902.891,70441.745,70836.686
2024-08-12 14:00:00,70838.823,70953.625,70720.035,70745.776
2024-08-12 15:00:00,70751.248,71182.993,70674.518,71174.137
2024-08-12 16:00:00,71175.052,71373.245,70924.947,70930.786
2024-08-12 17:00:00,70935.858,72422.558,70404.704,72387.308
2024-08-12 18:00:00,72395.843,72766.883,72252.565,72651.22
2024-08-12 19:00:00,72654.267,72839.705,71217.478,71325.433
2024-08-12 20:00:00,71339.79,71512.915,70112.829,70544.13
2024-08-12 21:00:00,70540.989,70812.125,69601.374,69984.6
2024-08-12 22:00:00,70052.841,70181.689,69416.66,69430.208
2024-08-12 23:00:00,69425.596,69727.048,69335.071,69727.048
2024-08-13 00:00:00,69732.302,69749.161,69433.753,69545.578
2024-08-13 01:00:00,69527.474,69569.963,69252.014,69255.978
2024-08-13 02:00:00,69255.073,69456.194,68818.991,68965.264
2024-08-13 03:00:00,68972.467,69029.655,68769.468,68870.23
2024-08-13 04:00:00,68871.542,69029.785,68757.207,68769.549
2024-08-13 05:00:00,68771.693,68771.693,68264.572,68490.704
2024-08-13 06:00:00,68490.413,69091.654,68411.686,69082.912
2024-08-13 07:00:00,69085.89,69129.012,68591.322,68591.367
2024-08-13 08:00:00,68590.921,68693.588,68515.103,68582.757
2024-08-13 09:00:00,68587.44,68641.273,68278.322,68384.339
2024-08-13 10:00:00,68382.683,68588.644,68289.507,68364.696
2024-08-13 11:00:00,68366.812,68510.743,68366.812,68377.504
2024-08-13 12:00:00,68397.174,68613.5,68397.174,68483.14
2024-08-13 13:00:00,68484.936,68507.387,68418.304,68477.697
2024-08-13 14:00:00,68477.919,68874.191,68475.439,68840.822
2024-08-13 15:00:00,68840.752,69237.519,68691.311,69234.499
2024-08-13 16:00:00,69235.697,69261.402,68684.488,68790.28
2024-08-13 17:00:00,68791.424,69207.059,68733.276,69126.186
2024-08-13 18:00:00,69134.144,69274.613,68844.703,69248.626
2024-08-13 19:00:00,69246.828,69492.879,69098.616,69194.868
2024-08-13 20:00:00,69199.677,69682.639,68972.214,69034.057
2024-08-13 21:00:00,69038.831,69185.797,68898.37,69185.7
2024-08-13 22:00:00,69185.729,71090.651,68881.598,71089.905
2024-08-13 23:00:00,71107.566,71800.152,70903.886,71800.152
2024-08-14 00:00:00,71799.455,72096.037,71689.417,71758.238
2024-08-14 01:00:00,71759.521,71771.499,71110.851,71417.394
2024-08-14 02:00:00,71417.287,71545.214,71279.89,71279.89
2024-08-14 03:00:00,71280.769,71280.769,70838.492,70976.6
2024-08-14 04:00:00,70986.395,72479.664,70986.395,72193.639
2024-08-14 05:00:00,72193.255,72272.8,72115.911,72127.695
2024-08-14 06:00:00,72128.257,72158.145,72074.136,72148.198
2024-08-14 07:00:00,72147.166,72302.804,72132.892,72285.467
2024-08-14 08:00:00,72283.114,72297.152,72169.795,72251.012
2024-08-14 09:00:00,72251.081,72564.384,72225.081,72485.172
2024-08-14 10:00:00,72486.695,72935.609,72481.017,72919.258
2024-08-14 11:00:00,72920.742,73001.305,72868.323,72987.942
2024-08-14 12:00:00,72986.2,74490.265,72962.826,74103.408
2024-08-14 13:00:00,74102.555,74168.623,74042.342,74048.534
2024-08-14 14:00:00,74048.414,74168.386,73980.793,74128.46
2024-08-14 15:00:00,74128.867,74143.845,73952.457,74023.539
2024-08-14 16:00:00,74024.464,74026.792,73597.651,73791.219
2024-08-14 17:00:00,73807.975,73991.415,73579.207,73991.415
2024-08-14 18:00:00,73991.614,75891.99,73991.614,75356.51
2024-08-14 19:00:00,75346.003,75659.526,74796.609,75240.943
2024-08-14 20:00:00,75241.525,77118.014,75233.435,77117.309
2024-08-14 21:00:00,77115.507,78700.998,76971.046,78612.729
2024-08-14 22:00:00,78613.34,79363.105,78604.32,79032.484
2024-08-14 23:00:00,79032.381,79195.719,78861.609,78871.564
2024-08-15 00:00:00,78872.882,78935.529,78218.875,78271.358
2024-08-15 01:00:00,78266.7,78426.062,78114.747,78421.613
2024-08-15 02:00:00,78434.221,78511.094,78179.146,78180.743
2024-08-15 03:00:00,78178.019,78245.121,78088.379,78133.558
2024-08-15 04:00:00,78133.749,78215.337,77813.557,78038.577
2024-08-15 05:00:00,78038.881,78158.535,77980.598,78048.988
2024-08-15 06:00:00,78047.697,78358.875,78046.918,78256.457
2024-08-15 07:00:00,78256.644,78340.189,77982.034,78084.144
2024-08-15 08:00:00,78171.66,79365.555,78171.062,79176.77
2024-08-15 09:00:00,79176.037,79204.062,79070.857,79087.648
2024-08-15 10:00:00,79089.224,79390.681,79046.236,79367.961
2024-08-15 11:00:00,79365.647,79424.595,79117.426,79198.715
2024-08-15 12:00:00,79198.729,79375.634,78846.888,79375.634
2024-08-15 13:00:00,79375.44,79763.214,79375.44,79693.493
2024-08-15 14:00:00,79694.423,79886.907,79694.423,79710.922
2024-08-15 15:00:00,79712.802,79834.85,79513.157,79725.086
2024-08-15 16:00:00,79725.305,79725.598,79537.7,79695.44
2024-08-15 17:00:00,79694.679,79783.899,79251.666,79252.94
2024-08-15 18:00:00,79252.407,79559.463,78778.362,79142.988
2024-08-15 19:00:00,79152.107,80142.699,78967.265,80136.363
2024-08-15 20:00:00,80133.318,80151.272,79717.279,79727.432
2024-08-15 21:00:00,79730.405,80168.994,79730.025,79844.116
2024-08-15 22:00:00,79840.272,80648.335,79796.355,80483.938
2024-08-15 23:00:00,80483.903,80486.961,79439.116,79506.044
2024-08-16 00:00:00,79527.89,79740.156,78805.076,79223.094
2024-08-16 01:00:00,79224.175,80580.597,79224.175,80580.597
2024-08-16 02:00:00,80585.281,81391.357,80171.23,81094.816
2024-08-16 03:00:00,81092.963,83342.885,80861.279,83192.464
2024-08-16 04:00:00,83263.614,83624.836,83256.539,83470.27
2024-08-16 05:00:00,83468.877,83887.842,83437.775,83767.396
2024-08-16 06:00:00,83767.406,83969.936,83756.23,83791.716
2024-08-16 07:00:00,83791.268,84239.987,83565.288,83596.425
2024-08-16 08:00:00,83594.704,83665.669,80986.096,81180.744
2024-08-16 09:00:00,81179.105,81758.171,81179.105,81583.064
2024-08-16 10:00:00,81582.274,81841.837,81455.815,81841.202
2024-08-16 11:00:00,81858.854,82062.383,81738.956,82062.242
2024-08-16 12:00:00,82061.594,82280.45,81902.79,82214.441
2024-08-16 13:00:00,82212.138,82557.193,82210.651,82550.751
2024-08-16 14:00:00,82550.778,83008.381,82527.099,83006.377
2024-08-16 15:00:00,83006.977,83935.015,82892.377,83766.509
2024-08-16 16:00:00,83766.461,83872.694,83692.125,83868.16
2024-08-16 17:00:00,83868.559,84200.686,83801.395,84144.405
2024-08-16 18:00:00,84144.199,84613.384,84023.348,84233.666
2024-08-16 19:00:00,84235.879,84235.879,82208.179,82334.181
2024-08-16 20:00:00,82335.674,82527.145,82161.32,82467.768
2024-08-16 21:00:00,82471.341,82503.131,82108.295,82231.901
2024-08-16 22:00:00,82216.051,82261.374,81597.456,81906.117
2024-08-16 23:00:00,81907.54,82222.599,81634.857,81914.478
2024-08-17 00:00:00,81856.175,82837.922,81856.175,82837.922
2024-08-17 01:00:00,82834.214,83002.966,82695.283,82864.188
2024-08-17 02:00:00,82868.898,82978.848,82611.677,82626.664
2024-08-17 03:00:00,82627.34,82976.024,82586.303,82667.631
2024-08-17 04:00:00,82669.803,82803.545,82546.918,82556.542
2024-08-17 05:00:00,82554.221,82556.833,82098.848,82133.11
2024-08-17 06:00:00,82133.138,82337.599,82010.166,82296.546
2024-08-17 07:00:00,82296.464,82508.519,82281.825,82456.411
2024-08-17 08:00:00,82457.851,82584.758,82397.066,82423.58
2024-08-17 09:00:00,82421.117,82427.428,82248.106,82345.467
2024-08-17 10:00:00,82343.116,82540.967,82328.087,82526.236
2024-08-17 11:00:00,82526.093,82526.093,82419.857,82486.064
2024-08-17 12:00:00,82485.701,82485.701,82394.926,82407.253
2024-08-17 13:00:00,82407.957,82430.17,82297.066,82303.758
2024-08-17 14:00:00,82303.922,82434.577,82299.732,82402.142
2024-08-17 15:00:00,82401.981,82543.802,82311.004,82333.791
2024-08-17 16:00:00,82334.005,82602.271,82256.275,82573.509
2024-08-17 17:00:00,82573.828,82753.442,82572.317,82727.749
2024-08-17 18:00:00,82733.04,82741.196,82641.978,82654.211
2024-08-17 19:00:00,82654.507,83237.193,82633.908,83187.599
2024-08-17 20:00:00,83187.67,83274.629,83039.285,83119.185
2024-08-17 21:00:00,83119.843,83171.124,82812.425,82818.917
2024-08-17 22:00:00,82818.5,82907.213,82742.354,82782.427
2024-08-17 23:00:00,82782.016,82918.081,82781.653,82884.227
2024-08-18 00:00:00,82886.435,83090.158,82886.435,83068.198
2024-08-18 01:00:00,83067.085,83071.254,82937.285,82958.49
2024-08-18 02:00:00,82958.493,82967.927,82897.173,82909.555
2024-08-18 03:00:00,82910.001,82910.61,82621.165,82627.49
2024-08-18 04:00:00,82625.389,82758.565,82616.834,82755.949
2024-08-18 05:00:00,82755.282,82758.701,82618.051,82618.307
2024-08-18 06:00:00,82619.159,82696.4,82515.159,82689.05
2024-08-18 07:00:00,82692.298,82760.437,82593.941,82641.541
2024-08-18 08:00:00,82642.902,83598.981,82642.902,82929.453
2024-08-18 09:00:00,82940.863,83054.116,82294.602,82566.926
2024-08-18 10:00:00,82575.027,82805.537,82503.029,82523.614
2024-08-18 11:00:00,82517.668,82560.786,82346.787,82436.841
2024-08-18 12:00:00,82441.931,82495.452,82441.593,82478.286
2024-08-18 13:00:00,82478.54,82507.551,82415.156,82424.209
2024-08-18 14:00:00,82424.263,82533.292,82424.263,82510.85
2024-08-18 15:00:00,82515.605,82981.43,82469.54,82829.136
2024-08-18 16:00:00,82830.524,83163.21,82677.325,82896.607
2024-08-18 17:00:00,82908.16,83683.005,82907.031,83670.618
2024-08-18 18:00:00,83669.654,84061.04,83636.489,83965.387
2024-08-18 19:00:00,83964.71,84314.911,83943.509,84314.911
2024-08-18 20:00:00,84312.998,84680.086,84300.807,84651.18
2024-08-18 21:00:00,84651.137,84739.8,84591.337,84591.337
2024-08-18 22:00:00,84591.592,84681.883,84537.973,84539.13
2024-08-18 23:00:00,84542.994,84708.297,84244.638,84355.218
2024-08-19 00:00:00,84353.895,84365.437,84218.814,84327.336
2024-08-19 01:00:00,84328.001,84415.193,84169.017,84214.358
2024-08-19 02:00:00,84214.25,84286.587,84084.794,84102.618
2024-08-19 03:00:00,84102.537,84165.824,84032.462,84063.069
2024-08-19 04:00:00,84061.368,84308.198,84061.368,84247.136
2024-08-19 05:00:00,84250.761,84298.878,82587.985,82692.971
2024-08-19 06:00:00,82698.188,82882.971,82217.04,82743.489
2024-08-19 07:00:00,82759.03,83160.291,82753.694,83160.291
2024-08-19 08:00:00,83165.695,83435.643,83165.695,83431.838
2024-08-19 09:00:00,83426.064,83825.846,83372.289,83814.947
2024-08-19 10:00:00,83818.889,83971.446,83810.579,83814.554
2024-08-19 11:00:00,83814.016,84067.497,83804.05,83987.28
2024-08-19 12:00:00,83988.71,84061.191,83936.421,83957.845
2024-08-19 13:00:00,83957.836,83957.836,83757.123,83824.824
2024-08-19 14:00:00,83826.943,83896.679,83659.61,83742.793
2024-08-19 15:00:00,83750.608,84699.595,83665.243,84554.283
2024-08-19 16:00:00,84574.848,84716.37,84233.233,84716.37
2024-08-19 17:00:00,84721.976,84778.433,84470.626,84493.525
2024-08-19 18:00:00,84500.94,84548.112,84211.465,84490.981
2024-08-19 19:00:00,84490.9,84540.661,81912.458,82186.566
2024-08-19 20:00:00,82199.921,82545.939,82121.05,82275.499
2024-08-19 21:00:00,82273.635,82278.111,81961.739,82055.322
2024-08-19 22:00:00,82063.011,82114.413,81848.172,82023.795
2024-08-19 23:00:00,82025.416,82100.138,80940.917,81162.11
2024-08-20 00:00:00,81162.625,81213.609,80603.279,80703.324
2024-08-20 01:00:00,80697.223,80738.418,80517.944,80598.399
2024-08-20 02:00:00,80593.936,80602.88,80223.192,80286.632
2024-08-20 03:00:00,80290.896,80294.445,79948.887,80011.442
