2024-06-20 03:00:00,0,66.513
2024-06-20 04:00:00,5.459999999999999,0
2024-06-20 05:00:00,8.57,0
2024-06-20 06:00:00,24.981,16.726000000000003
2024-06-20 07:00:00,95.33800000000002,89.997
2024-06-20 08:00:00,60.096999999999994,0.342
2024-06-20 09:00:00,0.021,6.276
2024-06-20 10:00:00,3.001,118.32500000000002
2024-06-20 11:00:00,0.106,21.067
2024-06-20 12:00:00,0.214,205.37300000000002
2024-06-20 13:00:00,0.001,53.693
2024-06-20 14:00:00,59.776,6.334
2024-06-20 15:00:00,9.109,0
2024-06-20 16:00:00,0.024,182.071
2024-06-20 17:00:00,27.94,38.104000000000006
2024-06-20 18:00:00,118.649,10.469000000000001
2024-06-20 19:00:00,270.934,2.236
2024-06-20 20:00:00,140.20600000000007,146.33299999999997
2024-06-20 21:00:00,24.754,6.865
2024-06-20 22:00:00,191.8019999999999,19.285999999999998
2024-06-20 23:00:00,0,3.4379999999999997
2024-06-21 00:00:00,12.838000000000001,144.75300000000004
2024-06-21 01:00:00,6.198,95.85800000000002
2024-06-21 02:00:00,2.853,0.742
2024-06-21 03:00:00,0.396,0
2024-06-21 04:00:00,3.624,0
2024-06-21 05:00:00,8.718,0
2024-06-21 06:00:00,242.062,4.883
2024-06-21 07:00:00,0.052,22.482000000000003
2024-06-21 08:00:00,36.870999999999995,17.573
2024-06-21 09:00:00,21.603,0.222
2024-06-21 10:00:00,8.745,7.284
2024-06-21 11:00:00,12.152,1.2890000000000001
2024-06-21 12:00:00,1.4649999999999999,0.056
2024-06-21 13:00:00,239.22000000000003,0.7769999999999999
2024-06-21 14:00:00,139.50199999999995,12.343
2024-06-21 15:00:00,0.052,109.40399999999995
2024-06-21 16:00:00,53.010999999999996,3.521
2024-06-21 17:00:00,0.482,6.922
2024-06-21 18:00:00,49.012,2.869
2024-06-21 19:00:00,104.71999999999998,186.68
2024-06-21 20:00:00,1.589,41.77900000000001
2024-06-21 21:00:00,98.88900000000001,0.40700000000000003
2024-06-21 22:00:00,34.899,2.449
2024-06-21 23:00:00,55.931,15.610999999999999
2024-06-22 00:00:00,7.889000000000001,105.45400000000001
2024-06-22 01:00:00,0,36.688
2024-06-22 02:00:00,35.839000000000006,51.115
2024-06-22 03:00:00,104.526,3.375
2024-06-22 05:00:00,0,3.8459999999999996
2024-06-22 05:00:00,0,3.8459999999999996
2024-06-22 06:00:00,190.72600000000006,0.42600000000000005
2024-06-22 07:00:00,0,3.894
2024-06-22 08:00:00,0.035,5.095
2024-06-22 09:00:00,0,1.229
2024-06-22 10:00:00,0.016,0
2024-06-22 11:00:00,0.323,0.271
2024-06-22 12:00:00,0.975,0.675
2024-06-22 13:00:00,11.052,0
2024-06-22 14:00:00,32.778,0
2024-06-22 15:00:00,2.862,0.187
2024-06-22 18:00:00,0,38.190999999999995
2024-06-22 18:00:00,0,38.190999999999995
2024-06-22 18:00:00,0,38.190999999999995
2024-06-22 19:00:00,0.498,12.057
2024-06-22 21:00:00,0.445,18.534
2024-06-22 21:00:00,0.445,18.534
2024-06-22 22:00:00,5.013,0.237
2024-06-22 23:00:00,0.071,0
2024-06-23 00:00:00,0.263,0
2024-06-23 01:00:00,0.514,0
2024-06-23 02:00:00,2.444,0
2024-06-23 03:00:00,0,9.951
2024-06-23 04:00:00,0.6479999999999999,0
2024-06-23 05:00:00,0.507,0
2024-06-23 06:00:00,0,34.833999999999996
2024-06-23 07:00:00,1.5859999999999999,0.671
2024-06-23 08:00:00,1.055,0.037
2024-06-23 09:00:00,0,68.54
2024-06-23 10:00:00,0.058,2.3129999999999997
2024-06-23 11:00:00,0.283,0.013
2024-06-23 14:00:00,0.207,0
2024-06-23 14:00:00,0.207,0
2024-06-23 14:00:00,0.207,0
2024-06-23 15:00:00,15.257,0.277
2024-06-23 16:00:00,52.673000000000016,0
2024-06-23 18:00:00,14.764,0.6519999999999999
2024-06-23 18:00:00,14.764,0.6519999999999999
2024-06-23 19:00:00,1.3599999999999999,0.009
2024-06-23 20:00:00,56.68699999999999,0.11
2024-06-23 21:00:00,44.106,0
2024-06-23 22:00:00,45.63699999999999,4.394
2024-06-24 00:00:00,0,1.119
2024-06-24 00:00:00,0,1.119
2024-06-24 01:00:00,0,0.4
2024-06-24 02:00:00,98.063,0.186
2024-06-24 03:00:00,32.439,5.835
2024-06-24 04:00:00,52.634,0.263
2024-06-24 05:00:00,57.814,0.797
2024-06-24 06:00:00,93.408,4.491
2024-06-24 07:00:00,283.099,0.324
2024-06-24 08:00:00,245.25399999999996,5.206
2024-06-24 09:00:00,4.6209999999999996,2.185
2024-06-24 10:00:00,76.66,12.423
2024-06-24 11:00:00,282.635,15.11
2024-06-24 12:00:00,16.737,7.110999999999999
2024-06-24 13:00:00,2.2960000000000003,29.653000000000002
2024-06-24 14:00:00,57.293,43.197
2024-06-24 15:00:00,249.51899999999998,40.077000000000005
2024-06-24 16:00:00,1.2249999999999999,22.690999999999995
2024-06-24 17:00:00,8.534000000000002,49.696
2024-06-24 18:00:00,34.253,13.315999999999997
2024-06-24 19:00:00,234.63399999999996,48.00999999999999
2024-06-24 20:00:00,112.09400000000001,154.939
2024-06-24 21:00:00,227.32099999999997,0.29
2024-06-24 22:00:00,412.719,182.76200000000003
2024-06-24 23:00:00,73.40899999999998,422.29400000000004
2024-06-25 00:00:00,57.81399999999997,41.71100000000001
2024-06-25 01:00:00,40.97,106.65300000000002
2024-06-25 02:00:00,165.43099999999995,94.35799999999999
2024-06-25 03:00:00,0.009,141.53699999999998
2024-06-25 04:00:00,1.203,9.636
2024-06-25 05:00:00,0.098,53.84
2024-06-25 06:00:00,2.911,15.5
2024-06-25 07:00:00,210.28099999999998,0.749
2024-06-25 08:00:00,1.232,5.33
2024-06-25 09:00:00,8.016,55.051
2024-06-25 10:00:00,0,16.473
2024-06-25 11:00:00,51.064,4.054
2024-06-25 12:00:00,0.23600000000000002,0.28
2024-06-25 13:00:00,75.79799999999999,0
2024-06-25 14:00:00,29.569,0
2024-06-25 15:00:00,0,66.208
2024-06-25 16:00:00,6.704000000000001,1.314
2024-06-25 17:00:00,1.389,2.195
2024-06-25 18:00:00,3.987999999999999,0
2024-06-25 19:00:00,24.503000000000004,1.7149999999999999
2024-06-25 20:00:00,0.145,148.07
2024-06-25 21:00:00,1.383,24.734999999999996
2024-06-25 22:00:00,45.025000000000006,0
2024-06-25 23:00:00,3.9730000000000003,8.939
2024-06-26 00:00:00,31.262000000000004,77.733
2024-06-26 01:00:00,0.129,55.406
2024-06-26 02:00:00,1.17,0
2024-06-26 03:00:00,19.982000000000003,0.608
2024-06-26 04:00:00,106.27399999999999,0.46
2024-06-26 05:00:00,47.583999999999996,0
2024-06-26 06:00:00,6.521000000000001,0
2024-06-26 07:00:00,0.3,17.526
2024-06-26 08:00:00,5.558,2.259
2024-06-26 09:00:00,11.373000000000001,0
2024-06-26 10:00:00,8.541,0
2024-06-26 11:00:00,57.16100000000001,0.027999999999999997
2024-06-26 12:00:00,0.508,0.129
2024-06-26 13:00:00,4.959,43.084
2024-06-26 14:00:00,0.629,0.029
2024-06-26 15:00:00,82.449,0
2024-06-26 16:00:00,15.503,0
2024-06-26 17:00:00,0,2.8620000000000005
2024-06-26 18:00:00,7.5520000000000005,3.2969999999999997
2024-06-26 19:00:00,0.665,25.788
2024-06-26 20:00:00,41.906000000000006,21.839
2024-06-26 21:00:00,39.36300000000001,0.045
2024-06-26 22:00:00,28.677999999999994,0.156
2024-06-26 23:00:00,84.94399999999999,289.825
2024-06-27 00:00:00,0,3.751
2024-06-27 01:00:00,0.006,260.97400000000005
2024-06-27 02:00:00,48.182,131.941
2024-06-27 03:00:00,0,0.764
2024-06-27 04:00:00,20.766000000000002,0.316
2024-06-27 05:00:00,80.48600000000002,2.78
2024-06-27 06:00:00,59.502,0.71
2024-06-27 07:00:00,0.277,4.235
2024-06-27 08:00:00,0,6.2540000000000004
2024-06-27 10:00:00,0,1.031
2024-06-27 10:00:00,0,1.031
2024-06-27 11:00:00,33.944999999999986,1
2024-06-27 12:00:00,24.075,0
2024-06-27 13:00:00,0.609,0.419
2024-06-27 14:00:00,0.079,0
2024-06-27 15:00:00,0.404,108.44699999999999
2024-06-27 16:00:00,0.374,115.476
2024-06-27 17:00:00,2.058,0.274
2024-06-27 18:00:00,29.746000000000002,96.044
2024-06-27 19:00:00,8.06,368.347
2024-06-27 20:00:00,71.17999999999998,200.45000000000005
2024-06-27 21:00:00,8.76,0.69
2024-06-27 22:00:00,16.106,2.8280000000000003
2024-06-27 23:00:00,0,34.418000000000006
2024-06-28 00:00:00,0,1.9210000000000003
2024-06-28 01:00:00,20.037000000000003,0
2024-06-28 02:00:00,12.102,0.172
2024-06-28 03:00:00,0,0.336
2024-06-28 05:00:00,0,0.007
2024-06-28 05:00:00,0,0.007
2024-06-28 06:00:00,19.881,0.03
2024-06-28 07:00:00,0.775,124.578
2024-06-28 08:00:00,203.05100000000002,4.046
2024-06-28 09:00:00,0,1.429
2024-06-28 10:00:00,7.104000000000001,0.237
2024-06-28 11:00:00,2.564,0
2024-06-28 12:00:00,0.009,0.226
2024-06-28 13:00:00,84.03699999999999,0
2024-06-28 14:00:00,1.74,5.832
2024-06-28 15:00:00,0,8.994
2024-06-28 16:00:00,0,12.158999999999999
2024-06-28 17:00:00,0,40.082
2024-06-28 18:00:00,96.07200000000002,28.51
2024-06-28 19:00:00,127.41900000000004,60.17500000000001
2024-06-28 20:00:00,3182.2159999999994,0.021
2024-06-28 21:00:00,37.074,3.3660000000000005
2024-06-28 22:00:00,136.45700000000002,0.655
2024-06-28 23:00:00,45.459,0.6
2024-06-29 00:00:00,10.085,0
2024-06-29 01:00:00,66.12,6.264999999999999
2024-06-29 02:00:00,0,33.573
2024-06-29 03:00:00,67.876,0
2024-06-29 04:00:00,22.129999999999995,0
2024-06-29 05:00:00,0,0.049
2024-06-29 06:00:00,26.465,10.589
2024-06-29 07:00:00,0.10300000000000001,15.917000000000002
2024-06-29 08:00:00,0.256,0.424
2024-06-29 10:00:00,0.212,0
2024-06-29 10:00:00,0.212,0
2024-06-29 11:00:00,1.132,0.092
2024-06-29 12:00:00,0,0.013
2024-06-29 13:00:00,0,26.673000000000002
2024-06-29 14:00:00,0.132,0
2024-06-29 15:00:00,0.005,8.865
2024-06-29 16:00:00,0,0.792
2024-06-29 17:00:00,0.443,15.061000000000002
2024-06-29 18:00:00,5.782,0
2024-06-29 19:00:00,0,2.2399999999999998
2024-06-29 20:00:00,5.617,0
2024-06-29 21:00:00,1.7389999999999999,0
2024-06-29 22:00:00,0.4,9.941
2024-06-29 23:00:00,31.262,0
2024-06-30 00:00:00,0.9870000000000001,0
2024-06-30 01:00:00,24.492000000000008,0.101
2024-06-30 02:00:00,0.035,0.014
2024-06-30 03:00:00,3.8489999999999998,0
2024-06-30 04:00:00,16.190999999999995,0
2024-06-30 06:00:00,6.409,0
2024-06-30 06:00:00,6.409,0
2024-06-30 07:00:00,22.182000000000002,0
2024-06-30 08:00:00,65.59,1
2024-06-30 09:00:00,0.001,2.955
2024-06-30 10:00:00,5.082,0
2024-06-30 11:00:00,39.75699999999999,0
2024-06-30 12:00:00,0,2.056
2024-06-30 14:00:00,1.237,140.506
2024-06-30 14:00:00,1.237,140.506
2024-06-30 15:00:00,0.047,14.716
2024-06-30 17:00:00,0.029,0
2024-06-30 17:00:00,0.029,0
2024-06-30 18:00:00,27.176999999999996,0.7310000000000001
2024-06-30 19:00:00,0,9.929
2024-06-30 20:00:00,0.026,182.44500000000002
2024-06-30 21:00:00,0,0.821
2024-06-30 22:00:00,2.528,0
2024-06-30 23:00:00,0.659,28.128000000000007
2024-07-01 00:00:00,0.115,44.363
2024-07-01 01:00:00,0,31.020000000000003
2024-07-01 02:00:00,1.388,23.09
2024-07-01 03:00:00,31.42899999999999,0
2024-07-01 04:00:00,0.184,279.07700000000006
2024-07-01 05:00:00,0.653,1.1320000000000001
2024-07-01 06:00:00,118.72000000000003,1.581
2024-07-01 07:00:00,0.36700000000000005,1360.9790000000003
2024-07-01 08:00:00,6.678000000000001,4.815
2024-07-01 09:00:00,0,0.026
2024-07-01 10:00:00,28.276999999999997,0
2024-07-01 11:00:00,0.04,0
2024-07-01 12:00:00,2.841,0
2024-07-01 13:00:00,0.151,2.505
2024-07-01 14:00:00,79.91799999999998,0.066
2024-07-01 15:00:00,11.259,0.604
2024-07-01 16:00:00,52.989000000000004,0
2024-07-01 17:00:00,54.717999999999996,0.9
2024-07-01 18:00:00,0,1.6179999999999999
2024-07-01 19:00:00,8.737,25.339
2024-07-01 20:00:00,1.157,4.186
2024-07-01 21:00:00,1.782,9.875000000000002
2024-07-01 22:00:00,0.042,3.9189999999999996
2024-07-01 23:00:00,0.026,62.176
2024-07-02 00:00:00,26.464,27.233
2024-07-02 01:00:00,13.182,0
2024-07-02 02:00:00,0.48300000000000004,0
2024-07-02 03:00:00,75.635,0
2024-07-02 04:00:00,24.167,0.112
2024-07-02 05:00:00,0,0.041
2024-07-02 06:00:00,5.617,0.7
2024-07-02 07:00:00,0.011,0
2024-07-02 08:00:00,0,5.63
2024-07-02 09:00:00,0,177.3
2024-07-02 11:00:00,0,0.014
2024-07-02 11:00:00,0,0.014
2024-07-02 12:00:00,4.386,0
2024-07-02 13:00:00,143.12600000000006,0
2024-07-02 14:00:00,4.289,0
2024-07-02 15:00:00,0,18.028000000000002
2024-07-02 16:00:00,0,0.912
2024-07-02 17:00:00,0,0.397
2024-07-02 18:00:00,0,31.067
2024-07-02 19:00:00,22.454,15.354000000000001
2024-07-02 20:00:00,141.23000000000002,0.071
2024-07-02 21:00:00,0.577,9.423
2024-07-02 22:00:00,8.11,0
2024-07-02 23:00:00,0.07200000000000001,4.090000000000001
2024-07-03 00:00:00,0.012,36.393
2024-07-03 03:00:00,8.301,0
2024-07-03 03:00:00,8.301,0
2024-07-03 03:00:00,8.301,0
2024-07-03 05:00:00,0.643,0
2024-07-03 05:00:00,0.643,0
2024-07-03 06:00:00,0,11.849
2024-07-03 07:00:00,997.1910000000001,0.484
2024-07-03 08:00:00,166.06600000000003,0
2024-07-03 09:00:00,554.3719999999998,1.4409999999999998
2024-07-03 10:00:00,1,0
2024-07-03 11:00:00,0,8.105
2024-07-03 12:00:00,0,6.2459999999999996
2024-07-03 13:00:00,9.365,0.059
2024-07-03 14:00:00,75.03500000000001,0.009
2024-07-03 15:00:00,1.4009999999999998,7.56
2024-07-03 16:00:00,132.77800000000005,22.540000000000003
2024-07-03 17:00:00,41.577,0.877
2024-07-03 18:00:00,382.5190000000001,0
2024-07-03 19:00:00,21.026000000000003,29.922000000000004
2024-07-03 20:00:00,7.083,4.943
2024-07-03 21:00:00,49.186,2.649
2024-07-03 22:00:00,1.549,14.293000000000001
2024-07-03 23:00:00,48.74300000000001,0
2024-07-04 00:00:00,59.75500000000001,4.811999999999999
2024-07-04 01:00:00,251.15099999999998,2.9379999999999997
2024-07-04 02:00:00,18.694000000000003,1.797
2024-07-04 05:00:00,29.601999999999997,139.02300000000002
2024-07-04 05:00:00,29.601999999999997,139.02300000000002
2024-07-04 05:00:00,29.601999999999997,139.02300000000002
2024-07-04 06:00:00,1.403,2.206
2024-07-04 07:00:00,965.3499999999995,13.635000000000002
2024-07-04 08:00:00,139.44900000000007,105.187
2024-07-04 09:00:00,0.25,16.223
2024-07-04 10:00:00,11.09,1.152
2024-07-04 11:00:00,4.663999999999999,0
2024-07-04 12:00:00,205.4559999999999,50.43599999999999
2024-07-04 13:00:00,125.281,0
2024-07-04 14:00:00,159.15100000000004,9.345999999999998
2024-07-04 15:00:00,441.66399999999993,82.91700000000002
2024-07-04 16:00:00,132.93200000000004,37.443000000000005
2024-07-04 17:00:00,19.539,3.048
2024-07-04 18:00:00,136.79100000000005,1.9100000000000001
2024-07-04 19:00:00,6132.92,118.728
2024-07-04 20:00:00,186.717,780.077
2024-07-04 21:00:00,9.707999999999998,255.027
2024-07-04 22:00:00,181.0449999999999,63.938
2024-07-04 23:00:00,0,17.831
2024-07-05 00:00:00,37.81099999999999,10.328000000000001
2024-07-05 01:00:00,27.103,8.038
2024-07-05 02:00:00,23.220000000000002,2.912
2024-07-05 03:00:00,0,134.02100000000004
2024-07-05 04:00:00,87.273,12.33
2024-07-05 05:00:00,771.8200000000004,0.771
2024-07-05 06:00:00,138.34900000000005,297.067
2024-07-05 07:00:00,108.40300000000003,11.754
2024-07-05 08:00:00,2778.3090000000007,21.246000000000002
2024-07-05 09:00:00,117.33799999999998,265.42099999999994
2024-07-05 10:00:00,6677.303,189.43499999999997
2024-07-05 11:00:00,24.724000000000007,93.27300000000001
2024-07-05 12:00:00,168.48900000000003,173.39600000000002
2024-07-05 13:00:00,63.19299999999999,41.389
2024-07-05 14:00:00,69.36500000000001,26.288
2024-07-05 15:00:00,98.27000000000002,143.7969999999999
2024-07-05 16:00:00,168.20399999999998,120.74000000000001
2024-07-05 17:00:00,5.026000000000001,206.30400000000006
2024-07-05 18:00:00,55.54800000000001,72.62899999999999
2024-07-05 19:00:00,84.80200000000002,114.03500000000001
2024-07-05 20:00:00,74.04500000000002,4.499
2024-07-05 21:00:00,5.568999999999999,235.22600000000008
2024-07-05 22:00:00,116.53699999999999,21.204000000000004
2024-07-05 23:00:00,0.881,24.438999999999993
2024-07-06 00:00:00,174.46899999999994,22.995999999999995
2024-07-06 01:00:00,2.865,18.713
2024-07-06 02:00:00,38.81400000000001,0
2024-07-06 03:00:00,0,0.8540000000000001
2024-07-06 04:00:00,11.658000000000001,7.715
2024-07-06 05:00:00,6.942,3.006
2024-07-06 06:00:00,61.321,123.90599999999998
2024-07-06 07:00:00,206.7519999999999,0.323
2024-07-06 08:00:00,25.150000000000002,30.350999999999996
2024-07-06 09:00:00,1.1560000000000001,0.007
2024-07-06 10:00:00,22.921999999999997,0
2024-07-06 11:00:00,0.349,1.777
2024-07-06 12:00:00,0,21.487
2024-07-06 13:00:00,0.007,144.42399999999998
2024-07-06 14:00:00,30.147,10.029
2024-07-06 15:00:00,30.363000000000003,12.549000000000001
2024-07-06 17:00:00,0,63.666000000000004
2024-07-06 17:00:00,0,63.666000000000004
2024-07-06 18:00:00,52.065,0.438
2024-07-06 19:00:00,0,24.519
2024-07-06 20:00:00,27.421,2.662
2024-07-06 21:00:00,0.268,73.02000000000001
2024-07-06 22:00:00,1.2359999999999998,229.04399999999995
2024-07-06 23:00:00,19.647,1.445
2024-07-07 00:00:00,0,7.799000000000001
2024-07-07 01:00:00,0,3.9370000000000003
2024-07-07 02:00:00,2.58,83.88799999999999
2024-07-07 03:00:00,8.456999999999999,36.65599999999999
2024-07-07 04:00:00,1.6520000000000001,5.315
2024-07-07 05:00:00,2.149,81.52700000000003
2024-07-07 06:00:00,50.88999999999999,1.71
2024-07-07 07:00:00,33.40899999999999,9.939
2024-07-07 08:00:00,0.739,79.07700000000004
2024-07-07 09:00:00,44.29600000000001,0.636
2024-07-07 10:00:00,58.41599999999998,0.011
2024-07-07 11:00:00,35.34799999999999,1.085
2024-07-07 12:00:00,0.097,0.1
2024-07-07 13:00:00,201.42099999999996,0.012
2024-07-07 14:00:00,0,9.111
2024-07-07 15:00:00,0.442,1.5930000000000002
2024-07-07 16:00:00,16.945,194.83100000000002
2024-07-07 17:00:00,0.031,0
2024-07-07 18:00:00,34.579,11.104
2024-07-07 19:00:00,283.587,0.345
2024-07-07 20:00:00,119.70400000000004,15.436
2024-07-07 21:00:00,0.2,2.9019999999999997
2024-07-07 22:00:00,1.799,36.18200000000001
2024-07-07 23:00:00,23.588,132.352
2024-07-08 00:00:00,64.572,42.56999999999999
2024-07-08 01:00:00,4.508,0
2024-07-08 02:00:00,1.4949999999999999,13.519
2024-07-08 03:00:00,282.41499999999996,15.912
2024-07-08 04:00:00,122.08399999999997,11.780999999999999
2024-07-08 05:00:00,105.71499999999999,6.391
2024-07-08 06:00:00,349.64100000000013,77.09700000000001
2024-07-08 07:00:00,288.08699999999993,46.440999999999974
2024-07-08 08:00:00,49.404,105.897
2024-07-08 09:00:00,34.1,57.161
2024-07-08 10:00:00,0.064,269.519
2024-07-08 11:00:00,8.158,21.618999999999996
2024-07-08 12:00:00,20.62,43.65499999999999
2024-07-08 13:00:00,80.389,30.239
2024-07-08 14:00:00,7.382,411.42399999999986
2024-07-08 15:00:00,27.781,175.85999999999996
2024-07-08 16:00:00,82.371,81.188
2024-07-08 17:00:00,0.14,290.20300000000003
2024-07-08 18:00:00,50.279,29.650999999999993
2024-07-08 19:00:00,240.14000000000004,18.503
2024-07-08 20:00:00,496.7210000000001,1159.3039999999999
2024-07-08 21:00:00,153.162,203.97499999999994
2024-07-08 22:00:00,115.969,51.20600000000001
2024-07-08 23:00:00,108.10900000000001,63.756
2024-07-09 00:00:00,1.994,180.08200000000005
2024-07-09 01:00:00,0.012,19.044
2024-07-09 02:00:00,5.16,219.48399999999998
2024-07-09 03:00:00,7.921000000000001,257.68999999999994
2024-07-09 04:00:00,7.01,23.74
2024-07-09 05:00:00,10.588,8.347999999999999
2024-07-09 06:00:00,23.372,5.556000000000001
2024-07-09 07:00:00,17.203999999999997,104.153
2024-07-09 08:00:00,3.8000000000000003,73.06200000000001
2024-07-09 09:00:00,5.309,3.3409999999999993
2024-07-09 10:00:00,1.831,111.90899999999996
2024-07-09 11:00:00,13.447,10.581000000000001
2024-07-09 12:00:00,0,109.56400000000001
2024-07-09 13:00:00,35.55199999999999,0.326
2024-07-09 14:00:00,124.99099999999997,1934.7870000000003
2024-07-09 15:00:00,0.018,12.474
2024-07-09 16:00:00,17.526,0.109
2024-07-09 17:00:00,10.251,5.689000000000001
2024-07-09 18:00:00,13.306,2.5300000000000002
2024-07-09 19:00:00,69.57900000000001,0.324
2024-07-09 20:00:00,90.29800000000003,179.1149999999999
2024-07-09 21:00:00,3.653,29.336
2024-07-09 22:00:00,5.649,59.71200000000002
2024-07-09 23:00:00,16.416,0.7440000000000001
2024-07-10 00:00:00,16.91,34.50500000000001
2024-07-10 01:00:00,11.626999999999999,0.75
2024-07-10 02:00:00,0,17.635
2024-07-10 03:00:00,17.523,1.622
2024-07-10 04:00:00,137.925,15.917000000000002
2024-07-10 05:00:00,0,11.226999999999999
2024-07-10 06:00:00,100.52400000000002,0.11
2024-07-10 07:00:00,31.302999999999997,285.38900000000007
2024-07-10 08:00:00,5.935,12.270999999999999
2024-07-10 09:00:00,0,34.61299999999999
2024-07-10 10:00:00,10.688000000000002,299.9359999999998
2024-07-10 11:00:00,53.455000000000005,2.411
2024-07-10 12:00:00,7.752,3.982
2024-07-10 13:00:00,7.856999999999998,0
2024-07-10 14:00:00,19.308999999999997,0
2024-07-10 15:00:00,21.999,0.836
2024-07-10 16:00:00,17.837,27.882999999999996
2024-07-10 17:00:00,3.9770000000000003,0.635
2024-07-10 18:00:00,3966.865,24.276
2024-07-10 19:00:00,45.92699999999999,156.50399999999996
2024-07-10 20:00:00,65.91499999999999,9.393
2024-07-10 21:00:00,79.39,26.270999999999997
2024-07-10 22:00:00,100.93100000000001,83.99900000000001
2024-07-10 23:00:00,28.474,10.613
2024-07-11 00:00:00,10.97,0
2024-07-11 01:00:00,44.062,0.513
2024-07-11 02:00:00,25.011,1.949
2024-07-11 03:00:00,72.495,4.36
2024-07-11 04:00:00,0,15.135
2024-07-11 05:00:00,0,3.0860000000000003
2024-07-11 06:00:00,27.233000000000004,0.382
2024-07-11 07:00:00,0,97.45599999999997
2024-07-11 08:00:00,31.017999999999997,0.007
2024-07-11 09:00:00,193.67199999999997,16.437
2024-07-11 10:00:00,0,24.111
2024-07-11 11:00:00,0.463,100.829
2024-07-11 12:00:00,0,6.485
2024-07-11 13:00:00,0,38.56200000000001
2024-07-11 14:00:00,0.098,16.4
2024-07-11 15:00:00,0.134,80.351
2024-07-11 16:00:00,0.372,43.18899999999999
2024-07-11 17:00:00,0.13,32.777
2024-07-11 18:00:00,45.9,596.1649999999997
2024-07-11 19:00:00,122.19000000000001,8.667000000000002
2024-07-11 20:00:00,814.9959999999999,31.841000000000005
2024-07-11 21:00:00,217.79299999999998,10.961
2024-07-11 22:00:00,59.114,12.991999999999997
2024-07-11 23:00:00,0,20.541999999999998
2024-07-12 00:00:00,0,31.051000000000002
2024-07-12 01:00:00,188.973,0.015
2024-07-12 02:00:00,194.27500000000003,36.992999999999995
2024-07-12 03:00:00,12.004999999999999,6.297
2024-07-12 04:00:00,6.942999999999999,0.134
2024-07-12 05:00:00,26.323,1.607
2024-07-12 06:00:00,101.841,26.259
2024-07-12 07:00:00,488.411,5.408
2024-07-12 08:00:00,0.321,29.776
2024-07-12 09:00:00,16.076,0
2024-07-12 10:00:00,249.09799999999996,13.654999999999998
2024-07-12 11:00:00,1.61,0.336
2024-07-12 12:00:00,0.006,64.992
2024-07-12 13:00:00,139.94400000000002,0
2024-07-12 14:00:00,0.535,16.921000000000003
2024-07-12 15:00:00,51.306000000000004,0
2024-07-12 16:00:00,156.418,31.694
2024-07-12 17:00:00,0,0.254
2024-07-12 18:00:00,163.32399999999998,34.60699999999999
2024-07-12 19:00:00,1.998,299.8139999999999
2024-07-12 20:00:00,5.1259999999999994,11.897999999999998
2024-07-12 21:00:00,6.262,186.52199999999996
2024-07-12 22:00:00,11.709999999999997,274.193
2024-07-12 23:00:00,2.985,89.585
2024-07-13 00:00:00,16.79,16.829
2024-07-13 01:00:00,89.137,0.021
2024-07-13 02:00:00,72.79299999999999,3.919
2024-07-13 03:00:00,0,12.783
2024-07-13 04:00:00,6.5889999999999995,37.47
2024-07-13 05:00:00,0.092,7.26
2024-07-13 06:00:00,0,5.3839999999999995
2024-07-13 07:00:00,0,1.312
2024-07-13 08:00:00,0.178,0
2024-07-13 09:00:00,0,0.054
2024-07-13 10:00:00,18.760000000000005,0.045
2024-07-13 11:00:00,16.546,20.537000000000003
2024-07-13 12:00:00,0.473,16.354999999999997
2024-07-13 13:00:00,0.02,0.074
2024-07-13 14:00:00,1.693,0.146
2024-07-13 15:00:00,0.16,249.93200000000002
2024-07-13 16:00:00,31.285999999999998,2.9579999999999997
2024-07-13 17:00:00,0.668,0.062
2024-07-13 18:00:00,12.76,2.4259999999999997
2024-07-13 19:00:00,8.504000000000001,15.866
2024-07-13 20:00:00,6.396,8.782
2024-07-13 21:00:00,0,7.276
2024-07-13 22:00:00,0.023,7.864999999999999
2024-07-13 23:00:00,1.7189999999999999,0
2024-07-14 00:00:00,0.31,0.569
2024-07-14 01:00:00,0.22599999999999998,16.438
2024-07-14 02:00:00,0.891,0.797
2024-07-14 03:00:00,0.31899999999999995,0.899
2024-07-14 04:00:00,24.608,206.36899999999997
2024-07-14 05:00:00,8.551,60.826
2024-07-14 06:00:00,6.981999999999999,11.627
2024-07-14 07:00:00,4.119,19.755
2024-07-14 08:00:00,80.55699999999999,0.113
2024-07-14 09:00:00,0.102,6.696000000000001
2024-07-14 10:00:00,0.18200000000000002,95.07700000000001
2024-07-14 11:00:00,4.983999999999999,55.158
2024-07-14 12:00:00,0.648,1.3079999999999998
2024-07-14 13:00:00,0,2.508
2024-07-14 14:00:00,0,71.17099999999999
2024-07-14 15:00:00,0.29700000000000004,3.5409999999999995
2024-07-14 17:00:00,16.812000000000005,0
2024-07-14 17:00:00,16.812000000000005,0
2024-07-14 18:00:00,28.293,2.9
2024-07-14 19:00:00,12.381,9.25
2024-07-14 20:00:00,120.62499999999999,119.05400000000002
2024-07-14 21:00:00,16.89,0
2024-07-14 22:00:00,0,0.746
2024-07-14 23:00:00,0,1.433
2024-07-15 00:00:00,0,0.513
2024-07-15 01:00:00,0.007,0
2024-07-15 02:00:00,0,11.675
2024-07-15 03:00:00,1.037,365.9220000000001
2024-07-15 04:00:00,105.754,28.051999999999996
2024-07-15 05:00:00,27.747999999999994,28.49500000000001
2024-07-15 06:00:00,65.652,244.92899999999997
2024-07-15 07:00:00,13.559999999999999,147.944
2024-07-15 08:00:00,24.528000000000002,371.3389999999999
2024-07-15 09:00:00,13.425,11.856
2024-07-15 10:00:00,0.34299999999999997,8.53
2024-07-15 11:00:00,0,13.019
2024-07-15 12:00:00,0,56.46399999999999
2024-07-15 13:00:00,15.663,16.117
2024-07-15 14:00:00,27.548000000000002,15.725
2024-07-15 15:00:00,9.306,9.045999999999998
2024-07-15 16:00:00,35.413,0.1
2024-07-15 17:00:00,49.883,8.67
2024-07-15 18:00:00,0.014,28.081999999999994
2024-07-15 19:00:00,72.47899999999998,83.69400000000002
2024-07-15 20:00:00,3.0549999999999997,95.385
2024-07-15 21:00:00,21.664,345.57199999999995
2024-07-15 22:00:00,18.024,167.568
2024-07-15 23:00:00,200.55000000000004,45.556999999999995
2024-07-16 00:00:00,16.137999999999998,53.22500000000001
2024-07-16 01:00:00,87.01599999999998,46.962
2024-07-16 02:00:00,0.417,187.653
2024-07-16 03:00:00,53.05800000000001,20.510999999999996
2024-07-16 04:00:00,8.278,306.84400000000005
2024-07-16 05:00:00,14.138,54.59699999999999
2024-07-16 06:00:00,66.394,566.5179999999997
2024-07-16 07:00:00,24.478,32.268
2024-07-16 08:00:00,71.95400000000001,0
2024-07-16 09:00:00,0,1.165
2024-07-16 10:00:00,3.805,14.469999999999999
2024-07-16 11:00:00,654.0199999999999,9.17
2024-07-16 12:00:00,146.11599999999999,14.208999999999996
2024-07-16 13:00:00,159.843,23.837999999999997
2024-07-16 14:00:00,428.0699999999998,7.470000000000001
2024-07-16 15:00:00,2.258,118.74600000000001
2024-07-16 16:00:00,4.18,141.205
2024-07-16 17:00:00,20.331000000000003,71.97200000000002
2024-07-16 18:00:00,51.78800000000001,32.123
2024-07-16 19:00:00,71.97399999999999,54.513
2024-07-16 20:00:00,134.80400000000003,57.792
2024-07-16 21:00:00,24.21,367.6029999999997
2024-07-16 22:00:00,67.713,329.37499999999994
2024-07-16 23:00:00,15.116,11.546000000000003
2024-07-17 00:00:00,30.473999999999997,8.083
2024-07-17 01:00:00,11.359,31.736000000000008
2024-07-17 02:00:00,18.408999999999995,0
2024-07-17 03:00:00,39.183,0
2024-07-17 04:00:00,120.778,0.271
2024-07-17 05:00:00,0.32799999999999996,48.67299999999999
2024-07-17 06:00:00,0,58.781
2024-07-17 07:00:00,43.727,368.1950000000001
2024-07-17 08:00:00,181.53900000000002,1.4060000000000001
2024-07-17 09:00:00,114.447,43.69500000000001
2024-07-17 10:00:00,3.012,10.599000000000002
2024-07-17 11:00:00,0.813,198.619
2024-07-17 12:00:00,13.727999999999996,0.42800000000000005
2024-07-17 13:00:00,0.8280000000000001,4.2139999999999995
2024-07-17 14:00:00,58.20500000000001,60.60000000000001
2024-07-17 15:00:00,0,33.885000000000005
2024-07-17 16:00:00,22.760000000000005,4.886
2024-07-17 17:00:00,322.5970000000001,0.883
2024-07-17 18:00:00,4.886,18.689
2024-07-17 19:00:00,19.287,32.418
2024-07-17 20:00:00,33.42,18.491999999999997
2024-07-17 21:00:00,67.60100000000001,9.961
2024-07-17 22:00:00,581.3159999999999,32.64699999999999
2024-07-17 23:00:00,5.218,9.168999999999999
2024-07-18 00:00:00,0,8.063
2024-07-18 01:00:00,0,23.632000000000005
2024-07-18 02:00:00,1.179,20.152
2024-07-18 03:00:00,34.622,16.311
2024-07-18 04:00:00,5.509,0.12
2024-07-18 05:00:00,114.457,6.598
2024-07-18 06:00:00,20.144999999999996,62.604000000000006
2024-07-18 07:00:00,1.559,32.039
2024-07-18 08:00:00,129.37099999999998,84.63299999999997
2024-07-18 09:00:00,0,5.647
2024-07-18 10:00:00,2.162,0
2024-07-18 11:00:00,16.170999999999996,8.574
2024-07-18 12:00:00,0,241.31900000000002
2024-07-18 13:00:00,7.553000000000001,0
2024-07-18 14:00:00,3.0919999999999996,15.909999999999998
2024-07-18 15:00:00,0,0.316
2024-07-18 16:00:00,17.604000000000003,0.123
2024-07-18 17:00:00,0,3.776
2024-07-18 18:00:00,0,141.83199999999997
2024-07-18 19:00:00,43.232,59.93300000000001
2024-07-18 20:00:00,197.73200000000003,31.616000000000003
2024-07-18 21:00:00,291.52799999999996,7.127999999999999
2024-07-18 22:00:00,178.496,65.03100000000002
2024-07-18 23:00:00,33.538000000000004,12.244
2024-07-19 00:00:00,8.937999999999999,8.653
2024-07-19 01:00:00,14.756000000000004,24.161000000000005
2024-07-19 02:00:00,11.846,12.246
2024-07-19 03:00:00,0.5,20.955
2024-07-19 04:00:00,0,230.579
2024-07-19 05:00:00,0,4.078
2024-07-19 06:00:00,40.042,0
2024-07-19 07:00:00,186.28999999999996,34.289
2024-07-19 08:00:00,19.023999999999997,18.442999999999998
2024-07-19 09:00:00,0.431,21.732
2024-07-19 10:00:00,0,0.939
2024-07-19 11:00:00,0.7200000000000001,0.01
2024-07-19 12:00:00,0.064,213.815
2024-07-19 13:00:00,1837.006,6.399
2024-07-19 14:00:00,53.186,26.208000000000002
2024-07-19 15:00:00,34.989,61.649
2024-07-19 16:00:00,0,19.725
2024-07-19 17:00:00,1.209,0.075
2024-07-19 18:00:00,0,14.856000000000002
2024-07-19 19:00:00,8.159,234.01300000000003
2024-07-19 20:00:00,15.545,159.69
2024-07-19 21:00:00,86.55199999999998,90.32700000000001
2024-07-19 22:00:00,3.87,293.094
2024-07-19 23:00:00,9.051000000000002,103.58
2024-07-20 00:00:00,0,4.157
2024-07-20 01:00:00,64.547,165.46300000000002
2024-07-20 02:00:00,32.474999999999994,0.725
2024-07-20 03:00:00,0.229,33.53
2024-07-20 04:00:00,2.3400000000000003,0.149
2024-07-20 05:00:00,1.5270000000000001,0
2024-07-20 06:00:00,100.61600000000001,0.407
2024-07-20 07:00:00,0.386,0.16699999999999998
2024-07-20 08:00:00,0.503,0.687
2024-07-20 09:00:00,0,9.355000000000002
2024-07-20 10:00:00,0,1.574
2024-07-20 11:00:00,0,0.037
2024-07-20 12:00:00,0,4.614
2024-07-20 13:00:00,8.586,0
2024-07-20 14:00:00,17.558999999999997,0
2024-07-20 15:00:00,6.326,0.903
2024-07-20 16:00:00,0.689,0.006
2024-07-20 17:00:00,2.005,0.025
2024-07-20 18:00:00,0.121,2.952
2024-07-20 19:00:00,22.371000000000002,7.869999999999999
2024-07-20 20:00:00,0.718,29.11300000000001
2024-07-20 21:00:00,2.5380000000000003,15.983
2024-07-20 22:00:00,3.1419999999999995,57.142
2024-07-20 23:00:00,4.925999999999999,362.95800000000014
2024-07-21 00:00:00,4.529,13.922999999999996
2024-07-21 01:00:00,9.694,0
2024-07-21 02:00:00,0.028,0.048
2024-07-21 03:00:00,26.421999999999997,10.818999999999999
2024-07-21 04:00:00,4.146,4.784
2024-07-21 05:00:00,0.049,10.378
2024-07-21 06:00:00,17.029999999999998,5.967
2024-07-21 07:00:00,0,1.846
2024-07-21 08:00:00,0.19,15.037
2024-07-21 09:00:00,8.743,0.017
2024-07-21 10:00:00,1.826,5.128
2024-07-21 11:00:00,100.06900000000002,1.27
2024-07-21 12:00:00,50.335,0.05
2024-07-21 14:00:00,83.42099999999999,3.402
2024-07-21 14:00:00,83.42099999999999,3.402
2024-07-21 15:00:00,0,8.752999999999998
2024-07-21 16:00:00,7.764,5.283
2024-07-21 17:00:00,3.2230000000000003,4.419
2024-07-21 18:00:00,0.006,0
2024-07-21 19:00:00,46.967999999999996,0
2024-07-21 20:00:00,0.726,44.55900000000001
2024-07-21 21:00:00,22.091,12.3
2024-07-21 22:00:00,35.571,100.25
2024-07-21 23:00:00,964.567,23.037
2024-07-22 00:00:00,341.48999999999995,158.32399999999998
2024-07-22 01:00:00,8.38,62.90000000000002
2024-07-22 02:00:00,11.094999999999999,141.43100000000004
2024-07-22 03:00:00,33.84100000000001,89.22300000000001
2024-07-22 04:00:00,0.351,151.079
2024-07-22 05:00:00,5.929,15.941999999999998
2024-07-22 06:00:00,0.162,61.74700000000001
2024-07-22 07:00:00,4.115,0
2024-07-22 08:00:00,3.625,15.411
2024-07-22 09:00:00,25.825,0
2024-07-22 10:00:00,24.287000000000003,0
2024-07-22 11:00:00,192.89999999999992,3.888
2024-07-22 12:00:00,79.78500000000001,0
2024-07-22 13:00:00,1.602,3.844
2024-07-22 14:00:00,7.695999999999999,5.870000000000001
2024-07-22 15:00:00,14.937,3.502
2024-07-22 16:00:00,0.6839999999999999,39.83200000000001
2024-07-22 17:00:00,0.446,2.58
2024-07-22 18:00:00,0,3.6189999999999998
2024-07-22 19:00:00,167.65299999999993,15.777999999999997
2024-07-22 20:00:00,298.983,0.397
2024-07-22 21:00:00,5.11,25.306
2024-07-22 22:00:00,20.351,10.862
2024-07-22 23:00:00,0,2.664
2024-07-23 00:00:00,0.101,31.663000000000004
2024-07-23 01:00:00,0.039,72.053
2024-07-23 02:00:00,4.180999999999999,0.17700000000000002
2024-07-23 03:00:00,144.55100000000002,11.888
2024-07-23 04:00:00,113.41799999999999,0.48300000000000004
2024-07-23 05:00:00,163.41700000000003,3.537
2024-07-23 06:00:00,0,90.055
2024-07-23 07:00:00,10.304,9.631
2024-07-23 08:00:00,3.124,65.95700000000001
2024-07-23 09:00:00,0.496,0.053
2024-07-23 10:00:00,142.505,0.5619999999999999
2024-07-23 11:00:00,155.89899999999992,9.557
2024-07-23 12:00:00,43.141999999999996,65.047
2024-07-23 13:00:00,1.0230000000000001,13.63
2024-07-23 14:00:00,0,256.226
2024-07-23 15:00:00,15.67,65.774
2024-07-23 16:00:00,30.121999999999996,3.2609999999999997
2024-07-23 17:00:00,125.163,101.84300000000003
2024-07-23 18:00:00,88.647,0.106
2024-07-23 19:00:00,479.238,30.562000000000005
2024-07-23 20:00:00,3.3520000000000003,65.588
2024-07-23 21:00:00,135.80100000000004,3.485
2024-07-23 22:00:00,431.47600000000006,29.464999999999993
2024-07-23 23:00:00,42.10600000000001,15.232
2024-07-24 00:00:00,0,36.131
2024-07-24 01:00:00,52.999,437.185
2024-07-24 02:00:00,0.075,24.283
2024-07-24 03:00:00,25.303,5.136
2024-07-24 04:00:00,20.149,7.445000000000001
2024-07-24 05:00:00,40.410999999999994,73.994
2024-07-24 06:00:00,16.847,0
2024-07-24 07:00:00,82.57699999999998,1.018
2024-07-24 08:00:00,32.335,2.71
2024-07-24 09:00:00,9,13.684000000000001
2024-07-24 10:00:00,8.899999999999999,0
2024-07-24 11:00:00,2.918,0.011
2024-07-24 12:00:00,0,15.498000000000001
2024-07-24 13:00:00,0,3.156
2024-07-24 15:00:00,0.859,12.591999999999999
2024-07-24 15:00:00,0.859,12.591999999999999
2024-07-24 16:00:00,0,47.68
2024-07-24 17:00:00,0.022,0.23900000000000002
2024-07-24 18:00:00,35.868,0
2024-07-24 19:00:00,16.603,95.76699999999998
2024-07-24 20:00:00,149.89199999999997,8.706999999999999
2024-07-24 21:00:00,271.87199999999984,0.053000000000000005
2024-07-24 22:00:00,52.83200000000002,16.212
2024-07-24 23:00:00,0.497,13.25
2024-07-25 00:00:00,453.566,0.376
2024-07-25 01:00:00,249.591,19.053999999999995
2024-07-25 02:00:00,0.006,2.9379999999999997
2024-07-25 03:00:00,93.31600000000002,55.476
2024-07-25 04:00:00,16.365000000000002,6.7139999999999995
2024-07-25 05:00:00,515.277,13.068999999999999
2024-07-25 06:00:00,79.95100000000001,5.605
2024-07-25 07:00:00,1951.305,95.31100000000002
2024-07-25 08:00:00,2430.4320000000002,45.61000000000001
2024-07-25 09:00:00,73.723,9.01
2024-07-25 10:00:00,209.271,47.25000000000001
2024-07-25 11:00:00,0.246,14.417
2024-07-25 12:00:00,32.375,4.617
2024-07-25 13:00:00,34.94799999999999,1.718
2024-07-25 14:00:00,7.271,8.267
2024-07-25 15:00:00,9.316999999999998,17.246
2024-07-25 16:00:00,77.17900000000002,0
2024-07-25 17:00:00,0.29,16.498
2024-07-25 18:00:00,81.684,6.617
2024-07-25 19:00:00,63.05199999999998,87.349
2024-07-25 20:00:00,2475.6199999999994,242.1999999999999
2024-07-25 21:00:00,128.67899999999997,0.991
2024-07-25 22:00:00,24.394,74.669
2024-07-25 23:00:00,1.418,16.095
2024-07-26 00:00:00,291.56299999999993,1.7080000000000002
2024-07-26 01:00:00,58.478,59.333
2024-07-26 02:00:00,62.341999999999985,246.17600000000002
2024-07-26 03:00:00,32.488,259.986
2024-07-26 04:00:00,38.27900000000001,31.994
2024-07-26 05:00:00,0,2.2550000000000003
2024-07-26 06:00:00,364.173,150.729
2024-07-26 07:00:00,80.478,197.42800000000003
2024-07-26 08:00:00,14.933,258.42199999999997
2024-07-26 09:00:00,5.3,9.934
2024-07-26 10:00:00,0,7.623
2024-07-26 11:00:00,0,26.057
2024-07-26 12:00:00,0.062,858.2389999999999
2024-07-26 13:00:00,141.74399999999997,30.68
2024-07-26 14:00:00,0.018,0.33
2024-07-26 15:00:00,18.65,1.898
2024-07-26 16:00:00,66.802,1.032
2024-07-26 17:00:00,12.228,0.017
2024-07-26 18:00:00,8.856999999999998,10.886
2024-07-26 19:00:00,57.41000000000001,79.37400000000001
2024-07-26 20:00:00,142.846,272.3980000000001
2024-07-26 21:00:00,0.444,53.55799999999999
2024-07-26 22:00:00,37.783,14.145
2024-07-26 23:00:00,8.446,0
2024-07-27 00:00:00,0,2.0170000000000003
2024-07-27 01:00:00,0.188,97.47700000000002
2024-07-27 02:00:00,84.70000000000002,0
2024-07-27 03:00:00,0.8130000000000001,38.129999999999995
2024-07-27 04:00:00,0,110.392
2024-07-27 05:00:00,0,0.781
2024-07-27 06:00:00,47.43299999999999,1.048
2024-07-27 07:00:00,210.915,0
2024-07-27 08:00:00,5.316999999999999,2.484
2024-07-27 09:00:00,15.206999999999999,0.022
2024-07-27 10:00:00,0,0.034
2024-07-27 11:00:00,0.08,0.422
2024-07-27 12:00:00,0,20.706
2024-07-27 13:00:00,0.02,16.884999999999998
2024-07-27 14:00:00,7.404999999999999,2.2899999999999996
2024-07-27 15:00:00,0,12.434999999999999
2024-07-27 16:00:00,0,0.439
2024-07-27 17:00:00,0.255,0.416
2024-07-27 18:00:00,0,192.398
2024-07-27 19:00:00,1.8850000000000002,427.59100000000007
2024-07-27 20:00:00,66.19399999999999,3.6670000000000003
2024-07-27 21:00:00,124.86500000000004,2.0010000000000003
2024-07-27 22:00:00,20.580000000000002,4.9
2024-07-27 23:00:00,162.92899999999995,12.232
2024-07-28 00:00:00,198.64,15.543000000000001
2024-07-28 01:00:00,140.82500000000002,115.321
2024-07-28 02:00:00,446.5870000000001,106.80900000000001
2024-07-28 03:00:00,14.297,166.049
2024-07-28 04:00:00,0.368,0.028
2024-07-28 05:00:00,59.608000000000004,0
2024-07-28 06:00:00,243.29399999999998,3.929
2024-07-28 07:00:00,0,61.007999999999996
2024-07-28 08:00:00,3.3869999999999996,0
2024-07-28 09:00:00,8.005,0
2024-07-28 10:00:00,20.564999999999998,0
2024-07-28 11:00:00,263.987,1.515
2024-07-28 12:00:00,0,3.1649999999999996
2024-07-28 13:00:00,1.466,0
2024-07-28 14:00:00,0,0.02
2024-07-28 15:00:00,0.296,74.88399999999999
2024-07-28 16:00:00,0.075,30.906999999999996
2024-07-28 17:00:00,0,66.854
2024-07-28 18:00:00,0,19.787
2024-07-28 19:00:00,0.016,46.376999999999995
2024-07-28 20:00:00,9.122,6.816
2024-07-28 23:00:00,0.02,0.105
2024-07-28 23:00:00,0.02,0.105
2024-07-28 23:00:00,0.02,0.105
2024-07-29 01:00:00,0,28.336000000000002
2024-07-29 01:00:00,0,28.336000000000002
2024-07-29 02:00:00,12.193,0.034
2024-07-29 03:00:00,28.934000000000008,0.42000000000000004
2024-07-29 04:00:00,27.970000000000002,2.114
2024-07-29 05:00:00,0,9.01
2024-07-29 06:00:00,19.616000000000003,755.2309999999999
2024-07-29 07:00:00,20.401,14.732999999999999
2024-07-29 08:00:00,1.5759999999999998,395.0660000000001
2024-07-29 09:00:00,0,162.594
2024-07-29 10:00:00,2.0119999999999996,4.061
2024-07-29 11:00:00,0,60.789
2024-07-29 12:00:00,1.9059999999999997,100.34700000000001
2024-07-29 13:00:00,5.294,0
2024-07-29 14:00:00,3.3449999999999998,2.328
2024-07-29 15:00:00,0,20.477
2024-07-29 16:00:00,0,0.7749999999999999
2024-07-29 17:00:00,16.846999999999998,0.5640000000000001
2024-07-29 18:00:00,22.893,9.583
2024-07-29 19:00:00,86.47699999999998,0.627
2024-07-29 20:00:00,620.9000000000001,17.305000000000003
2024-07-29 21:00:00,179.51699999999997,18.462999999999997
2024-07-29 22:00:00,1117.925,1.018
2024-07-29 23:00:00,34.193,149.66799999999995
2024-07-30 01:00:00,0.8230000000000002,7.835000000000001
2024-07-30 01:00:00,0.8230000000000002,7.835000000000001
2024-07-30 02:00:00,0,33.22200000000001
2024-07-30 03:00:00,3.44,100.17
2024-07-30 04:00:00,21.987000000000002,41.427
2024-07-30 05:00:00,40.56,1.736
2024-07-30 06:00:00,114.02799999999999,23.755
2024-07-30 07:00:00,102.318,78.25200000000001
2024-07-30 08:00:00,55.653999999999996,17.165
2024-07-30 09:00:00,0,54.730000000000004
2024-07-30 10:00:00,2.032,1.187
2024-07-30 11:00:00,22.591000000000005,0.727
2024-07-30 12:00:00,0.474,12.727000000000004
2024-07-30 13:00:00,0,79.28000000000002
2024-07-30 14:00:00,5.733,13.101999999999999
2024-07-30 15:00:00,39.959999999999994,0
2024-07-30 16:00:00,5.542,106.485
2024-07-30 17:00:00,5.053,0
2024-07-30 18:00:00,28.883999999999997,96.68900000000001
2024-07-30 19:00:00,31.241,6.484
2024-07-30 20:00:00,251.2860000000001,0.029
2024-07-30 21:00:00,19.514999999999997,27.410999999999998
2024-07-30 22:00:00,18.085000000000004,81.218
2024-07-30 23:00:00,268.4869999999999,12.895999999999999
2024-07-31 00:00:00,76.26899999999999,2.3609999999999998
2024-07-31 01:00:00,246.453,0.364
2024-07-31 02:00:00,495.756,29.078999999999994
2024-07-31 03:00:00,24.58,3.331
2024-07-31 05:00:00,4.776,1.665
2024-07-31 05:00:00,4.776,1.665
2024-07-31 06:00:00,39.74699999999999,21.437000000000005
2024-07-31 07:00:00,6.781999999999999,4.085
2024-07-31 08:00:00,0.374,109.71500000000002
2024-07-31 09:00:00,3.974,3.892
2024-07-31 10:00:00,208.302,11.146999999999998
2024-07-31 11:00:00,0.036,54.41
2024-07-31 12:00:00,0,92.65800000000002
2024-07-31 13:00:00,2.323,35.644
2024-07-31 14:00:00,14.698,18.208000000000002
2024-07-31 15:00:00,1.823,15.707
2024-07-31 16:00:00,11.417,0
2024-07-31 17:00:00,0,12.249999999999998
2024-07-31 18:00:00,9.86,3.1470000000000002
2024-07-31 19:00:00,20.045000000000005,407.187
2024-07-31 20:00:00,45.08299999999999,19.514
2024-07-31 21:00:00,41.91100000000001,0.49
2024-07-31 22:00:00,89.64500000000002,1.07
2024-07-31 23:00:00,0.156,67.21900000000001
2024-08-01 00:00:00,198.62000000000006,18.691
2024-08-01 01:00:00,464.22599999999983,7.995
2024-08-01 02:00:00,265.594,26.585
2024-08-01 03:00:00,1050.981,10.446
2024-08-01 04:00:00,15.252,1.5639999999999996
2024-08-01 05:00:00,12.483,31.554000000000002
2024-08-01 06:00:00,56.95099999999999,17.749
2024-08-01 07:00:00,188.84500000000003,1.832
2024-08-01 08:00:00,366.855,0.359
2024-08-01 09:00:00,884.604,1.092
2024-08-01 10:00:00,411.729,1.191
2024-08-01 11:00:00,25.346,18.758
2024-08-01 12:00:00,9.664000000000001,10.966000000000001
2024-08-01 13:00:00,1.822,1.889
2024-08-01 14:00:00,0.072,18.616
2024-08-01 15:00:00,4.158,111.039
2024-08-01 16:00:00,1.239,1.3239999999999998
2024-08-01 17:00:00,0.044,11
2024-08-01 18:00:00,11.121,39.666999999999994
2024-08-01 19:00:00,56.60100000000001,15.658000000000001
2024-08-01 20:00:00,457.44999999999993,15.769999999999998
2024-08-01 21:00:00,633.0269999999991,23.883000000000003
2024-08-01 22:00:00,117.61300000000001,5.584
2024-08-01 23:00:00,138.23700000000002,33.925000000000004
2024-08-02 00:00:00,187.2429999999999,8.184
2024-08-02 01:00:00,0,113.69400000000002
2024-08-02 02:00:00,5.876,184.03200000000004
2024-08-02 03:00:00,0.398,115.11299999999999
2024-08-02 04:00:00,0,118.52200000000002
2024-08-02 05:00:00,3.9650000000000003,2.451
2024-08-02 06:00:00,15.092,14.642
2024-08-02 07:00:00,44.368999999999986,0.874
2024-08-02 08:00:00,162.57900000000004,41.489000000000004
2024-08-02 09:00:00,0.084,1.1879999999999997
2024-08-02 10:00:00,0,0.30700000000000005
2024-08-02 11:00:00,30.202999999999996,0
2024-08-02 12:00:00,102.29699999999998,98.39599999999999
2024-08-02 13:00:00,28.545,3.194
2024-08-02 14:00:00,18.758000000000003,9.729000000000001
2024-08-02 15:00:00,0,3.756
2024-08-02 16:00:00,0.257,18.694
2024-08-02 17:00:00,0.244,3.072
2024-08-02 18:00:00,22.913000000000004,48.096
2024-08-02 19:00:00,69.595,154.4160000000001
2024-08-02 20:00:00,630.5819999999992,8.205
2024-08-02 21:00:00,466.87100000000004,52.077999999999996
2024-08-02 22:00:00,104.43400000000001,35.21999999999999
2024-08-02 23:00:00,12.014,5.356
2024-08-03 00:00:00,18.157999999999998,0.188
2024-08-03 01:00:00,101.86600000000003,16.097
2024-08-03 02:00:00,54.71099999999999,134.133
2024-08-03 03:00:00,580.9360000000003,123.71599999999998
2024-08-03 04:00:00,350.02599999999995,5.009
2024-08-03 05:00:00,37.126,41.535
2024-08-03 06:00:00,118.88800000000003,2.043
2024-08-03 07:00:00,457.2730000000001,86.28299999999999
2024-08-03 08:00:00,0.9339999999999999,18.674000000000003
2024-08-03 09:00:00,0,63.861999999999995
2024-08-03 10:00:00,12.896,0
2024-08-03 11:00:00,0,0.026000000000000002
2024-08-03 12:00:00,0,35.129000000000005
2024-08-03 13:00:00,4.669,47.048
2024-08-03 14:00:00,21.076,1.772
2024-08-03 15:00:00,0.585,2.8649999999999993
2024-08-03 16:00:00,0.32,7.276
2024-08-03 17:00:00,0,33.121
2024-08-03 18:00:00,0.741,342.77
2024-08-03 19:00:00,3.3350000000000004,0
2024-08-03 20:00:00,4.547999999999999,10.454
2024-08-03 21:00:00,765.9489999999996,1.934
2024-08-03 22:00:00,308.1349999999999,114.52000000000005
2024-08-03 23:00:00,136.79000000000002,11.078
2024-08-04 00:00:00,67.85100000000001,23.413999999999998
2024-08-04 01:00:00,51.463000000000015,160.347
2024-08-04 02:00:00,80.59300000000002,42.399
2024-08-04 03:00:00,206.121,868.9209999999998
2024-08-04 04:00:00,7.127000000000001,26.537
2024-08-04 05:00:00,7.136,0.972
2024-08-04 06:00:00,3.033,12.187999999999999
2024-08-04 07:00:00,89.22300000000001,44.059
2024-08-04 08:00:00,13.842,31.839
2024-08-04 09:00:00,1.255,0
2024-08-04 10:00:00,37.56799999999999,0
2024-08-04 11:00:00,7.46,11.850000000000001
2024-08-04 12:00:00,0,0.059
2024-08-04 13:00:00,88.41100000000002,0
2024-08-04 14:00:00,47.666000000000004,99.884
2024-08-04 15:00:00,0.058,2.647
2024-08-04 16:00:00,0,0.6910000000000001
2024-08-04 17:00:00,0,12.269
2024-08-04 18:00:00,0,1.3929999999999998
2024-08-04 19:00:00,4.428,0.312
2024-08-04 20:00:00,1396.1920000000002,14.458
2024-08-04 21:00:00,448.48400000000015,0.204
2024-08-04 22:00:00,594.1900000000003,44.367000000000004
2024-08-04 23:00:00,585.1120000000001,602.8899999999996
2024-08-05 00:00:00,48.77799999999999,251.01700000000008
2024-08-05 01:00:00,48.320000000000014,267.33200000000005
2024-08-05 02:00:00,83.50400000000002,73.28099999999998
2024-08-05 03:00:00,303.86,6.591
2024-08-05 04:00:00,120.62300000000005,39.034
2024-08-05 05:00:00,486.3990000000001,0.066
2024-08-05 06:00:00,1718.08,132.411
2024-08-05 07:00:00,1031.3120000000001,1386.0079999999984
2024-08-05 08:00:00,1636.818,445.99199999999996
2024-08-05 09:00:00,1575.822999999999,81.95900000000003
2024-08-05 10:00:00,322.827,235.48200000000008
2024-08-05 11:00:00,745.4509999999997,506.7259999999997
2024-08-05 12:00:00,1227.4140000000002,728.9720000000004
2024-08-05 13:00:00,356.40899999999993,360.696
2024-08-05 14:00:00,168.82099999999997,85.669
2024-08-05 15:00:00,291.4560000000001,107.894
2024-08-05 16:00:00,343.944,84.56300000000002
2024-08-05 17:00:00,96.50399999999999,428.32400000000024
2024-08-05 18:00:00,457.19399999999996,290.81199999999984
2024-08-05 19:00:00,447.0010000000002,971.4439999999995
2024-08-05 20:00:00,737.3370000000001,616.9329999999999
2024-08-05 21:00:00,184.14399999999998,284.67699999999996
2024-08-05 22:00:00,206.80299999999988,454.50899999999996
2024-08-05 23:00:00,161.89599999999993,191.23399999999998
2024-08-06 00:00:00,419.11000000000007,27.349999999999998
2024-08-06 01:00:00,206.19499999999994,137.66599999999997
2024-08-06 02:00:00,41.32,142.211
2024-08-06 03:00:00,49.962,5750.2750000000015
2024-08-06 04:00:00,53.31999999999999,72.33899999999998
2024-08-06 05:00:00,141.98700000000002,39.63099999999999
2024-08-06 06:00:00,29.171,795.287
2024-08-06 07:00:00,77.55799999999999,61.989000000000004
2024-08-06 08:00:00,32.254,12.148000000000001
2024-08-06 09:00:00,81.115,18.959000000000003
2024-08-06 10:00:00,78.51100000000001,70.31800000000001
2024-08-06 11:00:00,16.009999999999998,54.87
2024-08-06 12:00:00,174.98699999999994,109.16500000000002
2024-08-06 13:00:00,22.605999999999995,44.682
2024-08-06 14:00:00,236.831,118.84700000000001
2024-08-06 15:00:00,159.101,46.26
2024-08-06 16:00:00,39.213,77.647
2024-08-06 17:00:00,43.583,50.649
2024-08-06 18:00:00,107.87599999999998,25.81
2024-08-06 19:00:00,357.73900000000003,482.355
2024-08-06 20:00:00,246.26100000000002,442.68600000000026
2024-08-06 21:00:00,126.09899999999998,23.791999999999998
2024-08-06 22:00:00,20.917,66.16900000000001
2024-08-06 23:00:00,353.61400000000003,1.092
2024-08-07 00:00:00,28.16,18.293
2024-08-07 01:00:00,180.42999999999998,34.113
2024-08-07 02:00:00,96.48799999999999,166.225
2024-08-07 03:00:00,5.546,3.3169999999999997
2024-08-07 04:00:00,199.20499999999998,280.40600000000006
2024-08-07 05:00:00,113.70200000000006,11.536000000000003
2024-08-07 06:00:00,77.08100000000003,73.87900000000002
2024-08-07 07:00:00,48.067,270.024
2024-08-07 08:00:00,94.926,214.60299999999995
2024-08-07 09:00:00,6.613999999999999,46.541999999999994
2024-08-07 10:00:00,17.858,185.362
2024-08-07 11:00:00,28.941,13.067999999999998
2024-08-07 12:00:00,65.48500000000001,11.556000000000001
2024-08-07 13:00:00,23.593999999999998,47.864
2024-08-07 14:00:00,6.641,44.107
2024-08-07 15:00:00,9.415999999999999,55.288
2024-08-07 16:00:00,107.33600000000001,81.29399999999998
2024-08-07 17:00:00,236.396,1.443
2024-08-07 18:00:00,310.54100000000005,41.12499999999999
2024-08-07 19:00:00,601.4760000000003,160.38600000000002
2024-08-07 20:00:00,462.338,454.187
2024-08-07 21:00:00,71.315,133.725
2024-08-07 22:00:00,278.24899999999997,31.514000000000006
2024-08-07 23:00:00,337.86400000000003,51.961999999999975
2024-08-08 00:00:00,142.733,55.293000000000006
2024-08-08 01:00:00,14.645000000000003,37.117999999999995
2024-08-08 02:00:00,321.2119999999999,112.90400000000004
2024-08-08 03:00:00,17.857,44.54999999999999
2024-08-08 04:00:00,236.222,130.89799999999997
2024-08-08 05:00:00,24.895,111.671
2024-08-08 06:00:00,55.61399999999999,39.08700000000001
2024-08-08 07:00:00,49.81,353.71999999999997
2024-08-08 08:00:00,4.552,67.83200000000002
2024-08-08 09:00:00,258.01899999999995,4.196
2024-08-08 10:00:00,93.87300000000002,84.568
2024-08-08 11:00:00,14.768999999999998,11.384
2024-08-08 12:00:00,110.22000000000001,18.572000000000003
2024-08-08 13:00:00,46.05899999999999,0.265
2024-08-08 14:00:00,19.700000000000003,7.722999999999999
2024-08-08 15:00:00,17.038000000000004,59.647999999999996
2024-08-08 16:00:00,14.145000000000003,10.692000000000002
2024-08-08 17:00:00,7.429,63.123999999999995
2024-08-08 18:00:00,216.627,345.505
2024-08-08 19:00:00,218.65600000000003,23.43
2024-08-08 20:00:00,5.229000000000001,397.44300000000004
2024-08-08 21:00:00,66.859,118.79500000000002
2024-08-08 22:00:00,32.665,272.46099999999996
2024-08-08 23:00:00,34.38699999999999,144.31400000000002
2024-08-09 00:00:00,31.083,10.039000000000001
2024-08-09 01:00:00,18.301999999999996,12.354
2024-08-09 02:00:00,0.11,13.940999999999999
2024-08-09 03:00:00,14.471,214.67599999999996
2024-08-09 04:00:00,57.1,379.66999999999996
2024-08-09 05:00:00,261.079,54.47700000000001
2024-08-09 06:00:00,143.531,59.422
2024-08-09 07:00:00,56.99400000000001,46.443999999999996
2024-08-09 08:00:00,1.755,16.406
2024-08-09 09:00:00,4.498,52.574
2024-08-09 10:00:00,135.376,45.92499999999999
2024-08-09 11:00:00,91.076,56.282
2024-08-09 12:00:00,1.442,43.866
2024-08-09 13:00:00,77.85500000000002,1.341
2024-08-09 14:00:00,10.717,9.966000000000001
2024-08-09 15:00:00,18.354000000000003,102.967
2024-08-09 16:00:00,130.695,15.179999999999998
2024-08-09 17:00:00,61.580000000000005,17.869999999999997
2024-08-09 18:00:00,133.93599999999998,24.045
2024-08-09 19:00:00,407.93699999999984,58.815000000000005
2024-08-09 20:00:00,198.3800000000001,184.22799999999992
2024-08-09 21:00:00,426.2060000000001,7.277000000000001
2024-08-09 22:00:00,57.636999999999986,162.086
2024-08-09 23:00:00,69.016,43.13899999999998
2024-08-10 00:00:00,201.33,5.897
2024-08-10 01:00:00,1.937,1.6800000000000002
2024-08-10 02:00:00,8.318999999999999,49.283999999999985
2024-08-10 03:00:00,105.415,53.301
2024-08-10 04:00:00,9.758000000000001,43.741000000000014
2024-08-10 05:00:00,30.913,26.910999999999998
2024-08-10 06:00:00,121.44000000000003,108.596
2024-08-10 07:00:00,4.694,39.016999999999996
2024-08-10 08:00:00,2.1069999999999998,3.774
2024-08-10 09:00:00,3.4619999999999997,0.428
2024-08-10 10:00:00,3.486,0.11399999999999999
2024-08-10 11:00:00,0,27.233999999999995
2024-08-10 12:00:00,0,25.535999999999994
2024-08-10 13:00:00,0.036,122
2024-08-10 14:00:00,2.304,4.9110000000000005
2024-08-10 15:00:00,0,170.06300000000002
2024-08-10 16:00:00,15.958,0.157
2024-08-10 17:00:00,0,10.808000000000002
2024-08-10 18:00:00,0.094,0.922
2024-08-10 19:00:00,389.3410000000001,0.843
2024-08-10 20:00:00,0.945,2.961
2024-08-10 21:00:00,259.49199999999996,10.335999999999999
2024-08-10 22:00:00,18.376,12.354
2024-08-10 23:00:00,0,5.958
2024-08-11 00:00:00,20.657000000000004,6.644
2024-08-11 01:00:00,6.371,10.332
2024-08-11 02:00:00,4.1370000000000005,0
2024-08-11 03:00:00,0.01,23.928
2024-08-11 04:00:00,2.784,0
2024-08-11 05:00:00,3.311,0
2024-08-11 06:00:00,0,30.471
2024-08-11 07:00:00,3.797,39.047
2024-08-11 08:00:00,0,0.489
2024-08-11 09:00:00,3.359,406.91
2024-08-11 10:00:00,10.082,6.702999999999999
2024-08-11 11:00:00,0,53.822
2024-08-11 12:00:00,1.216,1.696
2024-08-11 13:00:00,0,257.524
2024-08-11 14:00:00,0.024,16.971999999999998
2024-08-11 15:00:00,64.873,19.065999999999995
2024-08-11 16:00:00,23.088000000000005,7.347000000000001
2024-08-11 17:00:00,111.924,1.895
2024-08-11 18:00:00,253.92299999999997,5.986
2024-08-11 19:00:00,118.37,59.50500000000002
2024-08-11 20:00:00,244.13600000000002,37.178999999999995
2024-08-11 21:00:00,139.73000000000002,48.234000000000016
2024-08-11 22:00:00,5.665,308.678
2024-08-11 23:00:00,14.315999999999999,57.37699999999999
2024-08-12 00:00:00,2.175,15.772000000000002
2024-08-12 01:00:00,288.82500000000016,13.068
2024-08-12 02:00:00,218.253,59.549
2024-08-12 03:00:00,34.885,201.68599999999995
2024-08-12 04:00:00,130.11299999999997,65.757
2024-08-12 05:00:00,26.282999999999998,0.769
2024-08-12 06:00:00,300.44900000000007,310.496
2024-08-12 07:00:00,7.1080000000000005,75.51799999999997
2024-08-12 08:00:00,126.37899999999999,32.199000000000005
2024-08-12 09:00:00,7.6709999999999985,0.616
2024-08-12 10:00:00,6.704,4.618
2024-08-12 11:00:00,9.959,26.403000000000006
2024-08-12 12:00:00,30.47,30.619000000000003
2024-08-12 13:00:00,688.798,161.62499999999997
2024-08-12 14:00:00,136.71300000000002,89.162
2024-08-12 15:00:00,1.522,97.081
2024-08-12 16:00:00,2.362,320.4740000000001
2024-08-12 17:00:00,8.181999999999999,244.49100000000007
2024-08-12 18:00:00,148.095,144.70200000000003
2024-08-12 19:00:00,352.74399999999974,35.126
2024-08-12 20:00:00,88.33500000000001,280.73099999999994
2024-08-12 21:00:00,98.847,145.63399999999993
2024-08-12 22:00:00,28.124000000000002,22.227
2024-08-12 23:00:00,56.36299999999999,8.988999999999999
2024-08-13 00:00:00,354.80299999999994,10.109000000000002
2024-08-13 01:00:00,8.717999999999998,80.248
2024-08-13 02:00:00,3.875,457.6569999999999
2024-08-13 03:00:00,67.333,34.23300000000001
2024-08-13 04:00:00,18.147,14.168000000000003
2024-08-13 05:00:00,29.002000000000002,184.80899999999997
2024-08-13 06:00:00,62.214999999999996,22.339999999999996
2024-08-13 07:00:00,20.704,13.227
2024-08-13 08:00:00,44.86200000000001,27.14
2024-08-13 09:00:00,427.4269999999999,17.355
2024-08-13 10:00:00,156.866,3.3160000000000003
2024-08-13 11:00:00,0.26999999999999996,2.8000000000000003
2024-08-13 12:00:00,90.74100000000001,9.209
2024-08-13 13:00:00,23.376999999999995,6.859999999999999
2024-08-13 14:00:00,91.47299999999998,3.0380000000000003
2024-08-13 15:00:00,81.56100000000002,6.553000000000001
2024-08-13 16:00:00,21.272,12.785
2024-08-13 17:00:00,1.03,47.488
2024-08-13 18:00:00,60.59,50.292999999999985
2024-08-13 19:00:00,33.348000000000006,96.52499999999999
2024-08-13 20:00:00,89.59799999999998,94.961
2024-08-13 21:00:00,47.482000000000006,0
2024-08-13 22:00:00,0.18,411.5200000000001
2024-08-13 23:00:00,21.781999999999996,127.48500000000001
2024-08-14 00:00:00,63.363,3.587
2024-08-14 01:00:00,75.037,49.87200000000001
2024-08-14 02:00:00,4.303999999999999,0.025
2024-08-14 03:00:00,0.8600000000000001,194.03000000000003
2024-08-14 04:00:00,12.510000000000002,3.758
2024-08-14 05:00:00,51.10700000000001,0
2024-08-14 06:00:00,0.064,56.282
2024-08-14 07:00:00,11.951000000000004,8.329
2024-08-14 08:00:00,13.313999999999998,25.08799999999999
2024-08-14 09:00:00,5.21,51.459999999999994
2024-08-14 10:00:00,9.245,24.137
2024-08-14 11:00:00,5.871,90.83999999999997
2024-08-14 12:00:00,8.007000000000001,95.01199999999999
2024-08-14 13:00:00,2.343,0
2024-08-14 14:00:00,4.675,1.922
2024-08-14 15:00:00,0.627,0.503
2024-08-14 16:00:00,16.221,80.68699999999995
2024-08-14 17:00:00,107.88300000000001,35.184
2024-08-14 18:00:00,112.22099999999999,21.788
2024-08-14 19:00:00,60.299,3.882
2024-08-14 20:00:00,140.60000000000002,632.09
2024-08-14 21:00:00,107.76400000000002,123.601
2024-08-14 22:00:00,149.16000000000003,1.364
2024-08-14 23:00:00,20.964000000000002,13.349
2024-08-15 00:00:00,19.435,0.086
2024-08-15 01:00:00,1.233,12.847000000000001
2024-08-15 02:00:00,0,47.682000000000016
2024-08-15 03:00:00,8.195,10.05
2024-08-15 04:00:00,146.491,36.593
2024-08-15 05:00:00,1.176,3.4
2024-08-15 06:00:00,34.984,2.2
2024-08-15 07:00:00,88.27300000000001,0.186
2024-08-15 09:00:00,60.84100000000001,11.41
2024-08-15 09:00:00,60.84100000000001,11.41
2024-08-15 10:00:00,4.353000000000001,0.369
2024-08-15 11:00:00,120.95800000000001,2.1270000000000002
2024-08-15 12:00:00,84.32,6.3180000000000005
2024-08-15 13:00:00,39.81199999999999,22.331000000000003
2024-08-15 14:00:00,0.10500000000000001,18.849000000000004
2024-08-15 15:00:00,1.481,35.086
2024-08-15 16:00:00,5.468,0
2024-08-15 17:00:00,0.05,171.74599999999998
2024-08-15 18:00:00,92.61099999999999,79.51899999999999
2024-08-15 19:00:00,38.497,99.41799999999999
2024-08-15 20:00:00,36.25600000000001,104.89599999999997
2024-08-15 21:00:00,5.986999999999999,36.04399999999999
2024-08-15 22:00:00,69.835,27.630000000000003
2024-08-15 23:00:00,191.381,0.114
2024-08-16 00:00:00,1225.9410000000003,63.63099999999999
2024-08-16 01:00:00,41.37700000000002,31.720000000000002
2024-08-16 02:00:00,102.103,7.665000000000001
2024-08-16 03:00:00,24.131,54.83
2024-08-16 04:00:00,0.368,56.870999999999995
2024-08-16 05:00:00,23.266,0.063
2024-08-16 06:00:00,3.3989999999999996,8.075
2024-08-16 07:00:00,50.40499999999999,8.125
2024-08-16 08:00:00,8.666,78.85300000000002
2024-08-16 09:00:00,16.731,0.012
2024-08-16 10:00:00,0,72.994
2024-08-16 11:00:00,0,41.270999999999994
2024-08-16 12:00:00,0.036,104.589
2024-08-16 13:00:00,2.004,5.755
2024-08-16 14:00:00,0.173,9.731
2024-08-16 15:00:00,0,2.6609999999999996
2024-08-16 16:00:00,3.242,1.056
2024-08-16 17:00:00,4.058999999999999,22.776
2024-08-16 18:00:00,188.05300000000005,32.881
2024-08-16 19:00:00,212.371,207.91199999999998
2024-08-16 20:00:00,228.426,32.931
2024-08-16 21:00:00,825.917,57.872
2024-08-16 22:00:00,31.901000000000003,82.97199999999998
2024-08-16 23:00:00,46.416,84.66199999999996
2024-08-17 00:00:00,1.7159999999999997,75.57500000000002
2024-08-17 01:00:00,2,249.292
2024-08-17 02:00:00,39.96,3.179
2024-08-17 03:00:00,22.026,2.54
2024-08-17 04:00:00,1.216,0.054
2024-08-17 05:00:00,23.425,1.6149999999999998
2024-08-17 06:00:00,3.0189999999999997,2.465
2024-08-17 07:00:00,0.151,4.9
2024-08-17 08:00:00,2.681,0.695
2024-08-17 09:00:00,39.356000000000016,0
2024-08-17 11:00:00,0.05,0.03
2024-08-17 11:00:00,0.05,0.03
2024-08-17 12:00:00,14.285000000000002,21.392
2024-08-17 13:00:00,2.2409999999999997,0.6779999999999999
2024-08-17 14:00:00,1.547,11.426
2024-08-17 15:00:00,14.692000000000002,8.802999999999999
2024-08-17 16:00:00,29.588000000000005,13.976
2024-08-17 17:00:00,4.72,1.416
2024-08-17 18:00:00,20.938,32.574
2024-08-17 19:00:00,1.2079999999999997,18.320999999999998
2024-08-17 20:00:00,1.112,16.674
2024-08-17 21:00:00,2.5460000000000003,198.353
2024-08-17 22:00:00,0.215,17.595000000000002
2024-08-17 23:00:00,6.185,66.63000000000001
2024-08-18 01:00:00,10.02,0.069
2024-08-18 01:00:00,10.02,0.069
2024-08-18 02:00:00,0.9,0.024
2024-08-18 03:00:00,56.471000000000004,0
2024-08-18 04:00:00,0.065,1.822
2024-08-18 05:00:00,0,2.5040000000000004
2024-08-18 06:00:00,0.029,31.749000000000006
2024-08-18 07:00:00,1.73,0.025
2024-08-18 08:00:00,1.9100000000000001,268.203
2024-08-18 09:00:00,57.663,31.078
2024-08-18 10:00:00,14.402999999999999,0
2024-08-18 11:00:00,33.495999999999995,5.731
2024-08-18 12:00:00,11.086000000000002,2.1870000000000003
2024-08-18 13:00:00,1.7670000000000003,2.932
2024-08-18 14:00:00,0.196,9.453999999999997
2024-08-18 15:00:00,0.9500000000000001,146.597
2024-08-18 16:00:00,5.061,105.38399999999999
2024-08-18 17:00:00,0.40299999999999997,0
2024-08-18 18:00:00,4.095,80.64599999999999
2024-08-18 19:00:00,6.8709999999999996,38.858000000000004
2024-08-18 20:00:00,7.196000000000001,1.1349999999999998
2024-08-18 21:00:00,2.385,3.285
2024-08-18 22:00:00,10.032,13.182999999999998
2024-08-18 23:00:00,117.249,0.5429999999999999
2024-08-19 00:00:00,0.054,2.4130000000000003
2024-08-19 01:00:00,0,39.09100000000001
2024-08-19 02:00:00,0,22.42
2024-08-19 03:00:00,68.79300000000002,0
2024-08-19 04:00:00,0,1.683
2024-08-19 05:00:00,224.34700000000007,0
2024-08-19 06:00:00,55.717999999999996,11.489
2024-08-19 07:00:00,1.464,62.94899999999999
2024-08-19 08:00:00,2.456,15.097000000000001
2024-08-19 09:00:00,0.081,6.42
2024-08-19 10:00:00,5.702,5.997
2024-08-19 11:00:00,9.586,1.038
2024-08-19 12:00:00,2.365,3.904
2024-08-19 13:00:00,2.939,0
2024-08-19 14:00:00,0.44499999999999995,0.339
2024-08-19 15:00:00,3584.2009999999996,0.341
2024-08-19 16:00:00,158.288,16.932999999999996
2024-08-19 17:00:00,12.619,205.284
2024-08-19 18:00:00,9.059999999999999,10.252
2024-08-19 19:00:00,82.324,91.16699999999997
2024-08-19 20:00:00,22.755000000000003,16.356
2024-08-19 21:00:00,27.814,4.632000000000001
2024-08-19 22:00:00,26.909999999999997,0.45999999999999996
2024-08-19 23:00:00,32.495,200.71700000000004
2024-08-20 00:00:00,13.352999999999998,26.617
2024-08-20 01:00:00,2.661,7.232
2024-08-20 02:00:00,0.074,23.563
2024-08-20 03:00:00,0.739,3.8129999999999997
