2024-06-20 03:00:00,2.4662,71.15,28.85
2024-06-20 04:00:00,2.4176,70.74,29.26
2024-06-20 05:00:00,2.3738,70.36,29.64
2024-06-20 06:00:00,2.3693,70.32,29.68
2024-06-20 07:00:00,2.3795,70.41,29.59
2024-06-20 08:00:00,2.4674,71.16,28.84
2024-06-20 09:00:00,2.5112,71.52,28.48
2024-06-20 10:00:00,2.5423,71.77,28.23
2024-06-20 11:00:00,2.4771,71.24,28.76
2024-06-20 12:00:00,2.3625,70.26,29.74
2024-06-20 13:00:00,2.2723,69.44,30.56
2024-06-20 14:00:00,2.1857,68.61,31.39
2024-06-20 15:00:00,2.2062,68.81,31.19
2024-06-20 16:00:00,2.2123,68.87,31.13
2024-06-20 17:00:00,2.2852,69.56,30.44
2024-06-20 18:00:00,2.1427,68.18,31.82
2024-06-20 19:00:00,2.1696,68.45,31.55
2024-06-20 20:00:00,2.6982,72.96,27.04
2024-06-20 21:00:00,2.8865,74.27,25.73
2024-06-20 22:00:00,2.9541,74.71,25.29
2024-06-20 23:00:00,3.0683,75.42,24.58
2024-06-21 00:00:00,3.158,75.95,24.05
2024-06-21 01:00:00,3.042,75.26,24.74
2024-06-21 02:00:00,3.0145,75.09,24.91
2024-06-21 03:00:00,3.0241,75.15,24.85
2024-06-21 04:00:00,3.0552,75.34,24.66
2024-06-21 05:00:00,3.0339,75.21,24.79
2024-06-21 06:00:00,3.0306,75.19,24.81
2024-06-21 07:00:00,3.1374,75.83,24.17
2024-06-21 08:00:00,3.0258,75.16,24.84
2024-06-21 09:00:00,3.1563,75.94,24.06
2024-06-21 10:00:00,3.2589,76.52,23.48
2024-06-21 11:00:00,3.2717,76.59,23.41
2024-06-21 12:00:00,3.2355,76.39,23.61
2024-06-21 13:00:00,3.2337,76.38,23.62
2024-06-21 14:00:00,3.279,76.63,23.37
2024-06-21 15:00:00,3.4111,77.33,22.67
2024-06-21 16:00:00,3.1615,75.97,24.03
2024-06-21 17:00:00,3.2445,76.44,23.56
2024-06-21 18:00:00,3.3066,76.78,23.22
2024-06-21 19:00:00,3.3649,77.09,22.91
2024-06-21 20:00:00,3.5228,77.89,22.11
2024-06-21 21:00:00,3.268,76.57,23.43
2024-06-21 22:00:00,3.4823,77.69,22.31
2024-06-21 23:00:00,3.4723,77.64,22.36
2024-06-22 00:00:00,3.2882,76.68,23.32
2024-06-22 01:00:00,3.1,75.61,24.39
2024-06-22 02:00:00,2.7779,73.53,26.47
2024-06-22 03:00:00,2.8491,74.02,25.98
2024-06-22 04:00:00,2.9308,74.56,25.44
2024-06-22 05:00:00,2.873,74.18,25.82
2024-06-22 06:00:00,2.7369,73.24,26.76
2024-06-22 07:00:00,3.0584,75.36,24.64
2024-06-22 08:00:00,3.1,75.61,24.39
2024-06-22 09:00:00,3.0404,75.25,24.75
2024-06-22 10:00:00,3.0209,75.13,24.87
2024-06-22 11:00:00,3.0258,75.16,24.84
2024-06-22 12:00:00,2.8971,74.34,25.66
2024-06-22 13:00:00,2.8986,74.35,25.65
2024-06-22 14:00:00,3.1408,75.85,24.15
2024-06-22 15:00:00,3.1135,75.69,24.31
2024-06-22 16:00:00,3.3197,76.85,23.15
2024-06-22 17:00:00,3.2463,76.45,23.55
2024-06-22 18:00:00,3.2481,76.46,23.54
2024-06-22 19:00:00,3.2283,76.35,23.65
2024-06-22 20:00:00,3.207,76.23,23.77
2024-06-22 21:00:00,3.1459,75.88,24.12
2024-06-22 22:00:00,3.122,75.74,24.26
2024-06-22 23:00:00,3.1339,75.81,24.19
2024-06-23 00:00:00,3.1408,75.85,24.15
2024-06-23 01:00:00,3.1425,75.86,24.14
2024-06-23 02:00:00,3.2052,76.22,23.78
2024-06-23 03:00:00,3.2212,76.31,23.69
2024-06-23 04:00:00,3.1719,76.03,23.97
2024-06-23 05:00:00,3.1736,76.04,23.96
2024-06-23 06:00:00,3.1964,76.17,23.83
2024-06-23 07:00:00,3.1135,75.69,24.31
2024-06-23 08:00:00,3.1169,75.71,24.29
2024-06-23 09:00:00,3.08,75.49,24.51
2024-06-23 10:00:00,3.0519,75.32,24.68
2024-06-23 11:00:00,2.888,74.28,25.72
2024-06-23 12:00:00,3.0617,75.38,24.62
2024-06-23 13:00:00,3.065,75.4,24.6
2024-06-23 14:00:00,3.0584,75.36,24.64
2024-06-23 15:00:00,3.0933,75.57,24.43
2024-06-23 16:00:00,3.1684,76.01,23.99
2024-06-23 17:00:00,3.1894,76.13,23.87
2024-06-23 18:00:00,3.2409,76.42,23.58
2024-06-23 19:00:00,3.2017,76.2,23.8
2024-06-23 20:00:00,3.1442,75.87,24.13
2024-06-23 21:00:00,3.1841,76.1,23.9
2024-06-23 22:00:00,3.2052,76.22,23.78
2024-06-23 23:00:00,3.2481,76.46,23.54
2024-06-24 00:00:00,3.2827,76.65,23.35
2024-06-24 01:00:00,3.1203,75.73,24.27
2024-06-24 02:00:00,3.3197,76.85,23.15
2024-06-24 03:00:00,3.4603,77.58,22.42
2024-06-24 04:00:00,3.6425,78.46,21.54
2024-06-24 05:00:00,3.6926,78.69,21.31
2024-06-24 06:00:00,3.6882,78.67,21.33
2024-06-24 07:00:00,3.7664,79.02,20.98
2024-06-24 08:00:00,4,80,20
2024-06-24 09:00:00,3.8828,79.52,20.48
2024-06-24 10:00:00,3.7847,79.1,20.9
2024-06-24 11:00:00,3.9261,79.7,20.3
2024-06-24 12:00:00,4.0302,80.12,19.88
2024-06-24 13:00:00,3.9237,79.69,20.31
2024-06-24 14:00:00,3.662,78.55,21.45
2024-06-24 15:00:00,3.6555,78.52,21.48
2024-06-24 16:00:00,3.948,79.79,20.21
2024-06-24 17:00:00,3.5872,78.2,21.8
2024-06-24 18:00:00,3.5537,78.04,21.96
2024-06-24 19:00:00,3.4663,77.61,22.39
2024-06-24 20:00:00,3.5579,78.06,21.94
2024-06-24 21:00:00,3.6361,78.43,21.57
2024-06-24 22:00:00,3.6795,78.63,21.37
2024-06-24 23:00:00,3.7551,78.97,21.03
2024-06-25 00:00:00,3.7259,78.84,21.16
2024-06-25 01:00:00,3.7015,78.73,21.27
2024-06-25 02:00:00,3.7551,78.97,21.03
2024-06-25 03:00:00,3.7438,78.92,21.08
2024-06-25 04:00:00,3.6147,78.33,21.67
2024-06-25 05:00:00,3.5537,78.04,21.96
2024-06-25 06:00:00,3.5269,77.91,22.09
2024-06-25 07:00:00,3.4863,77.71,22.29
2024-06-25 08:00:00,3.4053,77.3,22.7
2024-06-25 09:00:00,3.4267,77.41,22.59
2024-06-25 10:00:00,3.2955,76.72,23.28
2024-06-25 11:00:00,3.207,76.23,23.77
2024-06-25 12:00:00,3.1615,75.97,24.03
2024-06-25 13:00:00,3.1632,75.98,24.02
2024-06-25 14:00:00,3.1477,75.89,24.11
2024-06-25 15:00:00,3.1684,76.01,23.99
2024-06-25 16:00:00,3.1545,75.93,24.07
2024-06-25 17:00:00,3.1494,75.9,24.1
2024-06-25 18:00:00,3.07,75.43,24.57
2024-06-25 19:00:00,3.1,75.61,24.39
2024-06-25 20:00:00,3.1186,75.72,24.28
2024-06-25 21:00:00,2.8139,73.78,26.22
2024-06-25 22:00:00,2.7893,73.61,26.39
2024-06-25 23:00:00,2.873,74.18,25.82
2024-06-26 00:00:00,3.1356,75.82,24.18
2024-06-26 01:00:00,3.0933,75.57,24.43
2024-06-26 02:00:00,2.9841,74.9,25.1
2024-06-26 03:00:00,2.9573,74.73,25.27
2024-06-26 04:00:00,2.9557,74.72,25.28
2024-06-26 05:00:00,2.9463,74.66,25.34
2024-06-26 06:00:00,2.9936,74.96,25.04
2024-06-26 07:00:00,3.0016,75.01,24.99
2024-06-26 08:00:00,2.9968,74.98,25.02
2024-06-26 09:00:00,2.9448,74.65,25.35
2024-06-26 10:00:00,2.9872,74.92,25.08
2024-06-26 11:00:00,2.9872,74.92,25.08
2024-06-26 12:00:00,2.9825,74.89,25.11
2024-06-26 13:00:00,2.9888,74.93,25.07
2024-06-26 14:00:00,2.9746,74.84,25.16
2024-06-26 15:00:00,2.9872,74.92,25.08
2024-06-26 16:00:00,3.0274,75.17,24.83
2024-06-26 17:00:00,3.1736,76.04,23.96
2024-06-26 18:00:00,3.1771,76.06,23.94
2024-06-26 19:00:00,3.1632,75.98,24.02
2024-06-26 20:00:00,3.1911,76.14,23.86
2024-06-26 21:00:00,3.1754,76.05,23.95
2024-06-26 22:00:00,3.29,76.69,23.31
2024-06-26 23:00:00,3.3048,76.77,23.23
2024-06-27 00:00:00,3.4444,77.5,22.5
2024-06-27 01:00:00,3.3879,77.21,22.79
2024-06-27 02:00:00,3.3611,77.07,22.93
2024-06-27 03:00:00,3.3745,77.14,22.86
2024-06-27 04:00:00,3.3956,77.25,22.75
2024-06-27 05:00:00,3.3802,77.17,22.83
2024-06-27 06:00:00,3.4033,77.29,22.71
2024-06-27 07:00:00,3.4803,77.68,22.32
2024-06-27 08:00:00,3.4504,77.53,22.47
2024-06-27 09:00:00,3.4209,77.38,22.62
2024-06-27 10:00:00,3.3975,77.26,22.74
2024-06-27 11:00:00,3.3668,77.1,22.9
2024-06-27 12:00:00,3.4385,77.47,22.53
2024-06-27 13:00:00,3.3821,77.18,22.82
2024-06-27 14:00:00,3.4524,77.54,22.46
2024-06-27 15:00:00,3.4307,77.43,22.57
2024-06-27 16:00:00,3.2827,76.65,23.35
2024-06-27 17:00:00,3.065,75.4,24.6
2024-06-27 18:00:00,3.0404,75.25,24.75
2024-06-27 19:00:00,2.861,74.1,25.9
2024-06-27 20:00:00,2.7622,73.42,26.58
2024-06-27 21:00:00,2.6417,72.54,27.46
2024-06-27 22:00:00,2.6364,72.5,27.5
2024-06-27 23:00:00,2.6324,72.47,27.53
2024-06-28 00:00:00,2.6603,72.68,27.32
2024-06-28 01:00:00,2.6496,72.6,27.4
2024-06-28 02:00:00,2.6377,72.51,27.49
2024-06-28 03:00:00,2.647,72.58,27.42
2024-06-28 04:00:00,2.6563,72.65,27.35
2024-06-28 05:00:00,2.6738,72.78,27.22
2024-06-28 06:00:00,2.6819,72.84,27.16
2024-06-28 07:00:00,2.651,72.61,27.39
2024-06-28 08:00:00,2.5765,72.04,27.96
2024-06-28 09:00:00,2.5894,72.14,27.86
2024-06-28 10:00:00,2.6101,72.3,27.7
2024-06-28 11:00:00,2.6062,72.27,27.73
2024-06-28 12:00:00,2.6219,72.39,27.61
2024-06-28 13:00:00,2.6153,72.34,27.66
2024-06-28 14:00:00,2.6751,72.79,27.21
2024-06-28 15:00:00,2.8285,73.88,26.12
2024-06-28 16:00:00,2.8551,74.06,25.94
2024-06-28 17:00:00,2.8715,74.17,25.83
2024-06-28 18:00:00,2.8432,73.98,26.02
2024-06-28 19:00:00,2.7313,73.2,26.8
2024-06-28 20:00:00,2.7467,73.31,26.69
2024-06-28 21:00:00,3.0209,75.13,24.87
2024-06-28 22:00:00,3.1494,75.9,24.1
2024-06-28 23:00:00,3.3066,76.78,23.22
2024-06-29 00:00:00,3.4307,77.43,22.57
2024-06-29 01:00:00,3.4583,77.57,22.43
2024-06-29 02:00:00,3.5558,78.05,21.95
2024-06-29 03:00:00,3.5249,77.9,22.1
2024-06-29 04:00:00,3.5662,78.1,21.9
2024-06-29 05:00:00,3.6425,78.46,21.54
2024-06-29 06:00:00,3.6642,78.56,21.44
2024-06-29 07:00:00,3.6083,78.3,21.7
2024-06-29 08:00:00,3.6253,78.38,21.62
2024-06-29 09:00:00,3.6361,78.43,21.57
2024-06-29 10:00:00,3.649,78.49,21.51
2024-06-29 11:00:00,3.6404,78.45,21.55
2024-06-29 12:00:00,3.6598,78.54,21.46
2024-06-29 13:00:00,3.6707,78.59,21.41
2024-06-29 14:00:00,3.5269,77.91,22.09
2024-06-29 15:00:00,3.531,77.93,22.07
2024-06-29 16:00:00,3.5351,77.95,22.05
2024-06-29 17:00:00,3.4984,77.77,22.23
2024-06-29 18:00:00,3.4444,77.5,22.5
2024-06-29 19:00:00,3.417,77.36,22.64
2024-06-29 20:00:00,3.417,77.36,22.64
2024-06-29 21:00:00,3.415,77.35,22.65
2024-06-29 22:00:00,3.3234,76.87,23.13
2024-06-29 23:00:00,3.2845,76.66,23.34
2024-06-30 00:00:00,3.2845,76.66,23.34
2024-06-30 01:00:00,3.2662,76.56,23.44
2024-06-30 02:00:00,3.279,76.63,23.37
2024-06-30 03:00:00,3.2955,76.72,23.28
2024-06-30 04:00:00,3.1806,76.08,23.92
2024-06-30 05:00:00,3.207,76.23,23.77
2024-06-30 06:00:00,3.2337,76.38,23.62
2024-06-30 07:00:00,3.3048,76.77,23.23
2024-06-30 08:00:00,3.3253,76.88,23.12
2024-06-30 09:00:00,3.5393,77.97,22.03
2024-06-30 10:00:00,3.4763,77.66,22.34
2024-06-30 11:00:00,3.4248,77.4,22.6
2024-06-30 12:00:00,3.4863,77.71,22.29
2024-06-30 13:00:00,3.5005,77.78,22.22
2024-06-30 14:00:00,3.1859,76.11,23.89
2024-06-30 15:00:00,3.223,76.32,23.68
2024-06-30 16:00:00,3.2337,76.38,23.62
2024-06-30 17:00:00,3.2319,76.37,23.63
2024-06-30 18:00:00,3.2337,76.38,23.62
2024-06-30 19:00:00,3.2608,76.53,23.47
2024-06-30 20:00:00,3.2034,76.21,23.79
2024-06-30 21:00:00,3.1305,75.79,24.21
2024-06-30 22:00:00,3.1186,75.72,24.28
2024-06-30 23:00:00,3.1719,76.03,23.97
2024-07-01 00:00:00,3.1017,75.62,24.38
2024-07-01 01:00:00,3.0339,75.21,24.79
2024-07-01 02:00:00,2.9573,74.73,25.27
2024-07-01 03:00:00,2.9293,74.55,25.45
2024-07-01 04:00:00,2.9185,74.48,25.52
2024-07-01 05:00:00,2.8625,74.11,25.89
2024-07-01 06:00:00,2.858,74.08,25.92
2024-07-01 07:00:00,2.9063,74.4,25.6
2024-07-01 08:00:00,2.5149,71.55,28.45
2024-07-01 09:00:00,2.3979,70.57,29.43
2024-07-01 10:00:00,2.3784,70.4,29.6
2024-07-01 11:00:00,2.4388,70.92,29.08
2024-07-01 12:00:00,2.465,71.14,28.86
2024-07-01 13:00:00,2.4305,70.85,29.15
2024-07-01 14:00:00,2.453,71.04,28.96
2024-07-01 15:00:00,2.4977,71.41,28.59
2024-07-01 16:00:00,2.5002,71.43,28.57
2024-07-01 17:00:00,2.5199,71.59,28.41
2024-07-01 18:00:00,2.5211,71.6,28.4
2024-07-01 19:00:00,2.6563,72.65,27.35
2024-07-01 20:00:00,2.6697,72.75,27.25
2024-07-01 21:00:00,2.6765,72.8,27.2
2024-07-01 22:00:00,2.7051,73.01,26.99
2024-07-01 23:00:00,2.7509,73.34,26.66
2024-07-02 00:00:00,2.7893,73.61,26.39
2024-07-02 01:00:00,2.7707,73.48,26.52
2024-07-02 02:00:00,2.7764,73.52,26.48
2024-07-02 03:00:00,2.7922,73.63,26.37
2024-07-02 04:00:00,2.7951,73.65,26.35
2024-07-02 05:00:00,2.9604,74.75,25.25
2024-07-02 06:00:00,2.9479,74.67,25.33
2024-07-02 07:00:00,2.9557,74.72,25.28
2024-07-02 08:00:00,2.9667,74.79,25.21
2024-07-02 09:00:00,2.973,74.83,25.17
2024-07-02 10:00:00,2.9401,74.62,25.38
2024-07-02 11:00:00,2.92,74.49,25.51
2024-07-02 12:00:00,2.8941,74.32,25.68
2024-07-02 13:00:00,2.8197,73.82,26.18
2024-07-02 14:00:00,2.9093,74.42,25.58
2024-07-02 15:00:00,2.9793,74.87,25.13
2024-07-02 16:00:00,2.9841,74.9,25.1
2024-07-02 17:00:00,3.0112,75.07,24.93
2024-07-02 18:00:00,3.0112,75.07,24.93
2024-07-02 19:00:00,3.0519,75.32,24.68
2024-07-02 20:00:00,3.0453,75.28,24.72
2024-07-02 21:00:00,3.4053,77.3,22.7
2024-07-02 22:00:00,3.3995,77.27,22.73
2024-07-02 23:00:00,3.4014,77.28,22.72
2024-07-03 00:00:00,3.4385,77.47,22.53
2024-07-03 01:00:00,3.4248,77.4,22.6
2024-07-03 02:00:00,3.4072,77.31,22.69
2024-07-03 03:00:00,3.4072,77.31,22.69
2024-07-03 04:00:00,3.4033,77.29,22.71
2024-07-03 05:00:00,3.3995,77.27,22.73
2024-07-03 06:00:00,3.4033,77.29,22.71
2024-07-03 07:00:00,3.2571,76.51,23.49
2024-07-03 08:00:00,3.4405,77.48,22.52
2024-07-03 09:00:00,3.6253,78.38,21.62
2024-07-03 10:00:00,3.787,79.11,20.89
2024-07-03 11:00:00,3.7664,79.02,20.98
2024-07-03 12:00:00,3.81,79.21,20.79
2024-07-03 13:00:00,3.7893,79.12,20.88
2024-07-03 14:00:00,3.8146,79.23,20.77
2024-07-03 15:00:00,3.8638,79.44,20.56
2024-07-03 16:00:00,3.931,79.72,20.28
2024-07-03 17:00:00,4.1867,80.72,19.28
2024-07-03 18:00:00,4.2604,80.99,19.01
2024-07-03 19:00:00,4.2138,80.82,19.18
2024-07-03 20:00:00,4.2798,81.06,18.94
2024-07-03 21:00:00,4.2056,80.79,19.21
2024-07-03 22:00:00,4.2687,81.02,18.98
2024-07-03 23:00:00,4.2356,80.9,19.1
2024-07-04 00:00:00,4.2549,80.97,19.03
2024-07-04 01:00:00,4.2798,81.06,18.94
2024-07-04 02:00:00,4.2604,80.99,19.01
2024-07-04 03:00:00,4.2882,81.09,18.91
2024-07-04 04:00:00,4.3419,81.28,18.72
2024-07-04 05:00:00,4.3362,81.26,18.74
2024-07-04 06:00:00,4.2938,81.11,18.89
2024-07-04 07:00:00,4.4083,81.51,18.49
2024-07-04 08:00:00,4.2854,81.08,18.92
2024-07-04 09:00:00,4.071,80.28,19.72
2024-07-04 10:00:00,3.9677,79.87,20.13
2024-07-04 11:00:00,4.0531,80.21,19.79
2024-07-04 12:00:00,4.0429,80.17,19.83
2024-07-04 13:00:00,4.0582,80.23,19.77
2024-07-04 14:00:00,4.3591,81.34,18.66
2024-07-04 15:00:00,4.4348,81.6,18.4
2024-07-04 16:00:00,4.3333,81.25,18.75
2024-07-04 17:00:00,4.3706,81.38,18.62
2024-07-04 18:00:00,4.211,80.81,19.19
2024-07-04 19:00:00,4.3333,81.25,18.75
2024-07-04 20:00:00,4.305,81.15,18.85
2024-07-04 21:00:00,4.1733,80.67,19.33
2024-07-04 22:00:00,4.1948,80.75,19.25
2024-07-04 23:00:00,4.0582,80.23,19.77
2024-07-05 00:00:00,4.1151,80.45,19.55
2024-07-05 01:00:00,4.0302,80.12,19.88
2024-07-05 02:00:00,4.0865,80.34,19.66
2024-07-05 03:00:00,4.0607,80.24,19.76
2024-07-05 04:00:00,4.1099,80.43,19.57
2024-07-05 05:00:00,4.1387,80.54,19.46
2024-07-05 06:00:00,4.1573,80.61,19.39
2024-07-05 07:00:00,4.2604,80.99,19.01
2024-07-05 08:00:00,4.0684,80.27,19.73
2024-07-05 09:00:00,3.9751,79.9,20.1
2024-07-05 10:00:00,3.8473,79.37,20.63
2024-07-05 11:00:00,3.6296,78.4,21.6
2024-07-05 12:00:00,3.7125,78.78,21.22
2024-07-05 13:00:00,3.771,79.04,20.96
2024-07-05 14:00:00,3.5977,78.25,21.75
2024-07-05 15:00:00,3.6253,78.38,21.62
2024-07-05 16:00:00,3.6773,78.62,21.38
2024-07-05 17:00:00,3.6019,78.27,21.73
2024-07-05 18:00:00,3.4984,77.77,22.23
2024-07-05 19:00:00,3.3573,77.05,22.95
2024-07-05 20:00:00,3.3215,76.86,23.14
2024-07-05 21:00:00,3.1859,76.11,23.89
2024-07-05 22:00:00,3.2176,76.29,23.71
2024-07-05 23:00:00,3.2626,76.54,23.46
2024-07-06 00:00:00,3.2212,76.31,23.69
2024-07-06 01:00:00,3.1736,76.04,23.96
2024-07-06 02:00:00,3.1374,75.83,24.17
2024-07-06 03:00:00,3.1632,75.98,24.02
2024-07-06 04:00:00,3.207,76.23,23.77
2024-07-06 05:00:00,3.1946,76.16,23.84
2024-07-06 06:00:00,3.1615,75.97,24.03
2024-07-06 07:00:00,3.3048,76.77,23.23
2024-07-06 08:00:00,3.2753,76.61,23.39
2024-07-06 09:00:00,3.2699,76.58,23.42
2024-07-06 10:00:00,3.2553,76.5,23.5
2024-07-06 11:00:00,3.2265,76.34,23.66
2024-07-06 12:00:00,3.2427,76.43,23.57
2024-07-06 13:00:00,3.1806,76.08,23.92
2024-07-06 14:00:00,2.9841,74.9,25.1
2024-07-06 15:00:00,3.0193,75.12,24.88
2024-07-06 16:00:00,3.1789,76.07,23.93
2024-07-06 17:00:00,3.0453,75.28,24.72
2024-07-06 18:00:00,2.9714,74.82,25.18
2024-07-06 19:00:00,2.9541,74.71,25.29
2024-07-06 20:00:00,2.9841,74.9,25.1
2024-07-06 21:00:00,3.0032,75.02,24.98
2024-07-06 22:00:00,3,75,25
2024-07-06 23:00:00,3.0339,75.21,24.79
2024-07-07 00:00:00,2.9698,74.81,25.19
2024-07-07 01:00:00,2.9526,74.7,25.3
2024-07-07 02:00:00,2.951,74.69,25.31
2024-07-07 03:00:00,2.9904,74.94,25.06
2024-07-07 04:00:00,2.9683,74.8,25.2
2024-07-07 05:00:00,2.962,74.76,25.24
2024-07-07 06:00:00,2.9746,74.84,25.16
2024-07-07 07:00:00,2.9324,74.57,25.43
2024-07-07 08:00:00,2.8775,74.21,25.79
2024-07-07 09:00:00,2.87,74.16,25.84
2024-07-07 10:00:00,2.9324,74.57,25.43
2024-07-07 11:00:00,2.8168,73.8,26.2
2024-07-07 12:00:00,2.8417,73.97,26.03
2024-07-07 13:00:00,2.8506,74.03,25.97
2024-07-07 14:00:00,3.2463,76.45,23.55
2024-07-07 15:00:00,3.2499,76.47,23.53
2024-07-07 16:00:00,3.2088,76.24,23.76
2024-07-07 17:00:00,3.2105,76.25,23.75
2024-07-07 18:00:00,3.1667,76,24
2024-07-07 19:00:00,3.207,76.23,23.77
2024-07-07 20:00:00,3.1894,76.13,23.87
2024-07-07 21:00:00,3.2481,76.46,23.54
2024-07-07 22:00:00,3.3995,77.27,22.73
2024-07-07 23:00:00,3.344,76.98,23.02
2024-07-08 00:00:00,3.2626,76.54,23.46
2024-07-08 01:00:00,3.1597,75.96,24.04
2024-07-08 02:00:00,3.2159,76.28,23.72
2024-07-08 03:00:00,3.2194,76.3,23.7
2024-07-08 04:00:00,3.4643,77.6,22.4
2024-07-08 05:00:00,3.3879,77.21,22.79
2024-07-08 06:00:00,3.3687,77.11,22.89
2024-07-08 07:00:00,3.384,77.19,22.81
2024-07-08 08:00:00,3.6083,78.3,21.7
2024-07-08 09:00:00,3.5005,77.78,22.22
2024-07-08 10:00:00,3.5496,78.02,21.98
2024-07-08 11:00:00,3.5956,78.24,21.76
2024-07-08 12:00:00,3.5167,77.86,22.14
2024-07-08 13:00:00,3.5393,77.97,22.03
2024-07-08 14:00:00,3.4543,77.55,22.45
2024-07-08 15:00:00,3.3271,76.89,23.11
2024-07-08 16:00:00,3.0717,75.44,24.56
2024-07-08 17:00:00,3.0601,75.37,24.63
2024-07-08 18:00:00,3.0683,75.42,24.58
2024-07-08 19:00:00,2.9635,74.77,25.23
2024-07-08 20:00:00,3.042,75.26,24.74
2024-07-08 21:00:00,3.2391,76.41,23.59
2024-07-08 22:00:00,3.2463,76.45,23.55
2024-07-08 23:00:00,3.2955,76.72,23.28
2024-07-09 00:00:00,3.2955,76.72,23.28
2024-07-09 01:00:00,3.3309,76.91,23.09
2024-07-09 02:00:00,3.3197,76.85,23.15
2024-07-09 03:00:00,3.3048,76.77,23.23
2024-07-09 04:00:00,3.2409,76.42,23.58
2024-07-09 05:00:00,3.1477,75.89,24.11
2024-07-09 06:00:00,3.1169,75.71,24.29
2024-07-09 07:00:00,3.095,75.58,24.42
2024-07-09 08:00:00,3.0634,75.39,24.61
2024-07-09 09:00:00,2.9683,74.8,25.2
2024-07-09 10:00:00,2.87,74.16,25.84
2024-07-09 11:00:00,2.7722,73.49,26.51
2024-07-09 12:00:00,2.7051,73.01,26.99
2024-07-09 13:00:00,2.655,72.64,27.36
2024-07-09 14:00:00,2.5829,72.09,27.91
2024-07-09 15:00:00,2.592,72.16,27.84
2024-07-09 16:00:00,2.5386,71.74,28.26
2024-07-09 17:00:00,2.4758,71.23,28.77
2024-07-09 18:00:00,2.471,71.19,28.81
2024-07-09 19:00:00,2.4554,71.06,28.94
2024-07-09 20:00:00,2.459,71.09,28.91
2024-07-09 21:00:00,2.5778,72.05,27.95
2024-07-09 22:00:00,2.5971,72.2,27.8
2024-07-09 23:00:00,2.5211,71.6,28.4
2024-07-10 00:00:00,2.5386,71.74,28.26
2024-07-10 01:00:00,2.5881,72.13,27.87
2024-07-10 02:00:00,2.5765,72.04,27.96
2024-07-10 03:00:00,2.5855,72.11,27.89
2024-07-10 04:00:00,2.5894,72.14,27.86
2024-07-10 05:00:00,2.6232,72.4,27.6
2024-07-10 06:00:00,2.6417,72.54,27.46
2024-07-10 07:00:00,2.6805,72.83,27.17
2024-07-10 08:00:00,2.6298,72.45,27.55
2024-07-10 09:00:00,2.5613,71.92,28.08
2024-07-10 10:00:00,2.5051,71.47,28.53
2024-07-10 11:00:00,2.4566,71.07,28.93
2024-07-10 12:00:00,2.3693,70.32,29.68
2024-07-10 13:00:00,2.4223,70.78,29.22
2024-07-10 14:00:00,2.3807,70.42,29.58
2024-07-10 15:00:00,2.3933,70.53,29.47
2024-07-10 16:00:00,2.5162,71.56,28.44
2024-07-10 17:00:00,2.5638,71.94,28.06
2024-07-10 18:00:00,2.5361,71.72,28.28
2024-07-10 19:00:00,2.471,71.19,28.81
2024-07-10 20:00:00,2.4495,71.01,28.99
2024-07-10 21:00:00,2.4686,71.17,28.83
2024-07-10 22:00:00,2.4376,70.91,29.09
2024-07-10 23:00:00,2.5273,71.65,28.35
2024-07-11 00:00:00,2.6153,72.34,27.66
2024-07-11 01:00:00,2.6114,72.31,27.69
2024-07-11 02:00:00,2.6298,72.45,27.55
2024-07-11 03:00:00,2.601,72.23,27.77
2024-07-11 04:00:00,2.6298,72.45,27.55
2024-07-11 05:00:00,2.6443,72.56,27.44
2024-07-11 06:00:00,2.6941,72.93,27.07
2024-07-11 07:00:00,2.6941,72.93,27.07
2024-07-11 08:00:00,2.6684,72.74,27.26
2024-07-11 09:00:00,2.7133,73.07,26.93
2024-07-11 10:00:00,2.9032,74.38,25.62
2024-07-11 11:00:00,2.7908,73.62,26.38
2024-07-11 12:00:00,2.7078,73.03,26.97
2024-07-11 13:00:00,2.6711,72.76,27.24
2024-07-11 14:00:00,2.5423,71.77,28.23
2024-07-11 15:00:00,2.319,69.87,30.13
2024-07-11 16:00:00,2.2819,69.53,30.47
2024-07-11 17:00:00,2.2342,69.08,30.92
2024-07-11 18:00:00,2.2468,69.2,30.8
2024-07-11 19:00:00,2.096,67.7,32.3
2024-07-11 20:00:00,2.1827,68.58,31.42
2024-07-11 21:00:00,2.3333,70,30
2024-07-11 22:00:00,2.4376,70.91,29.09
2024-07-11 23:00:00,2.499,71.42,28.58
2024-07-12 00:00:00,2.5348,71.71,28.29
2024-07-12 01:00:00,2.5273,71.65,28.35
2024-07-12 02:00:00,2.5423,71.77,28.23
2024-07-12 03:00:00,2.5765,72.04,27.96
2024-07-12 04:00:00,2.5791,72.06,27.94
2024-07-12 05:00:00,2.5932,72.17,27.83
2024-07-12 06:00:00,2.5932,72.17,27.83
2024-07-12 07:00:00,2.651,72.61,27.39
2024-07-12 08:00:00,2.6941,72.93,27.07
2024-07-12 09:00:00,2.6311,72.46,27.54
2024-07-12 10:00:00,2.6311,72.46,27.54
2024-07-12 11:00:00,2.7051,73.01,26.99
2024-07-12 12:00:00,2.7037,73,27
2024-07-12 13:00:00,2.6914,72.91,27.09
2024-07-12 14:00:00,2.8625,74.11,25.89
2024-07-12 15:00:00,2.8139,73.78,26.22
2024-07-12 16:00:00,2.8565,74.07,25.93
2024-07-12 17:00:00,2.7879,73.6,26.4
2024-07-12 18:00:00,2.73,73.19,26.81
2024-07-12 19:00:00,2.7665,73.45,26.55
2024-07-12 20:00:00,2.5932,72.17,27.83
2024-07-12 21:00:00,2.4165,70.73,29.27
2024-07-12 22:00:00,2.3852,70.46,29.54
2024-07-12 23:00:00,2.2819,69.53,30.47
2024-07-13 00:00:00,2.1756,68.51,31.49
2024-07-13 01:00:00,2.1466,68.22,31.78
2024-07-13 02:00:00,2.1656,68.41,31.59
2024-07-13 03:00:00,2.42,70.76,29.24
2024-07-13 04:00:00,2.3807,70.42,29.58
2024-07-13 05:00:00,2.3659,70.29,29.71
2024-07-13 06:00:00,2.3003,69.7,30.3
2024-07-13 07:00:00,2.2499,69.23,30.77
2024-07-13 08:00:00,2.2425,69.16,30.84
2024-07-13 09:00:00,2.2541,69.27,30.73
2024-07-13 10:00:00,2.251,69.24,30.76
2024-07-13 11:00:00,2.3591,70.23,29.77
2024-07-13 12:00:00,2.375,70.37,29.63
2024-07-13 13:00:00,2.358,70.22,29.78
2024-07-13 14:00:00,2.3344,70.01,29.99
2024-07-13 15:00:00,2.3003,69.7,30.3
2024-07-13 16:00:00,2.1726,68.48,31.52
2024-07-13 17:00:00,2.1124,67.87,32.13
2024-07-13 18:00:00,2.1211,67.96,32.04
2024-07-13 19:00:00,2.0941,67.68,32.32
2024-07-13 20:00:00,2.0506,67.22,32.78
2024-07-13 21:00:00,2.0331,67.03,32.97
2024-07-13 22:00:00,2.0414,67.12,32.88
2024-07-13 23:00:00,2.0202,66.89,33.11
2024-07-14 00:00:00,2.0257,66.95,33.05
2024-07-14 01:00:00,2.0285,66.98,33.02
2024-07-14 02:00:00,2.0266,66.96,33.04
2024-07-14 03:00:00,2.0166,66.85,33.15
2024-07-14 04:00:00,2.013,66.81,33.19
2024-07-14 05:00:00,1.9958,66.62,33.38
2024-07-14 06:00:00,1.9621,66.24,33.76
2024-07-14 07:00:00,1.9931,66.59,33.41
2024-07-14 08:00:00,1.9895,66.55,33.45
2024-07-14 09:00:00,1.9878,66.53,33.47
2024-07-14 10:00:00,1.9682,66.31,33.69
2024-07-14 11:00:00,1.9446,66.04,33.96
2024-07-14 12:00:00,1.9343,65.92,34.08
2024-07-14 13:00:00,1.8977,65.49,34.51
2024-07-14 14:00:00,1.8952,65.46,34.54
2024-07-14 15:00:00,1.9028,65.55,34.45
2024-07-14 16:00:00,1.8893,65.39,34.61
2024-07-14 17:00:00,1.876,65.23,34.77
2024-07-14 18:00:00,1.8703,65.16,34.84
2024-07-14 19:00:00,1.8345,64.72,35.28
2024-07-14 20:00:00,1.8385,64.77,35.23
2024-07-14 21:00:00,1.9172,65.72,34.28
2024-07-14 22:00:00,1.9499,66.1,33.9
2024-07-14 23:00:00,1.9647,66.27,33.73
2024-07-15 00:00:00,1.9308,65.88,34.12
2024-07-15 01:00:00,1.9472,66.07,33.93
2024-07-15 02:00:00,1.9377,65.96,34.04
2024-07-15 03:00:00,1.9274,65.84,34.16
2024-07-15 04:00:00,1.9129,65.67,34.33
2024-07-15 05:00:00,1.8744,65.21,34.79
2024-07-15 06:00:00,1.8514,64.93,35.07
2024-07-15 07:00:00,1.8612,65.05,34.95
2024-07-15 08:00:00,1.8523,64.94,35.06
2024-07-15 09:00:00,1.8137,64.46,35.54
2024-07-15 10:00:00,1.8106,64.42,35.58
2024-07-15 11:00:00,1.7541,63.69,36.31
2024-07-15 12:00:00,1.742,63.53,36.47
2024-07-15 13:00:00,1.7724,63.93,36.07
2024-07-15 14:00:00,1.7617,63.79,36.21
2024-07-15 15:00:00,1.7345,63.43,36.57
2024-07-15 16:00:00,1.6178,61.8,38.2
2024-07-15 17:00:00,1.6001,61.54,38.46
2024-07-15 18:00:00,1.6185,61.81,38.19
2024-07-15 19:00:00,1.6546,62.33,37.67
2024-07-15 20:00:00,1.6532,62.31,37.69
2024-07-15 21:00:00,1.6357,62.06,37.94
2024-07-15 22:00:00,1.6709,62.56,37.44
2024-07-15 23:00:00,1.7071,63.06,36.94
2024-07-16 00:00:00,1.6567,62.36,37.64
2024-07-16 01:00:00,1.6688,62.53,37.47
2024-07-16 02:00:00,1.686,62.77,37.23
2024-07-16 03:00:00,1.6731,62.59,37.41
2024-07-16 04:00:00,1.6603,62.41,37.59
2024-07-16 05:00:00,1.713,63.14,36.86
2024-07-16 06:00:00,1.7632,63.81,36.19
2024-07-16 07:00:00,1.7693,63.89,36.11
2024-07-16 08:00:00,1.7747,63.96,36.04
2024-07-16 09:00:00,1.7556,63.71,36.29
2024-07-16 10:00:00,1.764,63.82,36.18
2024-07-16 11:00:00,1.7293,63.36,36.64
2024-07-16 12:00:00,1.7093,63.09,36.91
2024-07-16 13:00:00,1.6774,62.65,37.35
2024-07-16 14:00:00,1.7144,63.16,36.84
2024-07-16 15:00:00,1.8361,64.74,35.26
2024-07-16 16:00:00,1.8877,65.37,34.63
2024-07-16 17:00:00,1.9265,65.83,34.17
2024-07-16 18:00:00,1.9138,65.68,34.32
2024-07-16 19:00:00,1.8918,65.42,34.58
2024-07-16 20:00:00,1.8802,65.28,34.72
2024-07-16 21:00:00,1.9104,65.64,34.36
2024-07-16 22:00:00,1.8711,65.17,34.83
2024-07-16 23:00:00,1.8145,64.47,35.53
2024-07-17 00:00:00,1.8066,64.37,35.63
2024-07-17 01:00:00,1.7933,64.2,35.8
2024-07-17 02:00:00,1.8066,64.37,35.63
2024-07-17 03:00:00,1.8043,64.34,35.66
2024-07-17 04:00:00,1.8596,65.03,34.97
2024-07-17 05:00:00,1.845,64.85,35.15
2024-07-17 06:00:00,1.8098,64.41,35.59
2024-07-17 07:00:00,1.8066,64.37,35.63
2024-07-17 08:00:00,1.7747,63.96,36.04
2024-07-17 09:00:00,1.7732,63.94,36.06
2024-07-17 10:00:00,1.7382,63.48,36.52
2024-07-17 11:00:00,1.7412,63.52,36.48
2024-07-17 12:00:00,1.6976,62.93,37.07
2024-07-17 13:00:00,1.6954,62.9,37.1
2024-07-17 14:00:00,1.6911,62.84,37.16
2024-07-17 15:00:00,1.6903,62.83,37.17
2024-07-17 16:00:00,1.7012,62.98,37.02
2024-07-17 17:00:00,1.6998,62.96,37.04
2024-07-17 18:00:00,1.777,63.99,36.01
2024-07-17 19:00:00,1.8011,64.3,35.7
2024-07-17 20:00:00,1.8153,64.48,35.52
2024-07-17 21:00:00,1.8289,64.65,35.35
2024-07-17 22:00:00,1.8297,64.66,35.34
2024-07-17 23:00:00,2.1046,67.79,32.21
2024-07-18 00:00:00,2.1211,67.96,32.04
2024-07-18 01:00:00,2.1027,67.77,32.23
2024-07-18 02:00:00,2.1182,67.93,32.07
2024-07-18 03:00:00,2.1056,67.8,32.2
2024-07-18 04:00:00,2.0874,67.61,32.39
2024-07-18 05:00:00,2.0883,67.62,32.38
2024-07-18 06:00:00,2.0902,67.64,32.36
2024-07-18 07:00:00,2.1095,67.84,32.16
2024-07-18 08:00:00,2.0998,67.74,32.26
2024-07-18 09:00:00,2.0912,67.65,32.35
2024-07-18 10:00:00,2.0864,67.6,32.4
2024-07-18 11:00:00,2.059,67.31,32.69
2024-07-18 12:00:00,2.0386,67.09,32.91
2024-07-18 13:00:00,1.9895,66.55,33.45
2024-07-18 14:00:00,1.9533,66.14,33.86
2024-07-18 15:00:00,1.9481,66.08,33.92
2024-07-18 16:00:00,1.9206,65.76,34.24
2024-07-18 17:00:00,1.9155,65.7,34.3
2024-07-18 18:00:00,1.9061,65.59,34.41
2024-07-18 19:00:00,1.8694,65.15,34.85
2024-07-18 20:00:00,1.8153,64.48,35.52
2024-07-18 21:00:00,1.9104,65.64,34.36
2024-07-18 22:00:00,2.0902,67.64,32.36
2024-07-18 23:00:00,2.1878,68.63,31.37
2024-07-19 00:00:00,2.1496,68.25,31.75
2024-07-19 01:00:00,2.1427,68.18,31.82
2024-07-19 02:00:00,2.1387,68.14,31.86
2024-07-19 03:00:00,2.1526,68.28,31.72
2024-07-19 04:00:00,2.1646,68.4,31.6
2024-07-19 05:00:00,2.1636,68.39,31.61
2024-07-19 06:00:00,2.0855,67.59,32.41
2024-07-19 07:00:00,2.0628,67.35,32.65
2024-07-19 08:00:00,2.1338,68.09,31.91
2024-07-19 09:00:00,2.1037,67.78,32.22
2024-07-19 10:00:00,2.0979,67.72,32.28
2024-07-19 11:00:00,2.0713,67.44,32.56
2024-07-19 12:00:00,2.076,67.49,32.51
2024-07-19 14:00:00,1.9842,66.49,33.51
2024-07-19 14:00:00,1.9842,66.49,33.51
2024-07-19 16:00:00,2.2531,69.26,30.74
2024-07-19 16:00:00,2.2531,69.26,30.74
2024-07-19 17:00:00,2.1807,68.56,31.44
2024-07-19 18:00:00,2.1576,68.33,31.67
2024-07-19 19:00:00,2.1486,68.24,31.76
2024-07-19 20:00:00,2.0497,67.21,32.79
2024-07-19 21:00:00,1.8531,64.95,35.05
2024-07-19 22:00:00,1.8409,64.8,35.2
2024-07-19 23:00:00,1.8058,64.36,35.64
2024-07-20 00:00:00,1.8121,64.44,35.56
2024-07-20 01:00:00,1.7793,64.02,35.98
2024-07-20 02:00:00,1.8417,64.81,35.19
2024-07-20 03:00:00,1.8596,65.03,34.97
2024-07-20 04:00:00,1.849,64.9,35.1
2024-07-20 05:00:00,1.8233,64.58,35.42
2024-07-20 06:00:00,1.8233,64.58,35.42
2024-07-20 07:00:00,1.8169,64.5,35.5
2024-07-20 08:00:00,1.8225,64.57,35.43
2024-07-20 09:00:00,1.8441,64.84,35.16
2024-07-20 10:00:00,1.862,65.06,34.94
2024-07-20 11:00:00,1.8629,65.07,34.93
2024-07-20 12:00:00,1.8588,65.02,34.98
2024-07-20 13:00:00,1.867,65.12,34.88
2024-07-20 14:00:00,1.8596,65.03,34.97
2024-07-20 15:00:00,1.8927,65.43,34.57
2024-07-20 16:00:00,1.9257,65.82,34.18
2024-07-20 17:00:00,1.9172,65.72,34.28
2024-07-20 18:00:00,1.9257,65.82,34.18
2024-07-20 19:00:00,1.9214,65.77,34.23
2024-07-20 20:00:00,1.924,65.8,34.2
2024-07-20 21:00:00,1.9265,65.83,34.17
2024-07-20 22:00:00,1.9343,65.92,34.08
2024-07-20 23:00:00,1.9533,66.14,33.86
2024-07-21 00:00:00,1.918,65.73,34.27
2024-07-21 01:00:00,1.8893,65.39,34.61
2024-07-21 02:00:00,1.8361,64.74,35.26
2024-07-21 03:00:00,1.8161,64.49,35.51
2024-07-21 04:00:00,1.805,64.35,35.65
2024-07-21 05:00:00,1.7956,64.23,35.77
2024-07-21 06:00:00,1.7917,64.18,35.82
2024-07-21 07:00:00,1.7847,64.09,35.91
2024-07-21 08:00:00,1.7925,64.19,35.81
2024-07-21 09:00:00,1.7949,64.22,35.78
2024-07-21 10:00:00,1.7933,64.2,35.8
2024-07-21 11:00:00,1.7871,64.12,35.88
2024-07-21 12:00:00,1.7988,64.27,35.73
2024-07-21 13:00:00,1.8289,64.65,35.35
2024-07-21 14:00:00,1.8752,65.22,34.78
2024-07-21 15:00:00,1.9028,65.55,34.45
2024-07-21 16:00:00,1.9351,65.93,34.07
2024-07-21 17:00:00,1.9257,65.82,34.18
2024-07-21 18:00:00,1.9104,65.64,34.36
2024-07-21 19:00:00,1.9189,65.74,34.26
2024-07-21 20:00:00,1.9019,65.54,34.46
2024-07-21 21:00:00,1.9334,65.91,34.09
2024-07-21 22:00:00,1.9403,65.99,34.01
2024-07-21 23:00:00,1.9351,65.93,34.07
2024-07-22 00:00:00,2.0647,67.37,32.63
2024-07-22 01:00:00,2.0998,67.74,32.26
2024-07-22 02:00:00,2.1056,67.8,32.2
2024-07-22 03:00:00,2.1027,67.77,32.23
2024-07-22 04:00:00,2.1153,67.9,32.1
2024-07-22 05:00:00,2.0826,67.56,32.44
2024-07-22 06:00:00,2.0544,67.26,32.74
2024-07-22 07:00:00,2.0534,67.25,32.75
2024-07-22 08:00:00,2.0312,67.01,32.99
2024-07-22 09:00:00,2.0102,66.78,33.22
2024-07-22 10:00:00,2.0294,66.99,33.01
2024-07-22 11:00:00,2.0395,67.1,32.9
2024-07-22 12:00:00,2.0826,67.56,32.44
2024-07-22 13:00:00,2.1666,68.42,31.58
2024-07-22 14:00:00,2.1939,68.69,31.31
2024-07-22 15:00:00,2.1676,68.43,31.57
2024-07-22 16:00:00,2.2258,69,31
2024-07-22 17:00:00,2.2227,68.97,31.03
2024-07-22 18:00:00,2.2394,69.13,30.87
2024-07-22 19:00:00,2.2216,68.96,31.04
2024-07-22 20:00:00,2.2321,69.06,30.94
2024-07-22 21:00:00,2.2852,69.56,30.44
2024-07-22 22:00:00,2.4758,71.23,28.77
2024-07-22 23:00:00,2.4831,71.29,28.71
2024-07-23 00:00:00,2.5511,71.84,28.16
2024-07-23 01:00:00,2.5361,71.72,28.28
2024-07-23 02:00:00,2.4435,70.96,29.04
2024-07-23 03:00:00,2.4471,70.99,29.01
2024-07-23 04:00:00,2.5298,71.67,28.33
2024-07-23 05:00:00,2.5499,71.83,28.17
2024-07-23 06:00:00,2.5575,71.89,28.11
2024-07-23 07:00:00,2.5137,71.54,28.46
2024-07-23 08:00:00,2.4106,70.68,29.32
2024-07-23 09:00:00,2.406,70.64,29.36
2024-07-23 10:00:00,2.3681,70.31,29.69
2024-07-23 11:00:00,2.406,70.64,29.36
2024-07-23 12:00:00,2.5663,71.96,28.04
2024-07-23 13:00:00,2.6062,72.27,27.73
2024-07-23 14:00:00,2.5791,72.06,27.94
2024-07-23 15:00:00,2.3025,69.72,30.28
2024-07-23 16:00:00,2.1095,67.84,32.16
2024-07-23 17:00:00,2.0893,67.63,32.37
2024-07-23 18:00:00,2.1776,68.53,31.47
2024-07-23 19:00:00,2.2342,69.08,30.92
2024-07-23 20:00:00,2.5411,71.76,28.24
2024-07-23 21:00:00,2.4447,70.97,29.03
2024-07-23 22:00:00,2.6206,72.38,27.62
2024-07-23 23:00:00,2.5907,72.15,27.85
2024-07-24 00:00:00,2.6819,72.84,27.16
2024-07-24 01:00:00,2.5971,72.2,27.8
2024-07-24 02:00:00,2.5249,71.63,28.37
2024-07-24 03:00:00,2.4686,71.17,28.83
2024-07-24 04:00:00,2.4554,71.06,28.94
2024-07-24 05:00:00,2.349,70.14,29.86
2024-07-24 06:00:00,2.3069,69.76,30.24
2024-07-24 07:00:00,2.2446,69.18,30.82
2024-07-24 08:00:00,2.3256,69.93,30.07
2024-07-24 09:00:00,2.4771,71.24,28.76
2024-07-24 10:00:00,2.4855,71.31,28.69
2024-07-24 11:00:00,2.5249,71.63,28.37
2024-07-24 12:00:00,2.5625,71.93,28.07
2024-07-24 13:00:00,2.5663,71.96,28.04
2024-07-24 14:00:00,2.5894,72.14,27.86
2024-07-24 15:00:00,2.5868,72.12,27.88
2024-07-24 16:00:00,2.56,71.91,28.09
2024-07-24 17:00:00,2.5298,71.67,28.33
2024-07-24 18:00:00,2.4674,71.16,28.84
2024-07-24 19:00:00,2.5125,71.53,28.47
2024-07-24 20:00:00,2.5714,72,28
2024-07-24 21:00:00,2.7439,73.29,26.71
2024-07-24 22:00:00,2.8565,74.07,25.93
2024-07-24 23:00:00,2.9277,74.54,25.46
2024-07-25 00:00:00,2.9857,74.91,25.09
2024-07-25 01:00:00,3.1545,75.93,24.07
2024-07-25 02:00:00,3.2481,76.46,23.54
2024-07-25 03:00:00,3.2992,76.74,23.26
2024-07-25 04:00:00,3.3159,76.83,23.17
2024-07-25 05:00:00,3.3141,76.82,23.18
2024-07-25 06:00:00,3.3384,76.95,23.05
2024-07-25 07:00:00,3.3516,77.02,22.98
2024-07-25 08:00:00,3.4823,77.69,22.31
2024-07-25 09:00:00,3.4984,77.77,22.23
2024-07-25 10:00:00,3.5662,78.1,21.9
2024-07-25 11:00:00,3.7916,79.13,20.87
2024-07-25 12:00:00,3.7847,79.1,20.9
2024-07-25 13:00:00,3.7483,78.94,21.06
2024-07-25 14:00:00,3.7148,78.79,21.21
2024-07-25 15:00:00,3.7081,78.76,21.24
2024-07-25 16:00:00,3.697,78.71,21.29
2024-07-25 17:00:00,3.8008,79.17,20.83
2024-07-25 18:00:00,3.6948,78.7,21.3
2024-07-25 19:00:00,3.7687,79.03,20.97
2024-07-25 20:00:00,3.8031,79.18,20.82
2024-07-25 21:00:00,3.7483,78.94,21.06
2024-07-25 22:00:00,3.9213,79.68,20.32
2024-07-25 23:00:00,3.8638,79.44,20.56
2024-07-26 00:00:00,3.8356,79.32,20.68
2024-07-26 01:00:00,3.9505,79.8,20.2
2024-07-26 02:00:00,3.9456,79.78,20.22
2024-07-26 03:00:00,3.9334,79.73,20.27
2024-07-26 04:00:00,3.8828,79.52,20.48
2024-07-26 05:00:00,3.8333,79.31,20.69
2024-07-26 06:00:00,3.7596,78.99,21.01
2024-07-26 07:00:00,3.7081,78.76,21.24
2024-07-26 08:00:00,3.7985,79.16,20.84
2024-07-26 09:00:00,3.6404,78.45,21.55
2024-07-26 10:00:00,3.4743,77.65,22.35
2024-07-26 11:00:00,3.3995,77.27,22.73
2024-07-26 12:00:00,3.3346,76.93,23.07
2024-07-26 13:00:00,3.2717,76.59,23.41
2024-07-26 14:00:00,3.1649,75.99,24.01
2024-07-26 15:00:00,3.1288,75.78,24.22
2024-07-26 16:00:00,3.1684,76.01,23.99
2024-07-26 17:00:00,3.0833,75.51,24.49
2024-07-26 18:00:00,3.09,75.55,24.45
2024-07-26 19:00:00,3.0634,75.39,24.61
2024-07-26 20:00:00,3.1305,75.79,24.21
2024-07-26 21:00:00,3.1563,75.94,24.06
2024-07-26 22:00:00,3.1135,75.69,24.31
2024-07-26 23:00:00,3.1102,75.67,24.33
2024-07-27 00:00:00,3.1118,75.68,24.32
2024-07-27 01:00:00,3.0617,75.38,24.62
2024-07-27 02:00:00,3.1477,75.89,24.11
2024-07-27 03:00:00,3.1771,76.06,23.94
2024-07-27 04:00:00,3.158,75.95,24.05
2024-07-27 05:00:00,3.1322,75.8,24.2
2024-07-27 06:00:00,3.1017,75.62,24.38
2024-07-27 07:00:00,3.1563,75.94,24.06
2024-07-27 08:00:00,3.1824,76.09,23.91
2024-07-27 09:00:00,3.2034,76.21,23.79
2024-07-27 10:00:00,3.2176,76.29,23.71
2024-07-27 11:00:00,3.2159,76.28,23.72
2024-07-27 12:00:00,3.1946,76.16,23.84
2024-07-27 13:00:00,3.2052,76.22,23.78
2024-07-27 14:00:00,3.1356,75.82,24.18
2024-07-27 15:00:00,3.0933,75.57,24.43
2024-07-27 16:00:00,3.0258,75.16,24.84
2024-07-27 17:00:00,3.0112,75.07,24.93
2024-07-27 18:00:00,2.9888,74.93,25.07
2024-07-27 19:00:00,3.0404,75.25,24.75
2024-07-27 20:00:00,3.0306,75.19,24.81
2024-07-27 21:00:00,2.9793,74.87,25.13
2024-07-27 22:00:00,3.0437,75.27,24.73
2024-07-27 23:00:00,3.095,75.58,24.42
2024-07-28 00:00:00,3.1615,75.97,24.03
2024-07-28 01:00:00,3.2088,76.24,23.76
2024-07-28 02:00:00,3.2481,76.46,23.54
2024-07-28 03:00:00,3.3159,76.83,23.17
2024-07-28 04:00:00,3.1288,75.78,24.22
2024-07-28 05:00:00,3.0717,75.44,24.56
2024-07-28 06:00:00,3.08,75.49,24.51
2024-07-28 07:00:00,3.1824,76.09,23.91
2024-07-28 08:00:00,3.2391,76.41,23.59
2024-07-28 09:00:00,3.2034,76.21,23.79
2024-07-28 10:00:00,3.1754,76.05,23.95
2024-07-28 11:00:00,3.1736,76.04,23.96
2024-07-28 12:00:00,3.3309,76.91,23.09
2024-07-28 13:00:00,3.329,76.9,23.1
2024-07-28 14:00:00,3.3253,76.88,23.12
2024-07-28 15:00:00,3.29,76.69,23.31
2024-07-28 16:00:00,3.3554,77.04,22.96
2024-07-28 17:00:00,3.3048,76.77,23.23
2024-07-28 18:00:00,3.1946,76.16,23.84
2024-07-28 19:00:00,3.1254,75.76,24.24
2024-07-28 20:00:00,3.0016,75.01,24.99
2024-07-28 21:00:00,2.858,74.08,25.92
2024-07-28 22:00:00,2.8081,73.74,26.26
2024-07-28 23:00:00,2.8153,73.79,26.21
2024-07-29 00:00:00,2.8241,73.85,26.15
2024-07-29 01:00:00,2.8986,74.35,25.65
2024-07-29 02:00:00,2.8685,74.15,25.85
2024-07-29 03:00:00,2.8805,74.23,25.77
2024-07-29 04:00:00,2.9324,74.57,25.43
2024-07-29 05:00:00,2.9401,74.62,25.38
2024-07-29 06:00:00,2.9154,74.46,25.54
2024-07-29 07:00:00,2.8595,74.09,25.91
2024-07-29 08:00:00,2.8417,73.97,26.03
2024-07-29 09:00:00,2.7355,73.23,26.77
2024-07-29 10:00:00,2.5014,71.44,28.56
2024-07-29 11:00:00,2.4518,71.03,28.97
2024-07-29 12:00:00,2.4662,71.15,28.85
2024-07-29 13:00:00,2.3311,69.98,30.02
2024-07-29 14:00:00,2.2787,69.5,30.5
2024-07-29 15:00:00,2.2852,69.56,30.44
2024-07-29 16:00:00,2.2648,69.37,30.63
2024-07-29 17:00:00,2.2227,68.97,31.03
2024-07-29 18:00:00,2.1918,68.67,31.33
2024-07-29 19:00:00,2.2258,69,31
2024-07-29 20:00:00,2.2658,69.38,30.62
2024-07-29 21:00:00,2.4953,71.39,28.61
2024-07-29 22:00:00,2.7272,73.17,26.83
2024-07-29 23:00:00,2.9386,74.61,25.39
2024-07-30 00:00:00,2.9063,74.4,25.6
2024-07-30 01:00:00,2.9401,74.62,25.38
2024-07-30 02:00:00,2.9293,74.55,25.45
2024-07-30 03:00:00,2.973,74.83,25.17
2024-07-30 04:00:00,2.937,74.6,25.4
2024-07-30 05:00:00,2.8625,74.11,25.89
2024-07-30 06:00:00,2.8168,73.8,26.2
2024-07-30 07:00:00,2.8805,74.23,25.77
2024-07-30 08:00:00,2.8358,73.93,26.07
2024-07-30 09:00:00,2.8476,74.01,25.99
2024-07-30 10:00:00,2.8536,74.05,25.95
2024-07-30 11:00:00,2.858,74.08,25.92
2024-07-30 12:00:00,2.876,74.2,25.8
2024-07-30 13:00:00,2.8926,74.31,25.69
2024-07-30 14:00:00,2.8183,73.81,26.19
2024-07-30 15:00:00,2.6711,72.76,27.24
2024-07-30 16:00:00,2.6271,72.43,27.57
2024-07-30 17:00:00,2.6536,72.63,27.37
2024-07-30 18:00:00,2.6443,72.56,27.44
2024-07-30 19:00:00,2.6127,72.32,27.68
2024-07-30 20:00:00,2.6219,72.39,27.61
2024-07-30 21:00:00,2.7836,73.57,26.43
2024-07-30 22:00:00,2.8625,74.11,25.89
2024-07-30 23:00:00,2.8625,74.11,25.89
2024-07-31 00:00:00,2.9479,74.67,25.33
2024-07-31 01:00:00,3.0193,75.12,24.88
2024-07-31 02:00:00,3.1511,75.91,24.09
2024-07-31 03:00:00,3.2662,76.56,23.44
2024-07-31 04:00:00,3.2753,76.61,23.39
2024-07-31 05:00:00,3.3048,76.77,23.23
2024-07-31 06:00:00,3.3271,76.89,23.11
2024-07-31 07:00:00,3.3497,77.01,22.99
2024-07-31 08:00:00,3.3592,77.06,22.94
2024-07-31 09:00:00,3.3478,77,23
2024-07-31 10:00:00,3.3029,76.76,23.24
2024-07-31 11:00:00,3.3103,76.8,23.2
2024-07-31 12:00:00,3.1789,76.07,23.93
2024-07-31 13:00:00,3.0733,75.45,24.55
2024-07-31 14:00:00,2.9386,74.61,25.39
2024-07-31 15:00:00,2.8565,74.07,25.93
2024-07-31 16:00:00,2.8745,74.19,25.81
2024-07-31 17:00:00,2.858,74.08,25.92
2024-07-31 18:00:00,2.8388,73.95,26.05
2024-07-31 19:00:00,2.864,74.12,25.88
2024-07-31 20:00:00,2.7355,73.23,26.77
2024-07-31 21:00:00,2.8066,73.73,26.27
2024-07-31 22:00:00,2.9093,74.42,25.58
2024-07-31 23:00:00,3.0388,75.24,24.76
2024-08-01 00:00:00,3.0274,75.17,24.83
2024-08-01 01:00:00,3.085,75.52,24.48
2024-08-01 02:00:00,3.386,77.2,22.8
2024-08-01 03:00:00,3.5767,78.15,21.85
2024-08-01 04:00:00,3.6685,78.58,21.42
2024-08-01 05:00:00,3.7214,78.82,21.18
2024-08-01 06:00:00,3.7438,78.92,21.08
2024-08-01 07:00:00,3.8193,79.25,20.75
2024-08-01 08:00:00,3.8403,79.34,20.66
2024-08-01 09:00:00,3.8356,79.32,20.68
2024-08-01 10:00:00,3.8638,79.44,20.56
2024-08-01 11:00:00,3.8804,79.51,20.49
2024-08-01 12:00:00,3.948,79.79,20.21
2024-08-01 13:00:00,3.9092,79.63,20.37
2024-08-01 14:00:00,3.9776,79.91,20.09
2024-08-01 15:00:00,4.0505,80.2,19.8
2024-08-01 16:00:00,4.0429,80.17,19.83
2024-08-01 17:00:00,3.9727,79.89,20.11
2024-08-01 18:00:00,3.9432,79.77,20.23
2024-08-01 19:00:00,3.8356,79.32,20.68
2024-08-01 20:00:00,3.7642,79.01,20.99
2024-08-01 21:00:00,3.9407,79.76,20.24
2024-08-01 22:00:00,4.1046,80.41,19.59
2024-08-01 23:00:00,4.102,80.4,19.6
2024-08-02 00:00:00,4.0454,80.18,19.82
2024-08-02 01:00:00,4.0633,80.25,19.75
2024-08-02 02:00:00,3.9776,79.91,20.09
2024-08-02 03:00:00,4.0251,80.1,19.9
2024-08-02 04:00:00,3.8591,79.42,20.58
2024-08-02 05:00:00,3.7103,78.77,21.23
2024-08-02 06:00:00,3.6125,78.32,21.68
2024-08-02 07:00:00,3.4924,77.74,22.26
2024-08-02 08:00:00,3.5413,77.98,22.02
2024-08-02 09:00:00,3.6512,78.5,21.5
2024-08-02 10:00:00,3.7103,78.77,21.23
2024-08-02 11:00:00,3.6468,78.48,21.52
2024-08-02 12:00:00,3.6083,78.3,21.7
2024-08-02 13:00:00,3.7596,78.99,21.01
2024-08-02 14:00:00,3.7847,79.1,20.9
2024-08-02 15:00:00,3.7192,78.81,21.19
2024-08-02 16:00:00,3.7755,79.06,20.94
2024-08-02 17:00:00,3.7778,79.07,20.93
2024-08-02 18:00:00,3.817,79.24,20.76
2024-08-02 19:00:00,3.8031,79.18,20.82
2024-08-02 20:00:00,3.8638,79.44,20.56
2024-08-02 21:00:00,4.184,80.71,19.29
2024-08-02 22:00:00,4.2994,81.13,18.87
2024-08-02 23:00:00,4.2056,80.79,19.21
2024-08-03 00:00:00,4.2219,80.85,19.15
2024-08-03 01:00:00,4.2219,80.85,19.15
2024-08-03 02:00:00,4.2219,80.85,19.15
2024-08-03 03:00:00,4.2329,80.89,19.11
2024-08-03 04:00:00,4.322,81.21,18.79
2024-08-03 05:00:00,4.4142,81.53,18.47
2024-08-03 06:00:00,4.4795,81.75,18.25
2024-08-03 07:00:00,4.4407,81.62,18.38
2024-08-03 08:00:00,4.5066,81.84,18.16
2024-08-03 09:00:00,4.4083,81.51,18.49
2024-08-03 10:00:00,4.5494,81.98,18.02
2024-08-03 11:00:00,4.4765,81.74,18.26
2024-08-03 12:00:00,4.5157,81.87,18.13
2024-08-03 13:00:00,4.5096,81.85,18.15
2024-08-03 14:00:00,4.4645,81.7,18.3
2024-08-03 15:00:00,4.385,81.43,18.57
2024-08-03 16:00:00,4.3447,81.29,18.71
2024-08-03 17:00:00,4.4025,81.49,18.51
2024-08-03 18:00:00,4.4377,81.61,18.39
2024-08-03 19:00:00,4.2938,81.11,18.89
2024-08-03 20:00:00,4.2083,80.8,19.2
2024-08-03 21:00:00,4.1921,80.74,19.26
2024-08-03 22:00:00,4.123,80.48,19.52
2024-08-03 23:00:00,4.5036,81.83,18.17
2024-08-04 00:00:00,4.534,81.93,18.07
2024-08-04 01:00:00,4.4915,81.79,18.21
2024-08-04 02:00:00,4.5463,81.97,18.03
2024-08-04 03:00:00,4.3821,81.42,18.58
2024-08-04 04:00:00,4.3591,81.34,18.66
2024-08-04 05:00:00,4.3505,81.31,18.69
2024-08-04 06:00:00,4.4615,81.69,18.31
2024-08-04 07:00:00,4.4615,81.69,18.31
2024-08-04 08:00:00,4.4975,81.81,18.19
2024-08-04 09:00:00,4.5188,81.88,18.12
2024-08-04 10:00:00,4.5218,81.89,18.11
2024-08-04 11:00:00,4.4975,81.81,18.19
2024-08-04 12:00:00,4.5066,81.84,18.16
2024-08-04 13:00:00,4.5036,81.83,18.17
2024-08-04 14:00:00,4.3908,81.45,18.55
2024-08-04 15:00:00,4.3619,81.35,18.65
2024-08-04 16:00:00,4.3107,81.17,18.83
2024-08-04 17:00:00,4.2002,80.77,19.23
2024-08-04 18:00:00,4.16,80.62,19.38
2024-08-04 19:00:00,4.1733,80.67,19.33
2024-08-04 20:00:00,4.1099,80.43,19.57
2024-08-04 21:00:00,4.1414,80.55,19.45
2024-08-04 22:00:00,4.0429,80.17,19.83
2024-08-04 23:00:00,4.0403,80.16,19.84
2024-08-05 00:00:00,3.9801,79.92,20.08
2024-08-05 01:00:00,4.2411,80.92,19.08
2024-08-05 02:00:00,4.3079,81.16,18.84
2024-08-05 03:00:00,4.2329,80.89,19.11
2024-08-05 04:00:00,4.1733,80.67,19.33
2024-08-05 05:00:00,4.2301,80.88,19.12
2024-08-05 06:00:00,4.0891,80.35,19.65
2024-08-05 07:00:00,3.9334,79.73,20.27
2024-08-05 08:00:00,3.1203,75.73,24.27
2024-08-05 09:00:00,3.4504,77.53,22.47
2024-08-05 10:00:00,3.3554,77.04,22.96
2024-08-05 11:00:00,3.2123,76.26,23.74
2024-08-05 12:00:00,3.2194,76.3,23.7
2024-08-05 13:00:00,3.2863,76.67,23.33
2024-08-05 14:00:00,3.1085,75.66,24.34
2024-08-05 15:00:00,3.1632,75.98,24.02
2024-08-05 16:00:00,3.1667,76,24
2024-08-05 17:00:00,3.0128,75.08,24.92
2024-08-05 18:00:00,2.9604,74.75,25.25
2024-08-05 19:00:00,3.1615,75.97,24.03
2024-08-05 20:00:00,2.8432,73.98,26.02
2024-08-05 21:00:00,2.8911,74.3,25.7
2024-08-05 22:00:00,2.8285,73.88,26.12
2024-08-05 23:00:00,2.7864,73.59,26.41
2024-08-06 00:00:00,2.8521,74.04,25.96
2024-08-06 01:00:00,2.7665,73.45,26.55
2024-08-06 02:00:00,2.9108,74.43,25.57
2024-08-06 03:00:00,2.9063,74.4,25.6
2024-08-06 04:00:00,2.861,74.1,25.9
2024-08-06 05:00:00,2.8256,73.86,26.14
2024-08-06 06:00:00,2.811,73.76,26.24
2024-08-06 07:00:00,2.937,74.6,25.4
2024-08-06 08:00:00,2.9032,74.38,25.62
2024-08-06 09:00:00,2.9401,74.62,25.38
2024-08-06 10:00:00,2.92,74.49,25.51
2024-08-06 11:00:00,2.9262,74.53,25.47
2024-08-06 12:00:00,3,75,25
2024-08-06 13:00:00,2.9108,74.43,25.57
2024-08-06 14:00:00,2.9154,74.46,25.54
2024-08-06 15:00:00,2.9185,74.48,25.52
2024-08-06 16:00:00,2.9293,74.55,25.45
2024-08-06 17:00:00,2.9078,74.41,25.59
2024-08-06 18:00:00,2.9032,74.38,25.62
2024-08-06 19:00:00,2.8551,74.06,25.94
2024-08-06 20:00:00,2.811,73.76,26.24
2024-08-06 21:00:00,2.5804,72.07,27.93
2024-08-06 22:00:00,2.651,72.61,27.39
2024-08-06 23:00:00,2.6258,72.42,27.58
2024-08-07 00:00:00,2.7272,73.17,26.83
2024-08-07 01:00:00,2.7636,73.43,26.57
2024-08-07 02:00:00,2.7879,73.6,26.4
2024-08-07 03:00:00,2.8256,73.86,26.14
2024-08-07 04:00:00,2.8226,73.84,26.16
2024-08-07 05:00:00,2.876,74.2,25.8
2024-08-07 06:00:00,2.8521,74.04,25.96
2024-08-07 07:00:00,2.9526,74.7,25.3
2024-08-07 08:00:00,2.9339,74.58,25.42
2024-08-07 09:00:00,2.917,74.47,25.53
2024-08-07 10:00:00,2.885,74.26,25.74
2024-08-07 11:00:00,2.7467,73.31,26.69
2024-08-07 12:00:00,2.7202,73.12,26.88
2024-08-07 13:00:00,2.6941,72.93,27.07
2024-08-07 14:00:00,2.6684,72.74,27.26
2024-08-07 15:00:00,2.5855,72.11,27.89
2024-08-07 16:00:00,2.5625,71.93,28.07
2024-08-07 17:00:00,2.5386,71.74,28.26
2024-08-07 18:00:00,2.6298,72.45,27.55
2024-08-07 19:00:00,2.8256,73.86,26.14
2024-08-07 20:00:00,2.8551,74.06,25.94
2024-08-07 21:00:00,2.8226,73.84,26.16
2024-08-07 22:00:00,2.8388,73.95,26.05
2024-08-07 23:00:00,2.8551,74.06,25.94
2024-08-08 00:00:00,2.9002,74.36,25.64
2024-08-08 01:00:00,2.867,74.14,25.86
2024-08-08 02:00:00,2.9032,74.38,25.62
2024-08-08 03:00:00,3.0064,75.04,24.96
2024-08-08 04:00:00,3.0388,75.24,24.76
2024-08-08 05:00:00,3.075,75.46,24.54
2024-08-08 06:00:00,3.0917,75.56,24.44
2024-08-08 07:00:00,3.1237,75.75,24.25
2024-08-08 08:00:00,3.1254,75.76,24.24
2024-08-08 09:00:00,3.1085,75.66,24.34
2024-08-08 10:00:00,2.9557,74.72,25.28
2024-08-08 11:00:00,2.9355,74.59,25.41
2024-08-08 12:00:00,3.0388,75.24,24.76
2024-08-08 13:00:00,3.0984,75.6,24.4
2024-08-08 14:00:00,3.0783,75.48,24.52
2024-08-08 15:00:00,3.0486,75.3,24.7
2024-08-08 16:00:00,3.0193,75.12,24.88
2024-08-08 17:00:00,2.9683,74.8,25.2
2024-08-08 18:00:00,2.861,74.1,25.9
2024-08-08 19:00:00,2.8124,73.77,26.23
2024-08-08 20:00:00,2.9541,74.71,25.29
2024-08-08 21:00:00,2.7425,73.28,26.72
2024-08-08 22:00:00,2.6724,72.77,27.23
2024-08-08 23:00:00,2.3715,70.34,29.66
2024-08-09 00:00:00,2.2658,69.38,30.62
2024-08-09 01:00:00,2.2,68.75,31.25
2024-08-09 02:00:00,2.2216,68.96,31.04
2024-08-09 03:00:00,2.2268,69.01,30.99
2024-08-09 04:00:00,2.4176,70.74,29.26
2024-08-09 05:00:00,2.5249,71.63,28.37
2024-08-09 06:00:00,2.4106,70.68,29.32
2024-08-09 07:00:00,2.4014,70.6,29.4
2024-08-09 08:00:00,2.34,70.06,29.94
2024-08-09 09:00:00,2.3367,70.03,29.97
2024-08-09 10:00:00,2.2916,69.62,30.38
2024-08-09 11:00:00,2.1949,68.7,31.3
2024-08-09 12:00:00,2.2237,68.98,31.02
2024-08-09 13:00:00,2.1437,68.19,31.81
2024-08-09 14:00:00,2.1676,68.43,31.57
2024-08-09 15:00:00,2.2425,69.16,30.84
2024-08-09 16:00:00,2.2185,68.93,31.07
2024-08-09 17:00:00,2.2373,69.11,30.89
2024-08-09 18:00:00,2.2457,69.19,30.81
2024-08-09 19:00:00,2.283,69.54,30.46
2024-08-09 20:00:00,2.3322,69.99,30.01
2024-08-09 21:00:00,2.6193,72.37,27.63
2024-08-09 22:00:00,2.6088,72.29,27.71
2024-08-09 23:00:00,2.659,72.67,27.33
2024-08-10 00:00:00,2.6684,72.74,27.26
2024-08-10 01:00:00,2.69,72.9,27.1
2024-08-10 02:00:00,2.7495,73.33,26.67
2024-08-10 03:00:00,2.7779,73.53,26.47
2024-08-10 04:00:00,2.8052,73.72,26.28
2024-08-10 05:00:00,2.827,73.87,26.13
2024-08-10 06:00:00,2.867,74.14,25.86
2024-08-10 07:00:00,2.8447,73.99,26.01
2024-08-10 08:00:00,2.7922,73.63,26.37
2024-08-10 09:00:00,2.7764,73.52,26.48
2024-08-10 10:00:00,2.7481,73.32,26.68
2024-08-10 11:00:00,2.7286,73.18,26.82
2024-08-10 12:00:00,2.701,72.98,27.02
2024-08-10 13:00:00,2.6805,72.83,27.17
2024-08-10 14:00:00,2.6258,72.42,27.58
2024-08-10 15:00:00,2.5149,71.55,28.45
2024-08-10 16:00:00,2.5286,71.66,28.34
2024-08-10 17:00:00,2.5125,71.53,28.47
2024-08-10 18:00:00,2.5311,71.68,28.32
2024-08-10 19:00:00,2.5051,71.47,28.53
2024-08-10 20:00:00,2.5149,71.55,28.45
2024-08-10 21:00:00,2.5638,71.94,28.06
2024-08-10 22:00:00,2.6114,72.31,27.69
2024-08-10 23:00:00,2.6496,72.6,27.4
2024-08-11 00:00:00,2.6887,72.89,27.11
2024-08-11 01:00:00,2.7439,73.29,26.71
2024-08-11 02:00:00,2.7764,73.52,26.48
2024-08-11 03:00:00,2.7864,73.59,26.41
2024-08-11 04:00:00,2.785,73.58,26.42
2024-08-11 05:00:00,2.8023,73.7,26.3
2024-08-11 06:00:00,2.8023,73.7,26.3
2024-08-11 07:00:00,2.785,73.58,26.42
2024-08-11 08:00:00,2.7608,73.41,26.59
2024-08-11 09:00:00,2.7355,73.23,26.77
2024-08-11 10:00:00,2.6941,72.93,27.07
2024-08-11 11:00:00,2.7051,73.01,26.99
2024-08-11 12:00:00,2.6536,72.63,27.37
2024-08-11 13:00:00,2.5817,72.08,27.92
2024-08-11 14:00:00,2.5386,71.74,28.26
2024-08-11 15:00:00,2.4459,70.98,29.02
2024-08-11 16:00:00,2.3256,69.93,30.07
2024-08-11 17:00:00,2.2852,69.56,30.44
2024-08-11 18:00:00,2.3091,69.78,30.22
2024-08-11 19:00:00,2.4014,70.6,29.4
2024-08-11 20:00:00,2.4904,71.35,28.65
2024-08-11 21:00:00,2.5549,71.87,28.13
2024-08-11 22:00:00,2.5224,71.61,28.39
2024-08-11 23:00:00,2.5753,72.03,27.97
2024-08-12 00:00:00,2.574,72.02,27.98
2024-08-12 01:00:00,2.5562,71.88,28.12
2024-08-12 02:00:00,2.5137,71.54,28.46
2024-08-12 03:00:00,2.5249,71.63,28.37
2024-08-12 04:00:00,2.5997,72.22,27.78
2024-08-12 05:00:00,2.6765,72.8,27.2
2024-08-12 06:00:00,2.6996,72.97,27.03
2024-08-12 07:00:00,2.6751,72.79,27.21
2024-08-12 08:00:00,2.6914,72.91,27.09
2024-08-12 09:00:00,2.7175,73.1,26.9
2024-08-12 10:00:00,2.7341,73.22,26.78
2024-08-12 11:00:00,2.7481,73.32,26.68
2024-08-12 12:00:00,2.7495,73.33,26.67
2024-08-12 13:00:00,2.7216,73.13,26.87
2024-08-12 14:00:00,2.8037,73.71,26.29
2024-08-12 15:00:00,2.7707,73.48,26.52
2024-08-12 16:00:00,2.6969,72.95,27.05
2024-08-12 17:00:00,2.5817,72.08,27.92
2024-08-12 18:00:00,2.4566,71.07,28.93
2024-08-12 19:00:00,2.3289,69.96,30.04
2024-08-12 20:00:00,2.2415,69.15,30.85
2024-08-12 21:00:00,2.2563,69.29,30.71
2024-08-12 22:00:00,2.3647,70.28,29.72
2024-08-12 23:00:00,2.3113,69.8,30.2
2024-08-13 00:00:00,2.3179,69.86,30.14
2024-08-13 01:00:00,2.3322,69.99,30.01
2024-08-13 02:00:00,2.3456,70.11,29.89
2024-08-13 03:00:00,2.2637,69.36,30.64
2024-08-13 04:00:00,2.2712,69.43,30.57
2024-08-13 05:00:00,2.2092,68.84,31.16
2024-08-13 06:00:00,2.2436,69.17,30.83
2024-08-13 07:00:00,2.2331,69.07,30.93
2024-08-13 08:00:00,2.1766,68.52,31.48
2024-08-13 09:00:00,2.1636,68.39,31.61
2024-08-13 10:00:00,2.349,70.14,29.86
2024-08-13 11:00:00,2.4965,71.4,28.6
2024-08-13 12:00:00,2.5162,71.56,28.44
2024-08-13 13:00:00,2.5676,71.97,28.03
2024-08-13 14:00:00,2.5881,72.13,27.87
2024-08-13 15:00:00,2.6232,72.4,27.6
2024-08-13 16:00:00,2.6049,72.26,27.74
2024-08-13 17:00:00,2.6403,72.53,27.47
2024-08-13 18:00:00,2.667,72.73,27.27
2024-08-13 19:00:00,2.6969,72.95,27.05
2024-08-13 20:00:00,2.6603,72.68,27.32
2024-08-13 21:00:00,2.6711,72.76,27.24
2024-08-13 22:00:00,2.643,72.55,27.45
2024-08-13 23:00:00,2.4518,71.03,28.97
2024-08-14 00:00:00,2.199,68.74,31.26
2024-08-14 01:00:00,2.1309,68.06,31.94
2024-08-14 02:00:00,2.1309,68.06,31.94
2024-08-14 03:00:00,2.1211,67.96,32.04
2024-08-14 04:00:00,2.0883,67.62,32.38
2024-08-14 05:00:00,2.0628,67.35,32.65
2024-08-14 06:00:00,2.0902,67.64,32.36
2024-08-14 07:00:00,2.0817,67.55,32.45
2024-08-14 08:00:00,2.0731,67.46,32.54
2024-08-14 09:00:00,2.0544,67.26,32.74
2024-08-14 10:00:00,2.0012,66.68,33.32
2024-08-14 11:00:00,1.9665,66.29,33.71
2024-08-14 12:00:00,1.8694,65.15,34.85
2024-08-14 13:00:00,1.8944,65.45,34.55
2024-08-14 14:00:00,1.9257,65.82,34.18
2024-08-14 15:00:00,1.9087,65.62,34.38
2024-08-14 16:00:00,1.9412,66,34
2024-08-14 17:00:00,1.942,66.01,33.99
2024-08-14 18:00:00,1.9869,66.52,33.48
2024-08-14 19:00:00,2.034,67.04,32.96
2024-08-14 20:00:00,2.2446,69.18,30.82
2024-08-14 21:00:00,2.659,72.67,27.33
2024-08-14 22:00:00,2.6258,72.42,27.58
2024-08-14 23:00:00,2.6792,72.82,27.18
2024-08-15 00:00:00,2.6941,72.93,27.07
2024-08-15 01:00:00,2.6982,72.96,27.04
2024-08-15 02:00:00,2.6778,72.81,27.19
2024-08-15 03:00:00,2.6778,72.81,27.19
2024-08-15 04:00:00,2.6603,72.68,27.32
2024-08-15 05:00:00,2.6846,72.86,27.14
2024-08-15 06:00:00,2.6805,72.83,27.17
2024-08-15 07:00:00,2.6982,72.96,27.04
2024-08-15 08:00:00,2.712,73.06,26.94
2024-08-15 09:00:00,2.7092,73.04,26.96
2024-08-15 10:00:00,2.7189,73.11,26.89
2024-08-15 11:00:00,2.73,73.19,26.81
2024-08-15 12:00:00,2.7836,73.57,26.43
2024-08-15 13:00:00,2.758,73.39,26.61
2024-08-15 14:00:00,2.8197,73.82,26.18
2024-08-15 15:00:00,2.9432,74.64,25.36
2024-08-15 16:00:00,2.9588,74.74,25.26
2024-08-15 17:00:00,2.8971,74.34,25.66
2024-08-15 18:00:00,3.0161,75.1,24.9
2024-08-15 19:00:00,2.9888,74.93,25.07
2024-08-15 20:00:00,2.9573,74.73,25.27
2024-08-15 21:00:00,2.8956,74.33,25.67
2024-08-15 22:00:00,2.7495,73.33,26.67
2024-08-15 23:00:00,2.7736,73.5,26.5
2024-08-16 00:00:00,2.7764,73.52,26.48
2024-08-16 01:00:00,3.1034,75.63,24.37
2024-08-16 02:00:00,3.1374,75.83,24.17
2024-08-16 03:00:00,3.1494,75.9,24.1
2024-08-16 04:00:00,3.2827,76.65,23.35
2024-08-16 05:00:00,3.1964,76.17,23.83
2024-08-16 06:00:00,3.1391,75.84,24.16
2024-08-16 07:00:00,3.1408,75.85,24.15
2024-08-16 08:00:00,3.1118,75.68,24.32
2024-08-16 09:00:00,3.1964,76.17,23.83
2024-08-16 10:00:00,3.1494,75.9,24.1
2024-08-16 11:00:00,3.1736,76.04,23.96
2024-08-16 12:00:00,3.065,75.4,24.6
2024-08-16 13:00:00,2.9494,74.68,25.32
2024-08-16 14:00:00,2.8344,73.92,26.08
2024-08-16 15:00:00,2.6955,72.94,27.06
2024-08-16 16:00:00,2.6298,72.45,27.55
2024-08-16 17:00:00,2.5997,72.22,27.78
2024-08-16 18:00:00,2.453,71.04,28.96
2024-08-16 19:00:00,2.5689,71.98,28.02
2024-08-16 20:00:00,2.6523,72.62,27.38
2024-08-16 21:00:00,2.6928,72.92,27.08
2024-08-16 22:00:00,2.8124,73.77,26.23
2024-08-16 23:00:00,2.7286,73.18,26.82
2024-08-17 00:00:00,2.8023,73.7,26.3
2024-08-17 01:00:00,2.6603,72.68,27.32
2024-08-17 02:00:00,2.6364,72.5,27.5
2024-08-17 03:00:00,2.5881,72.13,27.87
2024-08-17 04:00:00,2.6245,72.41,27.59
2024-08-17 05:00:00,2.6443,72.56,27.44
2024-08-17 06:00:00,2.6765,72.8,27.2
2024-08-17 07:00:00,2.7355,73.23,26.77
2024-08-17 08:00:00,2.7538,73.36,26.64
2024-08-17 09:00:00,2.7893,73.61,26.39
2024-08-17 10:00:00,2.7566,73.38,26.62
2024-08-17 11:00:00,2.8052,73.72,26.28
2024-08-17 12:00:00,2.7908,73.62,26.38
2024-08-17 13:00:00,2.7679,73.46,26.54
2024-08-17 14:00:00,2.7879,73.6,26.4
2024-08-17 15:00:00,2.7779,73.53,26.47
2024-08-17 16:00:00,2.8344,73.92,26.08
2024-08-17 17:00:00,2.8314,73.9,26.1
2024-08-17 18:00:00,2.8241,73.85,26.15
2024-08-17 19:00:00,2.8402,73.96,26.04
2024-08-17 20:00:00,2.8432,73.98,26.02
2024-08-17 21:00:00,2.8358,73.93,26.07
2024-08-17 22:00:00,2.8256,73.86,26.14
2024-08-17 23:00:00,2.7244,73.15,26.85
2024-08-18 00:00:00,2.7175,73.1,26.9
2024-08-18 01:00:00,2.7216,73.13,26.87
2024-08-18 02:00:00,2.7397,73.26,26.74
2024-08-18 03:00:00,2.7383,73.25,26.75
2024-08-18 04:00:00,2.7651,73.44,26.56
2024-08-18 05:00:00,2.7552,73.37,26.63
2024-08-18 06:00:00,2.7651,73.44,26.56
2024-08-18 07:00:00,2.7538,73.36,26.64
2024-08-18 08:00:00,2.7707,73.48,26.52
2024-08-18 09:00:00,2.7037,73,27
2024-08-18 10:00:00,2.8153,73.79,26.21
2024-08-18 11:00:00,2.8551,74.06,25.94
2024-08-18 12:00:00,2.8536,74.05,25.95
2024-08-18 13:00:00,2.8521,74.04,25.96
2024-08-18 14:00:00,2.8358,73.93,26.07
2024-08-18 15:00:00,2.8066,73.73,26.27
2024-08-18 16:00:00,2.6576,72.66,27.34
2024-08-18 17:00:00,2.4892,71.34,28.66
2024-08-18 18:00:00,2.4868,71.32,28.68
2024-08-18 19:00:00,2.459,71.09,28.91
2024-08-18 20:00:00,2.3535,70.18,29.82
2024-08-18 21:00:00,2.367,70.3,29.7
2024-08-18 22:00:00,2.3715,70.34,29.66
2024-08-18 23:00:00,2.3602,70.24,29.76
2024-08-19 00:00:00,2.4002,70.59,29.41
2024-08-19 01:00:00,2.4002,70.59,29.41
2024-08-19 02:00:00,2.4014,70.6,29.4
2024-08-19 03:00:00,2.3887,70.49,29.51
2024-08-19 04:00:00,2.4223,70.78,29.22
2024-08-19 05:00:00,2.4106,70.68,29.32
2024-08-19 06:00:00,2.5174,71.57,28.43
2024-08-19 07:00:00,2.659,72.67,27.33
2024-08-19 08:00:00,2.6496,72.6,27.4
2024-08-19 09:00:00,2.659,72.67,27.33
2024-08-19 10:00:00,2.6127,72.32,27.68
2024-08-19 11:00:00,2.5855,72.11,27.89
2024-08-19 12:00:00,2.6166,72.35,27.65
2024-08-19 13:00:00,2.6684,72.74,27.26
2024-08-19 14:00:00,2.7736,73.5,26.5
2024-08-19 15:00:00,2.7807,73.55,26.45
2024-08-19 16:00:00,2.9604,74.75,25.25
2024-08-19 17:00:00,3.0371,75.23,24.77
2024-08-19 18:00:00,3.1034,75.63,24.37
2024-08-19 19:00:00,3.0683,75.42,24.58
2024-08-19 20:00:00,3.0783,75.48,24.52
2024-08-19 21:00:00,3.1322,75.8,24.2
2024-08-19 22:00:00,3.1425,75.86,24.14
2024-08-19 23:00:00,3.1322,75.8,24.2
2024-08-20 00:00:00,3.0783,75.48,24.52
2024-08-20 01:00:00,3.0519,75.32,24.68
2024-08-20 02:00:00,3.0584,75.36,24.64
2024-08-20 03:00:00,2.9952,74.97,25.03
