2024-06-20 03:00:00,1024421.584,1028621.644,1024196.895,1026169.038
2024-06-20 04:00:00,1026181.467,1032276.577,1026178.549,1031903.439
2024-06-20 05:00:00,1031827.747,1032270.588,1031202.234,1031242.855
2024-06-20 06:00:00,1031232.634,1031395.556,1028674.98,1029104.59
2024-06-20 07:00:00,1029129.916,1030786.362,1021343.469,1021629.752
2024-06-20 08:00:00,1021773.73,1022111.195,1012895.814,1016426.481
2024-06-20 09:00:00,1016471.2,1017266.295,1016391.72,1016851.823
2024-06-20 10:00:00,1016841.773,1029949.947,1016650.075,1029851.928
2024-06-20 11:00:00,1029900.586,1033943.274,1029899.871,1033912.32
2024-06-20 12:00:00,1033886.395,1041704.855,1033709.385,1041372.735
2024-06-20 13:00:00,1041401.787,1048068.352,1041401.787,1047325.594
2024-06-20 14:00:00,1047321.684,1047332.298,1042638.827,1043646.427
2024-06-20 15:00:00,1043612.576,1045031.952,1038849.818,1038993.228
2024-06-20 16:00:00,1039006.874,1040339.518,1036461.774,1040339.518
2024-06-20 17:00:00,1040402.14,1048202.703,1040402.14,1046949.645
2024-06-20 18:00:00,1046996.137,1048083.689,1042394.647,1044021.899
2024-06-20 19:00:00,1044038.23,1044056.578,1004292.688,1006352.325
2024-06-20 20:00:00,1006353.426,1011956.507,1004027.277,1011864.907
2024-06-20 21:00:00,1011872.064,1012126.859,1001734.033,1001735.753
2024-06-20 22:00:00,1001718.313,1005680.139,999578.418,1003801.962
2024-06-20 23:00:00,1003799.637,1003906.185,1001375.31,1001529.338
2024-06-21 00:00:00,1001504.887,1003014.257,998921.831,998992.633
2024-06-21 01:00:00,998971.625,999053.871,992719.84,992768.434
2024-06-21 02:00:00,992772.391,993808.271,992399.72,993277.943
2024-06-21 03:00:00,993250.88,993356.329,990805.273,991001.563
2024-06-21 04:00:00,991000.919,994443.522,990854.841,994401.232
2024-06-21 05:00:00,994377.386,997598.316,994292.224,997547.245
2024-06-21 06:00:00,997558.976,1001596.433,997558.729,999912.688
2024-06-21 07:00:00,999997.091,1001326.285,998661.243,1000738.103
2024-06-21 08:00:00,1000729.039,1002281.211,998308.21,998311.806
2024-06-21 09:00:00,998305.251,998749.634,996625.916,997125.076
2024-06-21 10:00:00,997120.548,998177.034,996556.478,998169.559
2024-06-21 11:00:00,998166.998,1000325.819,998129.418,999230.854
2024-06-21 12:00:00,999190.791,1000071.247,998406.35,999183.116
2024-06-21 13:00:00,999196.755,1006018.773,998634.585,1005229.905
2024-06-21 14:00:00,1005233.548,1012971.254,1005073.787,1008969.61
2024-06-21 15:00:00,1009029.105,1025484.74,1006076.476,1019374.686
2024-06-21 16:00:00,1019392.131,1019928.38,1012780.364,1017523.156
2024-06-21 17:00:00,1017561.593,1019949.829,1016898.843,1019273.443
2024-06-21 18:00:00,1019303.011,1019719.777,1013455.874,1017482.596
2024-06-21 19:00:00,1017480.594,1020296.404,1014301.465,1019294.033
2024-06-21 20:00:00,1019301.886,1033861.489,1018998.79,1033484.462
2024-06-21 21:00:00,1033481.824,1038195.5,1027118.724,1027635.099
2024-06-21 22:00:00,1027615.182,1028130.72,1025332.345,1025718.727
2024-06-21 23:00:00,1025704.419,1026545.175,1020208.556,1020329.798
2024-06-22 00:00:00,1020304.825,1020649.457,1018075.614,1019865.119
2024-06-22 01:00:00,1019823.511,1021290.833,1018117.605,1018765.713
2024-06-22 02:00:00,1018694.703,1020462.644,1016554.263,1016607.973
2024-06-22 03:00:00,1016615.578,1016624.103,1005102.414,1005852.987
2024-06-22 04:00:00,1005850.913,1008550.972,1005751.978,1008000.052
2024-06-22 05:00:00,1008040.011,1008865.646,1007505.824,1008847.181
2024-06-22 06:00:00,1008846.208,1009279.437,1005520.652,1006501.568
2024-06-22 07:00:00,1006448.936,1006464.777,1003275.224,1004114.2
2024-06-22 08:00:00,1004101.195,1005730.634,1003856.934,1004783.582
2024-06-22 09:00:00,1004803.86,1005342.69,1003620.791,1003743.722
2024-06-22 10:00:00,1003739.7,1003781.073,1002833.165,1003688.514
2024-06-22 11:00:00,1003689.167,1005352.962,1003212.836,1005341.386
2024-06-22 12:00:00,1005346.125,1007084.931,1005177.813,1007080.209
2024-06-22 13:00:00,1007003.174,1007329.555,1000738.473,1000832.075
2024-06-22 14:00:00,1000843.972,1000850.617,989802.786,990025.002
2024-06-22 15:00:00,989801.316,991898.864,987120.131,987517.255
2024-06-22 16:00:00,987492.608,987553.398,986507.378,987304.131
2024-06-22 17:00:00,987307.646,987307.646,986774.966,986774.966
2024-06-22 18:00:00,986758.257,987039.765,985894.276,985978.821
2024-06-22 19:00:00,985989.268,990848.071,984974.729,987369.751
2024-06-22 20:00:00,987351.833,992414.405,987290.465,992065.375
2024-06-22 21:00:00,992041.314,992494.442,990996.777,992494.442
2024-06-22 22:00:00,992463.837,992673.7,989687.347,989732.691
2024-06-22 23:00:00,989682.754,990410.799,989425.534,989437.858
2024-06-23 00:00:00,989436.921,990298.971,989283.88,990151.989
2024-06-23 01:00:00,990171.689,990843.473,983087.207,983257.348
2024-06-23 02:00:00,983241.047,985044.956,982884.355,982897.613
2024-06-23 03:00:00,982658.482,982659.16,977807.063,977968.098
2024-06-23 04:00:00,977974.248,978495.45,977468.072,978212.208
2024-06-23 05:00:00,978210.465,979220.579,978157.833,978254.478
2024-06-23 06:00:00,978282.972,979367.412,977378.279,977544.761
2024-06-23 07:00:00,977538.585,977779.518,976416.9,976925.506
2024-06-23 08:00:00,976981.845,978233.568,976588.664,978036.557
2024-06-23 09:00:00,977716.189,982211.93,977614.104,982186.776
2024-06-23 10:00:00,982130.049,983642.49,982130.049,983022.896
2024-06-23 11:00:00,983061.517,983847.38,982564.926,983326.793
2024-06-23 12:00:00,983313.632,983657.964,981865.022,981895.597
2024-06-23 13:00:00,981905.173,982946.2,981848.461,982897.258
2024-06-23 14:00:00,982897.533,983859.785,982292.27,983708.226
2024-06-23 15:00:00,983688.044,984292.917,981602.904,982892.258
2024-06-23 16:00:00,982904.218,983565.313,982336.052,982672.598
2024-06-23 17:00:00,982691.542,983009.453,981414.715,982612.37
2024-06-23 18:00:00,982706.918,984487.346,982690.701,984355.382
2024-06-23 19:00:00,984356.142,986412.204,983901.826,985015.961
2024-06-23 20:00:00,984931.696,986567.276,982352.562,983487.151
2024-06-23 21:00:00,982851.97,982945.335,977203.002,982945.335
2024-06-23 22:00:00,982953.019,988005.114,982886.762,987393.293
2024-06-23 23:00:00,987430.51,992208.745,987235.69,992100.19
2024-06-24 00:00:00,992142.733,993718.185,992142.733,993269.141
2024-06-24 01:00:00,993264.918,994872.315,993264.918,994536.178
2024-06-24 02:00:00,994549.375,994549.375,975519.368,984787.8
2024-06-24 03:00:00,984797.152,987638.983,981355.469,987638.983
2024-06-24 04:00:00,987690.447,993377.713,986958.976,990819.594
2024-06-24 05:00:00,990826.619,996293.994,990826.619,995246.827
2024-06-24 06:00:00,995227.994,1001890.32,995227.994,1001832.05
2024-06-24 07:00:00,1001799.57,1003550.09,1001540.836,1001903.54
2024-06-24 08:00:00,1001992.042,1009691.615,1000889.091,1004098.272
2024-06-24 09:00:00,1004085.469,1005086.868,1001295.219,1003203.219
2024-06-24 10:00:00,1003317.786,1009938.544,1003147.322,1009938.544
2024-06-24 11:00:00,1009908.746,1016295.597,1007588.767,1015758.842
2024-06-24 12:00:00,1015856.83,1022735.809,1012814.865,1021800.541
2024-06-24 13:00:00,1021739.689,1026639.375,1021679.57,1025047.199
2024-06-24 14:00:00,1025024.5,1028098.525,1022572.321,1024179.047
2024-06-24 15:00:00,1024211.664,1026661.818,998307.978,999093.426
2024-06-24 16:00:00,999147.533,1001719.755,996637.117,996914.135
2024-06-24 17:00:00,996903.93,999699.46,996419.527,996625.043
2024-06-24 18:00:00,996669.545,996782.493,992168.382,993834.997
2024-06-24 19:00:00,993703.321,1001024.24,992950.947,1000743.84
2024-06-24 20:00:00,1000770.77,1005824.987,1000695.194,1005165.759
2024-06-24 21:00:00,1005109.677,1010785.164,1004469.058,1006077.276
2024-06-24 22:00:00,1006074.131,1014009.021,1005935.379,1011383.803
2024-06-24 23:00:00,1011293.066,1017461.472,1009197.817,1017032.978
2024-06-25 00:00:00,1017063.166,1018371.488,1013707.563,1014720.248
2024-06-25 01:00:00,1014847.99,1015681.788,1011362.018,1011667.52
2024-06-25 02:00:00,1011394.476,1016263.569,1000028.293,1005822.089
2024-06-25 03:00:00,1005815.558,1007036.019,994918.162,1003499.1
2024-06-25 04:00:00,1003686.21,1032616.94,1003686.21,1032075.705
2024-06-25 05:00:00,1032118.132,1035341.59,1030838.135,1030842.396
2024-06-25 06:00:00,1030850.764,1030866.761,1026290.552,1027881.249
2024-06-25 07:00:00,1027879.424,1029704.186,1024709.986,1029605.085
2024-06-25 08:00:00,1029642.017,1030353.616,1027743.883,1028324.837
2024-06-25 09:00:00,1028368.775,1028368.775,1013198.519,1013198.519
2024-06-25 10:00:00,1013166.821,1013559.261,1011958.232,1013429.389
2024-06-25 11:00:00,1013423.158,1014360.954,1004379.672,1004540.377
2024-06-25 12:00:00,1004519.576,1006004.719,1003470.985,1006004.719
2024-06-25 13:00:00,1006105.053,1007167.664,1003633.273,1004265.525
2024-06-25 14:00:00,1004127.026,1009316.414,1004127.026,1009286.565
2024-06-25 15:00:00,1009294.734,1015798.547,1009272.177,1015586.931
2024-06-25 16:00:00,1015561.249,1017432.281,1015287.675,1017432.281
2024-06-25 17:00:00,1017541.273,1018812.109,1016805.821,1018218.975
2024-06-25 18:00:00,1018209.86,1018613.627,1016726.503,1017320.488
2024-06-25 19:00:00,1017319.061,1020329.408,1016820.997,1018785.067
2024-06-25 20:00:00,1018673.503,1020288.201,1014894.373,1017430.414
2024-06-25 21:00:00,1017431.558,1019610.384,1010677.664,1012216.527
2024-06-25 22:00:00,1012216.921,1013722.918,1005458.02,1006175.525
2024-06-25 23:00:00,1006193.784,1008699.852,1005969.801,1008248.36
2024-06-26 00:00:00,1008196.216,1013991.035,1006785.523,1010428.383
2024-06-26 01:00:00,1010460.498,1011100.343,1005295.879,1006348.078
2024-06-26 02:00:00,1006386.13,1007431.28,1004924.776,1004924.776
2024-06-26 03:00:00,1004848.586,1004848.586,1001895.515,1003192.259
2024-06-26 04:00:00,1003181.581,1008318.954,1003181.581,1008310.679
2024-06-26 05:00:00,1008288.327,1010216.474,1006636.461,1009989.558
2024-06-26 06:00:00,1009994.598,1010052.642,1007600.176,1008645.789
2024-06-26 07:00:00,1008667.421,1014912.276,1007996.884,1012929.838
2024-06-26 08:00:00,1012871.053,1014091.41,1007862.727,1007862.965
2024-06-26 09:00:00,1007810.027,1007810.027,1004626.17,1007012.086
2024-06-26 10:00:00,1007018.668,1008149.628,1006340.762,1007462.967
2024-06-26 11:00:00,1007600.735,1008325.061,1003546.552,1005319.044
2024-06-26 12:00:00,1005290.246,1005804.273,1004561.664,1005252.652
2024-06-26 13:00:00,1005265.085,1008113.404,1005248.282,1008110.537
2024-06-26 14:00:00,1008127.91,1008593.278,1003871.991,1005448.017
2024-06-26 15:00:00,1005383.583,1005905.949,1002600.473,1005905.949
2024-06-26 16:00:00,1005889.799,1006683.013,1004102.369,1006671.21
2024-06-26 17:00:00,1006671.296,1008143.439,1006494.716,1008087.83
2024-06-26 18:00:00,1008029.597,1009586.464,1007556.203,1009551.245
2024-06-26 19:00:00,1009511.438,1013756.531,1009436.136,1011365.404
2024-06-26 20:00:00,1011403.327,1014402.349,1009688.721,1013273.492
2024-06-26 21:00:00,1013247.543,1017902.426,1010511.455,1010602.572
2024-06-26 22:00:00,1010626.334,1010844.826,1007752.446,1010694.284
2024-06-26 23:00:00,1010699.068,1020967.423,1007149.108,1020897.539
2024-06-27 00:00:00,1021367.713,1026807.695,1017984.947,1026488.414
2024-06-27 01:00:00,1026511.503,1027834.034,1012865.432,1012865.432
2024-06-27 02:00:00,1012863.398,1017309.022,1011975.318,1015812.163
2024-06-27 03:00:00,1015852.879,1016340.078,1014016.579,1014953.775
2024-06-27 04:00:00,1014952.261,1018466.64,1014952.261,1017662.29
2024-06-27 05:00:00,1017632.482,1017665.815,1014162.476,1014948.464
2024-06-27 06:00:00,1014936.544,1016915.826,1013387.84,1014102.137
2024-06-27 07:00:00,1014124.194,1018191.037,1013604.335,1018191.037
2024-06-27 08:00:00,1018182.863,1021286.994,1017607.103,1020320.486
2024-06-27 09:00:00,1020319.158,1021106.233,1017647.131,1018391.196
2024-06-27 10:00:00,1018390.276,1023307.846,1018390.276,1022493.079
2024-06-27 11:00:00,1022439.889,1022509.573,1019247.438,1019247.438
2024-06-27 12:00:00,1019246.629,1019726.56,1017844.011,1019722.883
2024-06-27 13:00:00,1019721.378,1025210.403,1019489.071,1024074.459
2024-06-27 14:00:00,1024079.917,1025546.442,1023589.945,1025352.981
2024-06-27 15:00:00,1025357.447,1029858.356,1025256.383,1029632.058
2024-06-27 16:00:00,1029627.619,1037080.751,1029353.515,1036491.424
2024-06-27 17:00:00,1036523.875,1038438.41,1036290.176,1037610.837
2024-06-27 18:00:00,1037613.213,1060459.216,1037551.995,1060459.216
2024-06-27 19:00:00,1060530.683,1061812.851,1054796.67,1056258.22
2024-06-27 20:00:00,1056088.563,1056974.551,1053845.276,1054896.796
2024-06-27 21:00:00,1054859.611,1055125.712,1044373.476,1044531.037
2024-06-27 22:00:00,1044537.513,1046949.477,1042747.834,1044983.255
2024-06-27 23:00:00,1044975.886,1046436.14,1044377.142,1045019.99
2024-06-28 00:00:00,1045028.975,1046070.467,1043695.564,1046046.036
2024-06-28 01:00:00,1046096.404,1046913.515,1045636.614,1046913.515
2024-06-28 02:00:00,1047008.043,1047044.889,1041711.169,1041711.169
2024-06-28 03:00:00,1041746.724,1042427.31,1041168.47,1042426.416
2024-06-28 04:00:00,1042424.835,1046420.883,1042424.835,1046213.563
2024-06-28 05:00:00,1046211.596,1048060.545,1046134.331,1047193.851
2024-06-28 06:00:00,1047159.203,1047164.454,1045407.708,1045591.225
2024-06-28 07:00:00,1045568.66,1050717.845,1045051.52,1049909.093
2024-06-28 08:00:00,1049032.036,1050873.815,1039742.168,1042170.523
2024-06-28 09:00:00,1042222.703,1045248.917,1041917.013,1043914.266
2024-06-28 10:00:00,1043918.236,1049152.22,1043910.912,1049090.017
2024-06-28 11:00:00,1049082.62,1051697.484,1048969.354,1051280.641
2024-06-28 12:00:00,1051274.02,1051407.347,1050623.487,1050853.326
2024-06-28 13:00:00,1050870.197,1056948.718,1049914.778,1055213.22
2024-06-28 14:00:00,1055202.46,1055724.175,1042487.269,1043516.743
2024-06-28 15:00:00,1043494.45,1043966.237,1042455.41,1042455.41
2024-06-28 16:00:00,1042497.197,1044327.637,1042497.197,1043514.538
2024-06-28 17:00:00,1043506.165,1046811.741,1043338.805,1046793.201
2024-06-28 18:00:00,1046701.05,1048146.619,1043473.614,1044602.819
2024-06-28 19:00:00,1044605.262,1048322.583,1043012.679,1044476.707
2024-06-28 20:00:00,1044417.715,1049211.424,1038694.069,1040529.637
2024-06-28 21:00:00,1040553.57,1046900.217,1040553.57,1042946.155
2024-06-28 22:00:00,1042895.581,1048355.555,1042338.746,1043386.945
2024-06-28 23:00:00,1043396.06,1048662.334,1043396.06,1047697.228
2024-06-29 00:00:00,1047704.323,1050300.806,1047485.462,1050300.806
2024-06-29 01:00:00,1050460.722,1051166.394,1044565.331,1044565.331
2024-06-29 02:00:00,1044674.658,1045220.793,1041011.566,1041011.566
2024-06-29 03:00:00,1041028.53,1041028.53,1038905.313,1039601.038
2024-06-29 04:00:00,1039595.456,1040810.331,1038736.699,1040763.588
2024-06-29 05:00:00,1040781.375,1042767.486,1039673.55,1042764.852
2024-06-29 06:00:00,1042761.603,1046205.851,1042287.698,1045876.963
2024-06-29 07:00:00,1045879.467,1046984.977,1044778.217,1045022.227
2024-06-29 08:00:00,1045027.668,1045153.891,1037730.709,1038639.54
2024-06-29 09:00:00,1038520.415,1042755.512,1038258.647,1042537.851
2024-06-29 10:00:00,1042511.706,1045167.531,1041652.329,1045019.916
2024-06-29 11:00:00,1044997.091,1045485.483,1044688.763,1044930.039
2024-06-29 12:00:00,1044933.743,1045901.149,1044530.684,1045801.158
2024-06-29 13:00:00,1045876.035,1046438.762,1041505.165,1041505.165
2024-06-29 14:00:00,1041494.319,1041803.103,1039688.236,1040791.59
2024-06-29 15:00:00,1040795.846,1042554.805,1040787.373,1041954.295
2024-06-29 16:00:00,1041965.31,1042307.393,1041356.568,1042257.051
2024-06-29 17:00:00,1042252.12,1043498.261,1042061.202,1042522.38
2024-06-29 18:00:00,1042579.709,1042902.809,1040151.143,1040572.743
2024-06-29 19:00:00,1040575.834,1041079.121,1039048.295,1039048.295
2024-06-29 20:00:00,1039047.942,1039591.174,1037361.707,1038897.752
2024-06-29 21:00:00,1038880.073,1041543.538,1038855.588,1041402.394
2024-06-29 22:00:00,1040616.783,1041364.362,1040378.663,1041322.248
2024-06-29 23:00:00,1041324.012,1041415.258,1041006.986,1041236.65
2024-06-30 00:00:00,1041235.377,1042643.563,1041225.68,1042483.614
2024-06-30 01:00:00,1042477.243,1042878.119,1041299.717,1042294.133
2024-06-30 02:00:00,1042294.039,1042322.513,1040320.373,1040823.231
2024-06-30 03:00:00,1040814.378,1040902.678,1039096.685,1039182.697
2024-06-30 04:00:00,1039182.627,1042136.71,1038909.476,1039990.569
2024-06-30 05:00:00,1040040.187,1040240.196,1039684.659,1039712.247
2024-06-30 06:00:00,1039753.97,1039879.782,1036863.739,1036863.739
2024-06-30 07:00:00,1036853.186,1038632.287,1035653.284,1038062.954
2024-06-30 08:00:00,1038060.131,1038738.886,1025311.895,1025335.293
2024-06-30 09:00:00,1025396.601,1025396.601,1022688.915,1023550.408
2024-06-30 10:00:00,1023506.085,1025167.106,1023467.598,1024889.691
2024-06-30 11:00:00,1024885.609,1026911.139,1024726.117,1026091.281
2024-06-30 12:00:00,1026094.638,1026449.035,1024931.75,1026358.727
2024-06-30 13:00:00,1026336.891,1026712.339,1019988.143,1021081.63
2024-06-30 14:00:00,1021125.332,1021485.77,1019715.045,1021362.391
2024-06-30 15:00:00,1021339.158,1022043.483,1020623.253,1020934.114
2024-06-30 16:00:00,1020999.683,1022241.05,1020797.626,1021664.958
2024-06-30 17:00:00,1021659.352,1022177.778,1020817.908,1021224.948
2024-06-30 18:00:00,1021210.677,1022839.6,1020040.364,1020374.529
2024-06-30 19:00:00,1020373.983,1022846.551,1020373.983,1022537.133
2024-06-30 20:00:00,1022555.731,1025077.169,1021470.449,1025069.999
2024-06-30 21:00:00,1025069.864,1026563.299,1025034.342,1025442.706
2024-06-30 22:00:00,1025441.381,1025763.116,1023290.995,1023359.451
2024-06-30 23:00:00,1023337.102,1023950.12,1017164.481,1017197.473
2024-07-01 00:00:00,1017203.085,1019516.119,1017016.87,1018410.81
2024-07-01 01:00:00,1018396.725,1026711.432,1018363.123,1026684.973
2024-07-01 02:00:00,1026673,1032755.144,1026669.158,1030527.855
2024-07-01 03:00:00,1030347.628,1030347.628,1024555.465,1025544.683
2024-07-01 04:00:00,1025673.359,1028081.457,1022584.601,1024371.376
2024-07-01 05:00:00,1024464.026,1026278.364,1021780.786,1021903.24
2024-07-01 06:00:00,1021934.434,1024914.036,1021143.521,1024913.594
2024-07-01 07:00:00,1024930.068,1032673.416,1022429.67,1023669.328
2024-07-01 08:00:00,1023667.424,1027076.564,1016082.428,1018736.339
2024-07-01 09:00:00,1018711.832,1022015.833,1018608.848,1022015.723
2024-07-01 10:00:00,1021987.345,1022493.616,1019017.663,1019037.793
2024-07-01 11:00:00,1019038.333,1019055.596,1015583.648,1017036.121
2024-07-01 12:00:00,1017014.433,1017134.138,1014642.461,1017109.354
2024-07-01 13:00:00,1017113.227,1019866.424,1016197.818,1019852.035
2024-07-01 14:00:00,1019862.318,1024726.368,1019786.827,1024518.243
2024-07-01 15:00:00,1024527.328,1029481.485,1024522.138,1029460.501
2024-07-01 16:00:00,1029453.533,1030383.944,1027219.679,1027750.797
2024-07-01 17:00:00,1027757.012,1029376.943,1027342.944,1029246.354
2024-07-01 18:00:00,1029245.15,1029423.121,1027171.343,1028058.6
2024-07-01 19:00:00,1028058.286,1031027.307,1027977.626,1029520.296
2024-07-01 20:00:00,1029451.554,1034846.732,1029173.671,1034667.818
2024-07-01 21:00:00,1034651.53,1035800.012,1032388.785,1034974.756
2024-07-01 22:00:00,1034974.532,1036362.695,1033772.497,1034246.581
2024-07-01 23:00:00,1034240.128,1034333.308,1031426.359,1031724.395
2024-07-02 00:00:00,1031721.285,1031848.668,1026941.374,1027786.215
2024-07-02 01:00:00,1027786.041,1028928.375,1027297.154,1027375.906
2024-07-02 02:00:00,1027461.44,1029078.094,1027290.741,1027391.793
2024-07-02 03:00:00,1027392.148,1027392.148,1023724.875,1025935.877
2024-07-02 04:00:00,1025996.416,1027100.661,1012187.925,1013844.563
2024-07-02 05:00:00,1013823.35,1013839.317,1011113.759,1012459.565
2024-07-02 06:00:00,1012449.867,1013416.192,1011952.555,1013001.097
2024-07-02 07:00:00,1012993.447,1017167.374,1012993.447,1015509.958
2024-07-02 08:00:00,1015510.163,1016163.649,1014739.162,1016163.649
2024-07-02 09:00:00,1016161.178,1017097.682,1015725.677,1016942.49
2024-07-02 10:00:00,1016987.213,1022150.733,1016525.536,1021680.631
2024-07-02 11:00:00,1021690.166,1022916.559,1020541.61,1022906.911
2024-07-02 12:00:00,1022902.46,1023575.304,1020795.554,1022084.89
2024-07-02 13:00:00,1022160.376,1024569.17,1021813.081,1024501.484
2024-07-02 14:00:00,1024507.479,1030755.329,1024372.876,1029573.143
2024-07-02 15:00:00,1029598.631,1031655.949,1028722.306,1031655.949
2024-07-02 16:00:00,1031995.055,1033772.786,1031883.36,1033756.596
2024-07-02 17:00:00,1033737.177,1034440.347,1033440.875,1034342.05
2024-07-02 18:00:00,1034369.096,1035905.132,1033829.841,1035468.006
2024-07-02 19:00:00,1035474.605,1039777.245,1035464.929,1038367.856
2024-07-02 20:00:00,1038404.648,1041158.756,1016923.668,1019393.55
2024-07-02 21:00:00,1019394.812,1020883.184,1018350.374,1020441.266
2024-07-02 22:00:00,1020423.943,1022259.485,1020368.94,1021726.566
2024-07-02 23:00:00,1021658.794,1022562.784,1021609.228,1022372.501
2024-07-03 00:00:00,1022384.784,1023225.79,1019435.585,1020791.413
2024-07-03 01:00:00,1020874.014,1021166.092,1018760.732,1018788.368
2024-07-03 02:00:00,1018806.976,1023904.132,1018806.976,1023707.028
2024-07-03 03:00:00,1023696.308,1023915.84,1022846.44,1023580.282
2024-07-03 04:00:00,1023647.43,1025098.5,1023647.43,1023706.333
2024-07-03 05:00:00,1023737.14,1024376.713,1023395.713,1023650.1
2024-07-03 06:00:00,1023650.16,1026450.172,1023409.227,1026438.287
2024-07-03 07:00:00,1026439.601,1027535.269,1014606.637,1017582.489
2024-07-03 08:00:00,1017606.384,1022207.699,1017606.384,1021904.976
2024-07-03 09:00:00,1021931.424,1035695.741,1020396.944,1035695.741
2024-07-03 10:00:00,1035695.554,1039758.615,1035695.554,1039721.693
2024-07-03 11:00:00,1039715.132,1043643.442,1039433.841,1042973.056
2024-07-03 12:00:00,1042946.353,1045939.073,1042404.4,1045074.388
2024-07-03 13:00:00,1045198.281,1048070.968,1043900.887,1047235.41
2024-07-03 14:00:00,1047524.41,1053940.429,1047524.41,1053563.485
2024-07-03 15:00:00,1053592.529,1055785.474,1053514.536,1055596.434
2024-07-03 16:00:00,1055596.566,1055682.525,1046637.417,1047697.492
2024-07-03 17:00:00,1047717.627,1051662.393,1045890.657,1051662.393
2024-07-03 18:00:00,1051663.991,1064101.209,1051656.777,1063397.89
2024-07-03 19:00:00,1063394.619,1066915.954,1063394.619,1064437.121
2024-07-03 20:00:00,1064503.287,1070048.542,1061214.333,1061229.277
2024-07-03 21:00:00,1061229.527,1061386.084,1058165.988,1058165.988
2024-07-03 22:00:00,1058166.899,1059060.299,1057611.651,1058910.907
2024-07-03 23:00:00,1058878.951,1060808.868,1058658.142,1060426.936
2024-07-04 00:00:00,1060431.237,1062740.08,1059938.68,1061845.14
2024-07-04 01:00:00,1061848.659,1068396.705,1050595.566,1050766.294
2024-07-04 02:00:00,1050650.038,1052117.507,1049630.156,1049798.955
2024-07-04 03:00:00,1049905.145,1051841.711,1048966.11,1050920.925
2024-07-04 04:00:00,1051090.672,1052090.469,1050618.622,1051375.241
2024-07-04 05:00:00,1051372.361,1052028.813,1050757.568,1050769.438
2024-07-04 06:00:00,1050768.513,1052881.348,1047896.212,1052752.05
2024-07-04 07:00:00,1052747.586,1057308.005,1050188.547,1053131.477
2024-07-04 08:00:00,1053142.095,1056963.921,1049155.09,1053498.513
2024-07-04 09:00:00,1053512.861,1053582.245,1048695.327,1049296.008
2024-07-04 10:00:00,1049305.587,1050324.307,1048314.133,1049626.566
2024-07-04 11:00:00,1049632.951,1050047.301,1049173.667,1049718.595
2024-07-04 12:00:00,1049720.971,1049841.607,1045869.31,1046930.69
2024-07-04 13:00:00,1046983.707,1052365.554,1046353.233,1051900.076
2024-07-04 14:00:00,1051891.17,1062277.05,1051891.17,1062155.88
2024-07-04 15:00:00,1062157.351,1073395.249,1060511.396,1070742.474
2024-07-04 16:00:00,1070740.366,1075635.153,1068177.418,1071034.046
2024-07-04 17:00:00,1071058.356,1074516.649,1070935.255,1073519.293
2024-07-04 18:00:00,1073494.517,1073513.065,1069039.861,1069701.678
2024-07-04 19:00:00,1069711.274,1070157.176,1059657.153,1059817.209
2024-07-04 20:00:00,1059872.815,1063763.889,1057061.523,1063763.607
2024-07-04 21:00:00,1063735.954,1064640.689,1055818.442,1057037.44
2024-07-04 22:00:00,1057068.122,1061951.266,1052839.475,1061890.751
2024-07-04 23:00:00,1061813.049,1063151.09,1061167.235,1062584.803
2024-07-05 00:00:00,1062591.22,1064132.236,1061059.255,1064120.264
2024-07-05 01:00:00,1064123.972,1064340.672,1061127.285,1063643.032
2024-07-05 02:00:00,1063717.896,1066947.475,1063212.9,1065656.907
2024-07-05 03:00:00,1065633.002,1066500.506,1065033.648,1065663.305
2024-07-05 04:00:00,1065710.681,1070017.777,1061938.314,1062080.649
2024-07-05 05:00:00,1062087.884,1062419.871,1053122.766,1059868.906
2024-07-05 06:00:00,1059877.136,1070042.43,1056571.391,1057605.704
2024-07-05 07:00:00,1057622.82,1057659.185,1051859.524,1054154.483
2024-07-05 08:00:00,1054128.982,1056570.057,1022600.048,1022961.811
2024-07-05 09:00:00,1023503.595,1025520.217,1016329.227,1023975.994
2024-07-05 10:00:00,1023949.219,1025131.884,995076.09,998192.584
2024-07-05 11:00:00,998213.445,1001804.722,997703.613,1000369.506
2024-07-05 12:00:00,1000343.72,1009904.88,997751.603,1007314.011
2024-07-05 13:00:00,1007310.331,1014456.525,1006326.477,1014456.525
2024-07-05 14:00:00,1014507.964,1017791.261,1014435.545,1015444.681
2024-07-05 15:00:00,1015503.776,1016894.724,1009904.348,1012876.214
2024-07-05 16:00:00,1012790.815,1013578.13,986509.382,988462.196
2024-07-05 17:00:00,988433.283,990628.648,986525.422,989672.098
2024-07-05 18:00:00,989656.044,990119.684,971939.447,977388.795
2024-07-05 19:00:00,977374.401,981064.813,976633.294,979366.714
2024-07-05 20:00:00,979028.81,981418.032,973904.22,979498.065
2024-07-05 21:00:00,979426.586,979466.21,971601.193,975034.086
2024-07-05 22:00:00,975106,975506.692,967069.282,967405.875
2024-07-05 23:00:00,967390.469,967437.412,961974.635,962333.515
2024-07-06 00:00:00,962361.517,962361.517,956468.013,958768.681
2024-07-06 01:00:00,958652.466,959000.829,952589.352,952589.352
2024-07-06 02:00:00,952621.437,955005.717,952543.569,953725.746
2024-07-06 03:00:00,953722.279,953724.455,948859.398,950437.999
2024-07-06 04:00:00,950462.6,951357.318,947655.036,948040.271
2024-07-06 05:00:00,947991.463,949049.003,947137.894,948071.808
2024-07-06 06:00:00,948079.324,953276.488,942964.277,947569.221
2024-07-06 07:00:00,947573.799,955110.02,947573.799,955110.02
2024-07-06 08:00:00,955579.023,957147.724,953425.814,953958.931
2024-07-06 09:00:00,953957.981,954178.416,950749.175,951098.322
2024-07-06 10:00:00,951094.185,953530.857,950633.491,953230.702
2024-07-06 11:00:00,953220.441,953783.247,950313.715,950336.656
2024-07-06 12:00:00,950341.183,951420.199,948263.676,950361.914
2024-07-06 13:00:00,950359.964,954496.548,948536.7,954112.146
2024-07-06 14:00:00,954111.331,957513.524,951959.535,957513.524
2024-07-06 15:00:00,957443.415,960893.293,957421.065,960046.838
2024-07-06 16:00:00,960083.618,964035.31,960083.618,961235.411
2024-07-06 17:00:00,961336.248,961401.471,960173.668,960337.031
2024-07-06 18:00:00,960337.079,961885.521,959543.637,961250.278
2024-07-06 19:00:00,961297.433,962220.169,957340.511,958709.275
2024-07-06 20:00:00,958694.701,962876.355,958650.082,961193.09
2024-07-06 21:00:00,961194.156,962635.348,960189.829,960871.434
2024-07-06 22:00:00,960863.56,962044.214,957917.782,957930.628
2024-07-06 23:00:00,958033.599,958248.376,955187.951,955879.105
2024-07-07 00:00:00,955897.1,955964.726,953244.299,953269.188
2024-07-07 01:00:00,953144.034,953992.696,952293.238,953701.348
2024-07-07 02:00:00,953696.167,954037.37,948722.745,948722.814
2024-07-07 03:00:00,948596.989,948596.989,941306.248,941385.301
2024-07-07 04:00:00,941381.48,945412.579,941381.48,945366.796
2024-07-07 05:00:00,945349.302,945584.254,943476.202,943615.238
2024-07-07 06:00:00,943581.904,945458.962,938682.882,938722.949
2024-07-07 07:00:00,938733.021,938733.021,936069.443,938046.166
2024-07-07 08:00:00,937994.695,941286.774,937943.65,941203.561
2024-07-07 09:00:00,941208.536,946623.716,941208.536,946619.35
2024-07-07 10:00:00,946615.235,947807.802,942060.51,943687.853
2024-07-07 11:00:00,943777.494,944535.004,942229.479,942530.271
2024-07-07 12:00:00,942554.894,945363.666,942255.617,944436.177
2024-07-07 13:00:00,944633.532,945064.729,932490.336,932914.73
2024-07-07 14:00:00,932910.837,932957.621,931171.195,931990.235
2024-07-07 15:00:00,931983.291,932302.666,931103.408,932058.502
2024-07-07 16:00:00,932075.554,932585.891,929545.208,930879.255
2024-07-07 17:00:00,930897.351,931682.919,930803.562,931426.595
2024-07-07 18:00:00,931475.207,932322.229,929461.665,931644.577
2024-07-07 19:00:00,931641.058,941529.029,931591.597,941372.188
2024-07-07 20:00:00,941362,945955.385,941281.096,945450.846
2024-07-07 21:00:00,945472.366,947502.622,945152.789,946638.785
2024-07-07 22:00:00,946638.925,947473.17,942568.556,942632.344
2024-07-07 23:00:00,942631.696,943174.2,939417.695,939730.412
2024-07-08 00:00:00,939712.882,944783.842,939397.92,944291.708
2024-07-08 01:00:00,944282.241,944990.23,943902.358,944966.716
2024-07-08 02:00:00,944986.441,945604.437,943522.51,943522.777
2024-07-08 03:00:00,943532.263,943532.263,937295.266,941028.552
2024-07-08 04:00:00,941121.723,942645.275,938700.242,940058.069
2024-07-08 05:00:00,940141.188,944200.147,939955.768,944186.159
2024-07-08 06:00:00,944172.796,946718.045,935712.546,936666.15
2024-07-08 07:00:00,936803.428,938052.073,914354.795,915581.95
2024-07-08 08:00:00,915580.132,915892.84,906202.011,909689.295
2024-07-08 09:00:00,909698.182,910682.453,902570.875,902912.67
2024-07-08 10:00:00,902912.235,904269.875,901779.541,903755.486
2024-07-08 11:00:00,903747.115,905452.392,902694.631,904913.423
2024-07-08 12:00:00,904935.121,905832.612,897666.444,897682.352
2024-07-08 13:00:00,897661.542,900087.307,895935.285,900037.224
2024-07-08 14:00:00,900019.76,913568.53,899776.587,907361.987
2024-07-08 15:00:00,907371.676,908492.403,899806.814,901308.172
2024-07-08 16:00:00,901304.508,903183.616,892563.563,893485.452
2024-07-08 17:00:00,893454.381,899366.786,892868.333,896754.145
2024-07-08 18:00:00,896724.162,898660.901,896556.692,897179.692
2024-07-08 19:00:00,897194.028,899393.04,896651.46,898363.086
2024-07-08 20:00:00,898358.53,900863.264,879831.704,883868.631
2024-07-08 21:00:00,883880.18,890903.972,882558.241,885287.39
2024-07-08 22:00:00,885299.851,897161.137,884994.633,897142.024
2024-07-08 23:00:00,897138.897,899446.867,897087.571,898367.764
2024-07-09 00:00:00,898377.268,898677.984,896442.324,897983.501
2024-07-09 01:00:00,897993.19,898789.906,895419.829,896061.01
2024-07-09 02:00:00,896106.472,896993.965,894939.325,895130.431
2024-07-09 03:00:00,895163.202,898493.728,894859.896,895728.7
2024-07-09 04:00:00,895732.193,900372.328,895732.193,898949.899
2024-07-09 05:00:00,898962.092,899833.377,898576.598,899207.148
2024-07-09 06:00:00,899207.986,902598.884,897513.542,901087.352
2024-07-09 07:00:00,901091.771,906092.08,900418.593,905808.44
2024-07-09 08:00:00,905824.646,909228.736,904295.128,909089.786
2024-07-09 09:00:00,909073.258,917318.581,909044.815,917264.031
2024-07-09 10:00:00,917254.332,923048.686,916536.928,922998.534
2024-07-09 11:00:00,922957.923,923957.959,921787.979,923570.684
2024-07-09 12:00:00,923580.573,926739.364,921891.524,926154.929
2024-07-09 13:00:00,926146.832,927942.56,922408.4,922482.707
2024-07-09 14:00:00,922463.137,927048.017,922451.591,924387.386
2024-07-09 15:00:00,924392.196,929612.667,924371.575,929196.743
2024-07-09 16:00:00,929065.407,930657.952,924355.756,924874.34
2024-07-09 17:00:00,924869.771,925402.437,922269.951,924673.457
2024-07-09 18:00:00,924592.937,925921.752,924088.162,925313.92
2024-07-09 19:00:00,925327.914,925327.914,915356.925,917801.411
2024-07-09 20:00:00,917871.152,917871.152,913033.371,914772.125
2024-07-09 21:00:00,914447.513,916206.65,913858.512,915024.038
2024-07-09 22:00:00,915026.664,916539.766,902761.471,902761.471
2024-07-09 23:00:00,902709.609,903368.042,898406.566,898805.709
2024-07-10 00:00:00,898910.057,898919.713,896425.405,897905.71
2024-07-10 01:00:00,897951.964,899282.526,897853.112,899107.483
2024-07-10 02:00:00,899119.047,899378.827,897092.354,897092.354
2024-07-10 03:00:00,897061.514,897062.162,893664.927,893719.999
2024-07-10 04:00:00,893760.28,901524.06,893760.28,900698.601
2024-07-10 05:00:00,900696.18,901595.386,900312.485,900900.615
2024-07-10 06:00:00,900906.269,901163.236,892647.165,892919.231
2024-07-10 07:00:00,892845.005,900906.901,892845.005,900492.046
2024-07-10 08:00:00,900532.781,901634.601,898568.01,901631.441
2024-07-10 09:00:00,901646.995,902149.363,900781.331,901922.182
2024-07-10 10:00:00,901917.869,904955.165,898410.147,904955.165
2024-07-10 11:00:00,904996.328,908677.101,904034.63,907219.833
2024-07-10 12:00:00,907210.448,907490.094,904750.642,906221.994
2024-07-10 13:00:00,906251.464,908269.98,903157.553,903194.114
2024-07-10 14:00:00,903194.114,903280.052,898947.98,899055.277
2024-07-10 15:00:00,899073.063,901221.796,898491.494,901221.796
2024-07-10 16:00:00,901230.837,908498.889,901169.699,907927.412
2024-07-10 17:00:00,907950.86,908845.965,905973.76,906914.919
2024-07-10 18:00:00,906934.706,907538.815,899271.384,902901.27
2024-07-10 19:00:00,903039.219,909782.674,902825.32,909477.341
2024-07-10 20:00:00,909493.869,921404.851,909487.233,920785.478
2024-07-10 21:00:00,920841.057,928642.375,916804.66,928642.375
2024-07-10 22:00:00,928644.081,930763.397,923461.337,923554.579
2024-07-10 23:00:00,923557.258,925525.357,921518.704,921978.783
2024-07-11 00:00:00,921968.251,922107.28,919860.676,921592.959
2024-07-11 01:00:00,921606.932,921946.518,918666.588,918701.663
2024-07-11 02:00:00,918733.856,920645.939,917236.411,917247.083
2024-07-11 03:00:00,917248.798,917255.58,908763.082,910015.824
2024-07-11 04:00:00,910049.995,913003.974,909908.443,912991.012
2024-07-11 05:00:00,912996.25,914352.611,912547.219,914334.856
2024-07-11 06:00:00,914334.27,914756.794,912194.482,912896.488
2024-07-11 07:00:00,912894.297,913099.815,904283.246,904686.118
2024-07-11 08:00:00,904659.151,906314.356,902674.742,906104.801
2024-07-11 09:00:00,906111.936,910776.109,903590.159,910619.606
2024-07-11 10:00:00,910639.597,913332.873,910553.31,911736.043
2024-07-11 11:00:00,911737.982,911836.507,908360.486,908401.857
2024-07-11 12:00:00,908419.364,911065.476,908005.298,909860.521
2024-07-11 13:00:00,909861.452,915917.453,908537.794,915797.237
2024-07-11 14:00:00,915834.773,922030.488,915256.216,922013.886
2024-07-11 15:00:00,921995.915,926136.03,921995.915,926136.03
2024-07-11 16:00:00,926139.36,928801.421,924555.983,928801.421
2024-07-11 17:00:00,928807.62,929579.387,927022.985,928733.807
2024-07-11 18:00:00,928755.363,950344.778,927012.419,949532.775
2024-07-11 19:00:00,949554.496,949792.505,939577.334,943563.493
2024-07-11 20:00:00,943574.681,953171.753,939356.151,953171.753
2024-07-11 21:00:00,953201.634,953711.973,945919.314,948009.903
2024-07-11 22:00:00,948049.098,951370.273,947266.62,949718.931
2024-07-11 23:00:00,949733.249,949962.418,947224.506,947290.436
2024-07-12 00:00:00,947250.849,948502.488,946613.234,947308.552
2024-07-12 01:00:00,947314.145,947849.591,943088.71,943797.654
2024-07-12 02:00:00,943805.854,944234.322,938577.94,938791.484
2024-07-12 03:00:00,938780.857,938780.857,936334.285,937386.919
2024-07-12 04:00:00,937506.524,939080.859,937034.346,937837.596
2024-07-12 05:00:00,937851.987,940078.027,937583.224,939574.707
2024-07-12 06:00:00,939570.056,942125.528,938460.228,940813.557
2024-07-12 07:00:00,940699.519,943354.626,932058.381,933119.214
2024-07-12 08:00:00,933106.901,933106.901,930601.279,931269.285
2024-07-12 09:00:00,931252.18,931609.606,929505.871,930162.943
2024-07-12 10:00:00,930157.408,932135.563,929267.503,932102.397
2024-07-12 11:00:00,932145.094,932820.087,931393.242,932720.111
2024-07-12 12:00:00,932737.013,933825.345,932205.818,933824.91
2024-07-12 13:00:00,933816.106,935189.188,932296.538,934716.999
2024-07-12 14:00:00,934719.281,937985.457,934504.126,935879.718
2024-07-12 15:00:00,935900.273,939211.154,934703.562,935437.747
2024-07-12 16:00:00,935450.146,942301.441,933863.324,942151.024
2024-07-12 17:00:00,942158.375,946058.219,941813.649,946058.219
2024-07-12 18:00:00,946072.218,948701.033,945239.502,948694.289
2024-07-12 19:00:00,948697.542,949490.228,942401.927,943819.043
2024-07-12 20:00:00,943871.125,946089.317,943139.173,945611.82
2024-07-12 21:00:00,945629.378,948127.907,945329.499,948017.113
2024-07-12 22:00:00,948086.12,950675.102,946255.974,949660.131
2024-07-12 23:00:00,949645.932,952542.369,949001.06,950765.774
2024-07-13 00:00:00,950778.135,951557.756,948125.879,950064.644
2024-07-13 01:00:00,950083.205,951704.858,947833.554,948050.338
2024-07-13 02:00:00,948048.129,948404.049,939116.637,939651.105
2024-07-13 03:00:00,939483.426,939825.173,936296.272,937426.056
2024-07-13 04:00:00,937426.711,941093.562,937426.711,940131.194
2024-07-13 05:00:00,940208.566,944326.233,940027.196,944326.233
2024-07-13 06:00:00,944333.488,947292.216,944287.838,946903.73
2024-07-13 07:00:00,946903.7,948932.548,946898.195,948427.689
2024-07-13 08:00:00,948425.454,948522.7,945839.147,946985.407
2024-07-13 09:00:00,946987.747,948342.465,946942.368,948071.889
2024-07-13 10:00:00,948061.112,949508.769,948036.304,949271.868
2024-07-13 11:00:00,949270.863,950358.349,946172.053,947111.408
2024-07-13 12:00:00,947120.911,948455.615,946895.25,947288.387
2024-07-13 13:00:00,947277.45,949791.012,946888.717,949474.712
2024-07-13 14:00:00,949480.969,949484.948,947225.442,947225.442
2024-07-13 15:00:00,947238.954,950974.132,945243.206,945243.206
2024-07-13 16:00:00,945243.585,948737.287,945206.537,945484.409
2024-07-13 17:00:00,945488.585,948517.512,945346.109,948510.461
2024-07-13 18:00:00,948509.032,952146.702,948128.088,951997.426
2024-07-13 19:00:00,952000.226,954362.115,951990.853,953128.808
2024-07-13 20:00:00,953127.103,953469.7,951321.531,953200.01
2024-07-13 21:00:00,953154.536,954167.016,952565.33,954166.012
2024-07-13 22:00:00,954165.571,954694.906,953647.649,954082.991
2024-07-13 23:00:00,954113.45,954280.08,952688.584,952710.071
2024-07-14 00:00:00,952777.282,954291.902,952652.458,953569.854
2024-07-14 01:00:00,953594.05,954031.683,952613.801,952685.514
2024-07-14 02:00:00,952573.541,952695.374,949895.597,950032.839
2024-07-14 03:00:00,950029.564,950166.026,948807.905,948828.777
2024-07-14 04:00:00,948974.515,953963.366,948468.836,953922.636
2024-07-14 05:00:00,953921.377,956747.722,947894.131,947919.433
2024-07-14 06:00:00,947923.19,949647.927,947761.541,949139.237
2024-07-14 07:00:00,949210.372,949644.043,948086.659,949631.791
2024-07-14 08:00:00,949641.558,951921.224,949585.867,951920.656
2024-07-14 09:00:00,951921.237,952505.065,950100.058,951280.59
2024-07-14 10:00:00,951278.569,951462.065,946806.985,948650.61
2024-07-14 11:00:00,948761.802,950932.935,946980.177,948461.287
2024-07-14 12:00:00,948469.043,950002.008,947680.38,949834.133
2024-07-14 13:00:00,949826.257,950724.865,949056.719,949703.929
2024-07-14 14:00:00,949720.996,951913.612,948458.759,951647.211
2024-07-14 15:00:00,951645.745,952912.174,950822.031,952784.175
2024-07-14 16:00:00,952782.643,953963.995,948881.834,948887.918
2024-07-14 17:00:00,948872.915,950103.68,948458.506,950067.057
2024-07-14 18:00:00,950067.7,950806.289,946609.562,947393.6
2024-07-14 19:00:00,947399.945,949348.333,946509.668,946509.668
2024-07-14 20:00:00,946509.668,946514.219,939830.728,940631.127
2024-07-14 21:00:00,940635.694,942411.727,940395.784,942047.839
2024-07-14 22:00:00,942049.889,945018.395,942046.242,944266.073
2024-07-14 23:00:00,944266.124,946343.475,944150.598,945290.888
2024-07-15 00:00:00,945296.875,945340.873,944386.331,944435.89
2024-07-15 01:00:00,944445.594,944640.755,943390.676,943602.224
2024-07-15 02:00:00,943606.24,944123.175,941846.355,941846.355
2024-07-15 03:00:00,941794.83,942212.984,938804.992,940928.584
2024-07-15 04:00:00,941384.351,948015.777,941384.351,947818.015
2024-07-15 05:00:00,947781.338,952840.439,947427.281,951634.683
2024-07-15 06:00:00,951692.626,952588.352,946515.001,949418.557
2024-07-15 07:00:00,949447.103,949480.241,939982.894,942459.462
2024-07-15 08:00:00,942445.574,958200.094,939378.493,957614.998
2024-07-15 09:00:00,957580.636,959596.387,954798.815,956425.763
2024-07-15 10:00:00,956416.367,963269.892,955516.459,963267.337
2024-07-15 11:00:00,963313.096,964622.538,962747.084,964215.795
2024-07-15 12:00:00,964189.648,967747.359,963363.631,967602.438
2024-07-15 13:00:00,967603.365,971294.363,967396.997,969863.698
2024-07-15 14:00:00,969863.698,975045.468,969295.392,969429.697
2024-07-15 15:00:00,969385.351,972992.798,968230.937,972938.302
2024-07-15 16:00:00,972923.017,974661.37,972533.702,972636.161
2024-07-15 17:00:00,972642.423,973540.389,970358.116,970544.736
2024-07-15 18:00:00,970554.283,971454.785,970095.524,970819.901
2024-07-15 19:00:00,970830.873,971493.893,969489.875,969940.186
2024-07-15 20:00:00,969939.394,971252.823,969462.619,970073.505
2024-07-15 21:00:00,970098.567,970798.558,967353.19,967580.167
2024-07-15 22:00:00,967579.959,969794.005,965717.224,966007.36
2024-07-15 23:00:00,965912.605,966202.832,961754.004,962729.061
2024-07-16 00:00:00,962294.083,963297.855,954249.888,955475.577
2024-07-16 01:00:00,955481.921,965346.566,948013.296,948210.207
2024-07-16 02:00:00,948265.029,948306.729,941086.952,942085.772
2024-07-16 03:00:00,942095.961,942813.859,934584.973,935897.134
2024-07-16 04:00:00,936337.478,939023.647,925425.712,926321.103
2024-07-16 05:00:00,926316.206,934803.513,926151.53,934725.887
2024-07-16 06:00:00,934758.643,935578.279,930826.792,931762.023
2024-07-16 07:00:00,931761.408,932451.36,928917.898,929738.441
2024-07-16 08:00:00,929781.562,930320.332,925098.279,925719.245
2024-07-16 09:00:00,925663.605,925806.638,923302.901,923549.849
2024-07-16 10:00:00,923514.656,925044.271,922893.653,924110.852
2024-07-16 11:00:00,924113.559,927102.569,919785.835,926202.002
2024-07-16 12:00:00,926221.694,934096.594,926221.694,933918.296
2024-07-16 13:00:00,933852.535,934928.952,928443.56,929523.975
2024-07-16 14:00:00,929613.095,929958.656,924802.63,927029.825
2024-07-16 15:00:00,927018.317,928275.642,922339.49,923016.416
2024-07-16 16:00:00,923048.325,924466.231,919620.305,921878.426
2024-07-16 17:00:00,921808.695,923094.4,919876.772,920401.544
2024-07-16 18:00:00,920402.639,921200.167,913025.21,914539.158
2024-07-16 19:00:00,914473.818,920096.48,914466.166,919043.639
2024-07-16 20:00:00,918888.531,923476.087,916871.895,919624.362
2024-07-16 21:00:00,919615.645,923377.785,915233.05,922455.117
2024-07-16 22:00:00,922421.765,926386.295,919448.699,920727.224
2024-07-16 23:00:00,920719.831,921901.035,917995.124,918166.449
2024-07-17 00:00:00,918148.573,921023.34,916810.967,920962.075
2024-07-17 01:00:00,920977.007,921454.823,916856.547,917117.824
2024-07-17 02:00:00,917100.986,918530.397,912422.936,912422.936
2024-07-17 03:00:00,912344.836,912964.567,908901.137,910484.478
2024-07-17 04:00:00,910666.547,911915.777,910661.325,911849.157
2024-07-17 05:00:00,911859.88,916165.883,911103.154,915070.931
2024-07-17 06:00:00,915070.938,918043.56,914455.858,918016.791
2024-07-17 07:00:00,917860.723,925639.476,917329.97,921516.656
2024-07-17 08:00:00,921501.711,924744.209,920599.171,922740.645
2024-07-17 09:00:00,922780.655,928328.407,921837.87,928297.119
2024-07-17 10:00:00,928272.268,930032.2,927846.269,929800.457
2024-07-17 11:00:00,929806.422,934149.807,929696.073,933243.761
2024-07-17 12:00:00,933266.026,938791.984,933266.026,938558.713
2024-07-17 13:00:00,938573.83,941115.87,938481.746,939902.696
2024-07-17 14:00:00,939902.059,941351.91,936003.674,938394.83
2024-07-17 15:00:00,938394.223,940194.376,937709.413,939600.4
2024-07-17 16:00:00,939599.178,940687.478,939112.9,940174.5
2024-07-17 17:00:00,940197.407,942674.496,934319.388,936690.259
2024-07-17 18:00:00,936736.918,937443.423,933871.154,934729.262
2024-07-17 19:00:00,934725.791,939296.272,933434.937,936183.818
2024-07-17 20:00:00,936284.046,939609.752,936198.385,939039.386
2024-07-17 21:00:00,939041.66,944694.103,935929.701,944694.103
2024-07-17 22:00:00,944919.38,945410.889,933801.792,944168.104
2024-07-17 23:00:00,944644.127,945777.922,943758.951,944061.319
2024-07-18 00:00:00,944059.769,944826.351,942144.132,942687.766
2024-07-18 01:00:00,942689.95,943139.976,940098.252,941355.756
2024-07-18 02:00:00,941309.25,945958.454,941126.039,944995.237
2024-07-18 03:00:00,945013.238,945272.155,942040.667,942950.388
2024-07-18 04:00:00,942978.671,946857.536,942965.624,946700.111
2024-07-18 05:00:00,946664.927,949063.611,946628.083,947806.902
2024-07-18 06:00:00,947806.945,950663.525,947806.945,948305.113
2024-07-18 07:00:00,948263.789,949038.726,947813.326,948064.261
2024-07-18 08:00:00,948063.894,948063.894,943406.893,945281.85
2024-07-18 09:00:00,945315.77,947482.059,944131.784,944400.997
2024-07-18 10:00:00,944383.566,945935.9,943041.01,943293.029
2024-07-18 11:00:00,943293.971,946771.882,942129.046,944991.889
2024-07-18 12:00:00,944995.284,947948.941,943453.867,944933.08
2024-07-18 13:00:00,944955.169,945274.784,942911.947,943483.034
2024-07-18 14:00:00,943471.169,946333.151,943226.085,944943.488
2024-07-18 15:00:00,944856.271,946060.646,943634.889,944737.363
2024-07-18 16:00:00,944718.346,945086.744,942568.039,945086.744
2024-07-18 17:00:00,945062.877,947729.753,944833.244,947509.316
2024-07-18 18:00:00,947527.121,950193.815,946755.225,950157.263
2024-07-18 19:00:00,950141.152,950700.081,945181.763,946619.652
2024-07-18 20:00:00,946626.312,949547.817,941839.543,945410.563
2024-07-18 21:00:00,945389.774,946584.847,939212.065,942130.57
2024-07-18 22:00:00,942155.999,942885.575,936945.263,939089.594
2024-07-18 23:00:00,939169.393,940879.572,937138.618,937378.724
2024-07-19 00:00:00,937408.632,937651.39,934951.738,935690.194
2024-07-19 01:00:00,935682.977,936393.38,934100.361,934118.052
2024-07-19 02:00:00,934087.9,935567.864,933902.708,933902.708
2024-07-19 03:00:00,933886.811,933890.162,932445.846,933153.709
2024-07-19 04:00:00,933167.47,935620.662,931743.596,932023.426
2024-07-19 05:00:00,931968.648,932490.91,929920.363,930015.262
2024-07-19 06:00:00,930015.27,930454.951,926718.534,926991.325
2024-07-19 07:00:00,926993.827,928546.59,924697.262,928314.81
2024-07-19 08:00:00,928317.472,929722.11,927690.139,929666.689
2024-07-19 09:00:00,929674.066,933994.408,928420.805,931379.645
2024-07-19 10:00:00,931266.608,933236.964,930997.378,931585.098
2024-07-19 11:00:00,931561.511,933207.074,930400.931,932970.028
2024-07-19 12:00:00,933009.27,935198.625,932095.28,935135.654
2024-07-19 13:00:00,935154.185,940249.077,929956.701,940248.832
2024-07-19 14:00:00,940258.52,947375.849,939445.656,942995.643
2024-07-19 15:00:00,942992.673,943190.776,940522.159,942431.571
2024-07-19 16:00:00,941999.249,942166.512,937672.238,938966.184
2024-07-19 17:00:00,938971.155,938983.19,936912.812,936912.812
2024-07-19 18:00:00,936860.687,939965.443,936722.224,939965.443
2024-07-19 19:00:00,940052.066,940882.293,934332.903,935602.693
2024-07-19 20:00:00,935732.166,947157.476,935732.166,947155.553
2024-07-19 21:00:00,947157.03,950193.243,943882.107,944221.396
2024-07-19 22:00:00,944235.79,949228.337,942713.026,948914.087
2024-07-19 23:00:00,948894.916,948915.116,943740.924,945974.836
2024-07-20 00:00:00,946091.001,948699.128,945973.999,947686.83
2024-07-20 01:00:00,947648.035,951643.463,946068.589,946219.297
2024-07-20 02:00:00,946162.16,947920.335,939230.687,939230.687
2024-07-20 03:00:00,939236.872,941305.908,939208.474,939471.468
2024-07-20 04:00:00,939470.196,943522.797,939436.628,943247.371
2024-07-20 05:00:00,943273.494,944985.736,942910.575,943234.786
2024-07-20 06:00:00,943234.749,943930.315,939639.295,940749.443
2024-07-20 07:00:00,940773.717,941948.97,940750.718,941075.384
2024-07-20 08:00:00,941091.279,941152.28,938482.127,938560.245
2024-07-20 09:00:00,938610.561,938756.724,937431.578,937957.276
2024-07-20 10:00:00,937947.934,938079.654,936913.931,937824.75
2024-07-20 11:00:00,937841.758,938743.971,937336.993,938691.38
2024-07-20 12:00:00,938682.755,939278.076,938584.599,939271.928
2024-07-20 13:00:00,939279.922,940859.622,938522.945,940799.71
2024-07-20 14:00:00,940799.906,941506.754,936752.003,937702.282
2024-07-20 15:00:00,937685.631,937848.539,935427.103,935766.684
2024-07-20 16:00:00,935711.213,937303.043,934806.152,935021.325
2024-07-20 17:00:00,935037.447,936052.252,934971.106,935288.844
2024-07-20 18:00:00,935330.035,940937.244,935304.099,940401.674
2024-07-20 19:00:00,940359.036,940706.613,938585.513,938784.91
2024-07-20 20:00:00,938784.9,940986.516,938687.293,940249.698
2024-07-20 21:00:00,940254.57,941773.815,940212.046,940956.421
2024-07-20 22:00:00,940977.674,941365.206,938114.919,938643.603
2024-07-20 23:00:00,938642.138,939630.098,934175.336,935132.097
2024-07-21 00:00:00,935138.484,935837.843,933054.683,935312.024
2024-07-21 01:00:00,935308.847,936475.191,933540.217,935991.4
2024-07-21 02:00:00,935989.135,937786.943,935898.319,937264.354
2024-07-21 03:00:00,937290.595,937377.718,933961.729,935173.551
2024-07-21 04:00:00,935173.072,938182.056,935021.984,938182.056
2024-07-21 05:00:00,938199.047,940757.284,938199.047,940697.976
2024-07-21 06:00:00,940673.935,941279.694,937454.139,937677.582
2024-07-21 07:00:00,937665.007,940640.289,937601.855,940601.454
2024-07-21 08:00:00,940611.112,941440.288,940530.998,940609.229
2024-07-21 09:00:00,940603.234,941463.812,940599.269,941355.533
2024-07-21 10:00:00,941305.384,942551.545,940934.466,942551.545
2024-07-21 11:00:00,942537.892,943880.858,942178.641,943880.858
2024-07-21 12:00:00,943879.279,944239.92,939179.661,940971.471
2024-07-21 13:00:00,940969.273,941069.099,938126.596,938351.587
2024-07-21 14:00:00,938351.587,938706.121,936877.967,938022.034
2024-07-21 15:00:00,937985.124,942736.014,936204.775,942715.544
2024-07-21 16:00:00,942727.689,944434.593,942161.519,942621.304
2024-07-21 17:00:00,942589.581,944208.247,942483.888,944121.181
2024-07-21 18:00:00,944257.705,945780.433,943905.28,945267.494
2024-07-21 19:00:00,945261.744,947384.733,943738.315,947369.438
2024-07-21 20:00:00,947368.914,947995.636,943870.158,944425.509
2024-07-21 21:00:00,944419.169,945546.482,941423.825,944043.544
2024-07-21 22:00:00,944043.501,944332.718,933775.327,933878.359
2024-07-21 23:00:00,933699.269,934892.716,922939.659,924403.916
2024-07-22 00:00:00,924402.111,924564.454,914119.224,914459.152
2024-07-22 01:00:00,914473.419,920357.09,913886.041,919563.708
2024-07-22 02:00:00,919579.54,919864.024,915507.216,915544.759
2024-07-22 03:00:00,915611.393,915797.824,910027.238,910253.268
2024-07-22 04:00:00,910332.954,918491.562,910296.263,918095.262
2024-07-22 05:00:00,918103.396,919466.409,918044.151,918907.355
2024-07-22 06:00:00,918909.471,920617.668,918108.91,918732.095
2024-07-22 07:00:00,918768.511,921029.459,917265.521,919094.195
2024-07-22 08:00:00,919153.155,920138.244,918712.405,920138.244
2024-07-22 09:00:00,920121.876,920604.968,919658.052,920339.45
2024-07-22 10:00:00,920317.833,921077.974,918953.842,921077.605
2024-07-22 11:00:00,921074.18,921300.471,916717.731,918383.86
2024-07-22 12:00:00,918394.137,921571.871,917506.368,920465.441
2024-07-22 13:00:00,920490.54,930185.554,920425.255,930185.554
2024-07-22 14:00:00,930196.768,930886.703,928829.904,928834.596
2024-07-22 15:00:00,928871.646,932080.973,927902.863,932059.264
2024-07-22 16:00:00,932074.286,932718.971,931354.084,931505.33
2024-07-22 17:00:00,931573.411,931601.811,930237.675,930711.606
2024-07-22 18:00:00,930723.71,931613.694,929346.011,929899.776
2024-07-22 19:00:00,929886.287,930339.865,925161.978,928718.238
2024-07-22 20:00:00,928690.598,940112.756,928690.598,936721.234
2024-07-22 21:00:00,936686.73,941635.616,935148.957,941520.879
2024-07-22 22:00:00,941518.524,946539.321,941164.874,944783.406
2024-07-22 23:00:00,944784.545,944829.879,940953.531,940953.531
2024-07-23 00:00:00,940934.301,942382.318,938552.406,941872.03
2024-07-23 01:00:00,941859.673,941877.974,937808.9,937880.495
2024-07-23 02:00:00,937860.162,937860.162,931929.513,936458.926
2024-07-23 03:00:00,936430.745,936856.864,931459.284,933393.955
2024-07-23 04:00:00,933384.621,938041.174,931475.68,936883.759
2024-07-23 05:00:00,936976.1,938524.89,933080.325,937901.575
2024-07-23 06:00:00,937900.871,939864.07,933405.781,933710.216
2024-07-23 07:00:00,933676.937,939204.471,933596.294,939142.935
2024-07-23 08:00:00,939140.218,939178.611,927059.985,927277.954
2024-07-23 09:00:00,927252.751,929023.514,927252.751,928965.397
2024-07-23 10:00:00,928962.089,929428.429,924395.642,926047.632
2024-07-23 11:00:00,926043.789,931187.3,924507.469,931035.371
2024-07-23 12:00:00,930922.713,932088.065,926914.121,928293.316
2024-07-23 13:00:00,928255.651,932320.019,928227.194,932057.953
2024-07-23 14:00:00,932057.493,948449.683,930034.569,948449.683
2024-07-23 15:00:00,948578.976,969560.874,948578.976,968614.77
2024-07-23 16:00:00,968641.303,973468.362,967090.1,968267.045
2024-07-23 17:00:00,968716.436,970785.289,965167.148,970476.833
2024-07-23 18:00:00,970509.691,976616.55,970481.865,976608.72
2024-07-23 19:00:00,976577.799,979577.434,969206.018,975970.759
2024-07-23 20:00:00,976254.913,978058.096,967923.281,975732.251
2024-07-23 21:00:00,975708.783,978615.443,971810.086,978615.443
2024-07-23 22:00:00,978643.103,979730.831,969842.511,972812.475
2024-07-23 23:00:00,972788.87,973231.624,963122.922,967442.855
2024-07-24 00:00:00,967504.951,968054.575,963679.529,966302.474
2024-07-24 01:00:00,966309.827,966722.918,961929.679,966090.759
2024-07-24 02:00:00,966076.559,967599.061,957050.905,957102.956
2024-07-24 03:00:00,957082.633,959136.504,956827.88,956831.958
2024-07-24 04:00:00,956714.725,965007.345,956692.818,961871.92
2024-07-24 05:00:00,961856.313,963252.396,952275.809,952722.077
2024-07-24 06:00:00,952722.077,958356.912,952712.025,957346.204
2024-07-24 07:00:00,957364.045,959139.924,954931.575,956240.325
2024-07-24 08:00:00,956240.957,957381.925,955310.115,955457.508
2024-07-24 09:00:00,955413.976,959543.644,954317.933,958785.43
2024-07-24 10:00:00,958780.688,961439.622,955025.488,956499.047
2024-07-24 11:00:00,956493.964,959290.387,956298.6,959170.155
2024-07-24 12:00:00,959172.679,959563.001,957654.129,958758.377
2024-07-24 13:00:00,958748.587,962727.968,958748.587,962225.027
2024-07-24 14:00:00,962225.027,967480.717,960222.253,966456.405
2024-07-24 15:00:00,966456.247,967447.516,965658.941,967051.889
2024-07-24 16:00:00,966967.386,967622.625,963805.972,964340.772
2024-07-24 17:00:00,964343.728,964501.55,963667.514,964030.443
2024-07-24 18:00:00,963868.901,969552.551,963665.275,968029.526
2024-07-24 19:00:00,968031.019,968794.934,965748.656,966800.797
2024-07-24 20:00:00,967478.32,974356.681,966362.043,974174.119
2024-07-24 21:00:00,974171.602,981749.104,974031.558,981661.857
2024-07-24 22:00:00,981659.618,988696.225,981588.336,988552.533
2024-07-24 23:00:00,988702.224,988983.739,986024.4,987705.353
2024-07-25 00:00:00,987779.615,990613.438,985650.621,989011.967
2024-07-25 01:00:00,989133.819,990311.365,983610.573,990279.01
2024-07-25 02:00:00,990259.309,994956.236,986261.457,986351.959
2024-07-25 03:00:00,986374.986,986937.048,967185.263,976799.931
2024-07-25 04:00:00,976873.144,983316.645,976434.836,982735.223
2024-07-25 05:00:00,983267.274,994450.367,983265.641,993924.199
2024-07-25 06:00:00,993906.894,996392.141,993838.03,995699.047
2024-07-25 07:00:00,995785.465,997382.22,961913.905,971952.037
2024-07-25 08:00:00,972045.182,972575.682,964430.517,970458.895
2024-07-25 09:00:00,970436.036,977331.209,970385.848,977078.923
2024-07-25 10:00:00,977128.505,979419.309,971773.691,979173.512
2024-07-25 11:00:00,979135.989,979842.956,974858.822,975561.356
2024-07-25 12:00:00,975556.659,977147.5,972391.515,977137.94
2024-07-25 13:00:00,977094.986,988961.039,976867.584,986087.426
2024-07-25 14:00:00,986080.981,988845.542,984418.446,988244.202
2024-07-25 15:00:00,988249.233,990978.49,987956.248,989074.182
2024-07-25 16:00:00,989093.372,989094.02,984167.221,984179.921
2024-07-25 17:00:00,984171.365,984881.981,982647.16,983255.872
2024-07-25 18:00:00,983242.297,983294.361,976153.356,980829.085
2024-07-25 19:00:00,980726.157,981460.468,974741.864,976377.075
2024-07-25 20:00:00,976336.863,976818.441,954951.69,958571.692
2024-07-25 21:00:00,958570.647,963451.178,958013.134,963189.047
2024-07-25 22:00:00,963138.631,965332.172,962564.391,963932.974
2024-07-25 23:00:00,963918.08,968110.72,963918.08,965126.099
2024-07-26 00:00:00,965092.57,967335.648,956876.107,957678.383
2024-07-26 01:00:00,957661.883,962389.354,956115.165,958551.534
2024-07-26 02:00:00,958562.832,962522.812,955367.552,959715.016
2024-07-26 03:00:00,959366.826,959366.826,948908.505,950559.677
2024-07-26 04:00:00,950688.752,951045.327,944427.587,944832.038
2024-07-26 05:00:00,944912.134,945187.294,943458.904,944142.002
2024-07-26 06:00:00,944141.983,944183.239,934545.515,934545.515
2024-07-26 07:00:00,934688.399,935289.405,929770.773,935260.81
2024-07-26 08:00:00,935295.168,935384.025,929065.615,930582.156
2024-07-26 09:00:00,930496.24,930835.144,918551.844,918581.198
2024-07-26 10:00:00,918564.378,930757.77,918564.378,930353.364
2024-07-26 11:00:00,930386.945,931076.446,926285,927160.387
2024-07-26 12:00:00,927151.225,931148.373,927076.559,930228.047
2024-07-26 13:00:00,930244.289,931134.481,923881.726,924083.712
2024-07-26 14:00:00,924059.194,928379.551,923630.016,928167.141
2024-07-26 15:00:00,928091.478,932262.97,927328.674,932197.457
2024-07-26 16:00:00,932188.648,935024.125,926630.055,935024.125
2024-07-26 17:00:00,935028.159,942583.343,935015.116,942583.343
2024-07-26 18:00:00,942591.831,943996.909,939274.789,940162.175
2024-07-26 19:00:00,940096.49,940551.365,937161.403,939622.648
2024-07-26 20:00:00,939792.22,941017.587,923159.416,924929.251
2024-07-26 21:00:00,924935.976,925328.835,920291.652,921731.547
2024-07-26 22:00:00,921731.547,922140.86,919951.789,919987.668
2024-07-26 23:00:00,919983.42,920332.094,918633.514,919496.424
2024-07-27 00:00:00,919492.448,919510.128,915617.372,917963.689
2024-07-27 01:00:00,917978.033,920882.356,915891.749,916421.658
2024-07-27 02:00:00,916427.367,918365.717,914542.245,915749.789
2024-07-27 03:00:00,915749.796,915795.86,911321.837,911912.46
2024-07-27 04:00:00,911792.97,918410.561,911792.97,917108.612
2024-07-27 05:00:00,917116.595,919538.349,917009.469,918849.332
2024-07-27 06:00:00,918849.331,918945.855,913161.346,913903.279
2024-07-27 07:00:00,913902,914157.647,907396.187,907682.737
2024-07-27 08:00:00,907651.214,911238.128,906304.816,911191.506
2024-07-27 09:00:00,911190.757,911344.096,909863.478,910739.438
2024-07-27 10:00:00,910743.814,912139.369,910589.618,912031.596
2024-07-27 11:00:00,912034.648,912484.165,910646.105,910819.569
2024-07-27 12:00:00,910822.138,911595.258,910140.646,910699.742
2024-07-27 13:00:00,910658.938,910875.767,907372.217,909169.77
2024-07-27 14:00:00,909162.085,913047.529,907036.759,907186.666
2024-07-27 15:00:00,907188.628,909053.278,907181.524,908916.392
2024-07-27 16:00:00,908916.085,911697.243,908901.243,911409.675
2024-07-27 17:00:00,911394.856,917267.154,911268.468,917142.911
2024-07-27 18:00:00,917133.451,920120.811,914365.208,920096.906
2024-07-27 19:00:00,920106.141,920464.353,910641.799,915660.768
2024-07-27 20:00:00,915699.196,918301.869,912525.314,918301.869
2024-07-27 21:00:00,918312.604,918491.646,902305.633,902612.968
2024-07-27 22:00:00,902592.345,903204.039,896466.267,897234.173
2024-07-27 23:00:00,897249.033,897416.716,889462.675,889633.061
2024-07-28 00:00:00,889602.952,889748.044,882933.449,884151.67
2024-07-28 01:00:00,884437.393,885115.098,877946.591,882961.123
2024-07-28 02:00:00,882934.567,883584.693,867961.515,869743.818
2024-07-28 03:00:00,869755.902,869824.262,863429.973,866690.671
2024-07-28 04:00:00,866357.23,867907.282,866084.463,866629.566
2024-07-28 05:00:00,866631.362,871898.58,866578.847,870554.532
2024-07-28 06:00:00,870539.44,870876.292,865367.763,865959.569
2024-07-28 07:00:00,865977.951,866932.931,865071.105,866421.053
2024-07-28 08:00:00,866403.102,871124.14,866279.811,870870.013
2024-07-28 09:00:00,870884.907,876592.347,870801.742,876281.744
2024-07-28 10:00:00,876282.829,880976.578,876094.296,880622.067
2024-07-28 11:00:00,880538.406,887693.569,880416.694,887512.168
2024-07-28 12:00:00,887520.273,891878.968,887520.273,891041.334
2024-07-28 13:00:00,891040.517,893299.305,890896.893,891018.558
2024-07-28 14:00:00,890992.035,892399.686,890992.035,892264.333
2024-07-28 15:00:00,892271.981,893335.994,890942.861,893001.684
2024-07-28 16:00:00,892992.698,894217.988,888724.922,894217.988
2024-07-28 17:00:00,894189.765,901247.474,894179.951,901247.474
2024-07-28 18:00:00,901314.256,902008.856,898467.953,900473.344
2024-07-28 19:00:00,900455.621,903035.041,900351.641,902893.06
2024-07-28 20:00:00,902913.832,904428.942,900788.148,903892.129
2024-07-28 21:00:00,903877.985,907900.654,903732.354,907664.836
2024-07-28 22:00:00,907664.87,908905.197,907525.124,908203.837
2024-07-28 23:00:00,908202.303,908280.59,907130.262,907354.672
2024-07-29 00:00:00,907341.305,909830.329,906605.661,907610.038
2024-07-29 01:00:00,907610.579,907816.624,906219.78,907481.702
2024-07-29 02:00:00,907462.917,909314.168,907458.872,908516.348
2024-07-29 03:00:00,908531.5,908560.712,902476.096,902708.941
2024-07-29 04:00:00,902792.721,903846.619,902776.128,903487.649
2024-07-29 05:00:00,903486.581,904917.682,903320.441,903322.461
2024-07-29 06:00:00,903356.188,903492.005,899351.847,903491.595
2024-07-29 07:00:00,903515.872,903702.487,901368.215,903242.959
2024-07-29 08:00:00,903253.065,905158.945,895699.575,898825.331
2024-07-29 09:00:00,898895.358,909220.783,897149.331,909220.783
2024-07-29 10:00:00,909227.802,914683.322,909227.802,914636.184
2024-07-29 11:00:00,914646.633,917208.815,914593.97,915303.509
2024-07-29 12:00:00,915287.432,931223.058,915237.801,931223.058
2024-07-29 13:00:00,931319.58,932837.399,926601.836,928525.894
2024-07-29 14:00:00,928525.399,935957.421,928525.399,935944.163
2024-07-29 15:00:00,935958.25,946091.368,935046.031,946042.134
2024-07-29 16:00:00,946029.697,946711.923,943863.959,945961.306
2024-07-29 17:00:00,945956.888,946220.37,945006.133,946010.897
2024-07-29 18:00:00,946000.514,951972.554,945467.633,949971.416
2024-07-29 19:00:00,949971.924,951336.582,946866.918,947001.942
2024-07-29 20:00:00,947004.197,949527.931,941867.074,948293.13
2024-07-29 21:00:00,948255.608,950345.829,931362.894,933017.662
2024-07-29 22:00:00,933020.88,952296.968,929787.872,952246.318
2024-07-29 23:00:00,952164.99,958320.351,947175.69,958283.303
2024-07-30 00:00:00,958293.908,974072.053,958097.525,964952.898
2024-07-30 01:00:00,964987.001,965554.225,962413.4,962824.421
2024-07-30 02:00:00,962883.162,963643.815,959268.253,959268.253
2024-07-30 03:00:00,958836.673,958836.673,949106.59,949199.944
2024-07-30 04:00:00,949275.39,953353.061,949275.39,951649.286
2024-07-30 05:00:00,951629.375,953034.041,949653.157,952219.834
2024-07-30 06:00:00,952219.834,959420.543,947854.435,956075.943
2024-07-30 07:00:00,956091.904,958702.095,955543.848,956565.177
2024-07-30 08:00:00,956566.707,957540.409,952476.713,957527.541
2024-07-30 09:00:00,957677.729,959718.634,956583.709,956611.342
2024-07-30 10:00:00,956609.205,956753.463,954740.269,955149.585
2024-07-30 11:00:00,955113.551,957042.231,954347.872,956889.425
2024-07-30 12:00:00,956921.755,956921.755,954897.7,955568.283
2024-07-30 13:00:00,955563.536,956737.482,952779.893,955214.104
2024-07-30 14:00:00,955209.267,957736.113,955181.522,956105.79
2024-07-30 15:00:00,956096.901,956914.24,953882.784,954672.998
2024-07-30 16:00:00,954708.077,962567.439,954656.159,962544.49
2024-07-30 17:00:00,962533.666,964239.213,962104.387,963676.677
2024-07-30 18:00:00,963703.193,963930.638,959181.166,961010.038
2024-07-30 19:00:00,960836.089,962888.471,960703.966,962359.332
2024-07-30 20:00:00,962403.747,966858.421,960012.509,961300.271
2024-07-30 21:00:00,961252.913,965543.38,960982.466,965313.401
2024-07-30 22:00:00,965317.869,966687.994,962407.624,962610.145
2024-07-30 23:00:00,962655.189,962727.487,957679.693,960281.801
2024-07-31 00:00:00,960278.8,960393.422,951036.523,951271.383
2024-07-31 01:00:00,951244.246,955657.087,949135.217,955237.497
2024-07-31 02:00:00,955223.069,956034.186,948195.973,948225.689
2024-07-31 03:00:00,948442.12,949548.39,948098.183,949381.112
2024-07-31 04:00:00,949396.909,953634.497,949396.909,953469.793
2024-07-31 05:00:00,953493.1,953628.226,951119.904,951286.983
2024-07-31 06:00:00,951286.398,952556.098,950912.053,952489.408
2024-07-31 07:00:00,952476.522,954403.176,952458.557,953574.379
2024-07-31 08:00:00,953626.371,957032.37,953116.014,957026.532
2024-07-31 09:00:00,957025.971,957983.665,956762.59,957251.526
2024-07-31 10:00:00,957250.621,957764.317,954215.004,954553.901
2024-07-31 11:00:00,954766.05,958769.935,953692.266,953868.535
2024-07-31 12:00:00,953715.948,954548.752,951224.308,951893.106
2024-07-31 13:00:00,951874.725,954567.678,951212.576,954567.678
2024-07-31 14:00:00,954566.496,954661.305,952169.845,953699.215
2024-07-31 15:00:00,953784.638,955396.619,953418.22,955213.391
2024-07-31 16:00:00,955217.335,955572.229,952393.874,953978.163
2024-07-31 17:00:00,953970.973,962050.158,953263.19,962037.498
2024-07-31 18:00:00,962139.206,963965.311,962101.549,963584.023
2024-07-31 19:00:00,963587.867,965025.12,959440.15,962735.658
2024-07-31 20:00:00,962933.058,965674.13,959101.507,960230.182
2024-07-31 21:00:00,960237.75,960302.927,950993,951050.75
2024-07-31 22:00:00,951066.36,953723.017,948739.475,951036.28
2024-07-31 23:00:00,951088.508,952390.522,942180.359,942738.996
2024-08-01 00:00:00,942541.258,947341.24,937956.694,947341.24
2024-08-01 01:00:00,947302.042,948125.177,943117.712,947821.079
2024-08-01 02:00:00,947954.278,959114.897,946569.344,959114.897
2024-08-01 03:00:00,959117.544,961801.546,958765.147,961676.335
2024-08-01 04:00:00,961865.592,964415.691,961723.723,964048.993
2024-08-01 05:00:00,964049.137,965721.518,963348.384,965251.371
2024-08-01 06:00:00,965252.46,965458.639,962883.913,964485.506
2024-08-01 07:00:00,964492.583,968174.196,964472.885,965849.235
2024-08-01 08:00:00,965865.501,969219.347,962546.839,969104.849
2024-08-01 09:00:00,969084.369,971667.908,968392.416,971395.467
2024-08-01 10:00:00,971365.497,974696.078,966074.919,971006.283
2024-08-01 11:00:00,971026.078,977133.564,970763.18,974259.408
2024-08-01 12:00:00,974280.44,975827.68,973651.724,975497.676
2024-08-01 13:00:00,975590.587,977268.994,975315.612,976817.287
2024-08-01 14:00:00,976842.322,977282.33,974652.499,976469.623
2024-08-01 15:00:00,976473.668,979287.558,976236.951,977088.566
2024-08-01 16:00:00,977084.532,979622.954,975850.871,979447.438
2024-08-01 17:00:00,979451.17,980298.528,978592.122,978592.122
2024-08-01 18:00:00,978569.401,980639.98,976783.575,980141.032
2024-08-01 19:00:00,980138.412,980276.652,975567.443,976419.891
2024-08-01 20:00:00,976419.779,977209.717,969941.212,970971.145
2024-08-01 21:00:00,970940.509,971072.654,958778.834,962989.026
2024-08-01 22:00:00,962999.386,967427.733,962965.873,966559.432
2024-08-01 23:00:00,966572.932,975162.826,966427.974,970195.199
2024-08-02 00:00:00,970240.08,980195.896,970240.08,979583.906
2024-08-02 01:00:00,979547.213,979937.778,969344.013,969625.346
2024-08-02 02:00:00,969646.526,970690.411,964313.351,967474.892
2024-08-02 03:00:00,967478.131,967658.179,957871.461,958167.039
2024-08-02 04:00:00,958212.644,959532.168,954417.648,955541.091
2024-08-02 05:00:00,955495.444,956336.617,953832.32,953910.433
2024-08-02 06:00:00,953824.864,956483.706,953301.835,953301.835
2024-08-02 07:00:00,953158.521,953403.441,943874.582,945048.754
2024-08-02 08:00:00,945085.296,945511.232,937745.311,939712.929
2024-08-02 09:00:00,939716.605,940628.363,938333.546,939271.707
2024-08-02 10:00:00,939266.088,942115.841,939257.419,941729.549
2024-08-02 11:00:00,941716.554,943645.074,940048.079,941773.768
2024-08-02 12:00:00,941768.647,942901.396,939963.775,940727.597
2024-08-02 13:00:00,940713.848,946035.298,940192.253,946003.239
2024-08-02 14:00:00,946001.332,947843.142,944657.35,947751.197
2024-08-02 15:00:00,947822.032,948630.255,947563.443,948500.874
2024-08-02 16:00:00,948495.953,949565.963,947655.867,948453.724
2024-08-02 17:00:00,948211.44,949353.888,946709.02,946716.289
2024-08-02 18:00:00,946677.078,956744.753,945934.244,956744.753
2024-08-02 19:00:00,956795.62,960872.12,956101.57,957260.728
2024-08-02 20:00:00,957297.145,969156.673,950736.513,950738.289
2024-08-02 21:00:00,950718.45,964197.387,945655.771,961451.854
2024-08-02 22:00:00,961493.819,962480.347,957003.634,959651.046
2024-08-02 23:00:00,959767.484,963396.607,958726.829,962952.448
2024-08-03 00:00:00,962923.776,965715.019,961358.472,962174.216
2024-08-03 01:00:00,962207.112,965309.165,961458.552,962283.501
2024-08-03 02:00:00,962450.613,969370.876,960187.781,960230.873
2024-08-03 03:00:00,960158.937,960158.937,947096.685,948748.519
2024-08-03 04:00:00,948793.242,957601.605,948753.064,955945.446
2024-08-03 05:00:00,956043.694,958569.49,952965.41,953176.177
2024-08-03 06:00:00,953198.535,953269.94,937423.682,937423.682
2024-08-03 07:00:00,937065.501,939583.367,934613.449,937332.3
2024-08-03 08:00:00,937272.395,938797.698,937264.844,937453.44
2024-08-03 09:00:00,937398.211,938977.785,936013.733,936339.911
2024-08-03 10:00:00,936341.342,936414.13,932387.884,933569.04
2024-08-03 11:00:00,933573.977,936197.091,933331.796,935957.999
2024-08-03 12:00:00,935934.112,939330.363,935884.64,939330.363
2024-08-03 13:00:00,939336.7,941427.28,938981.377,940112.509
2024-08-03 14:00:00,940118.419,940167.11,938824.172,939607.265
2024-08-03 15:00:00,939585.187,940073.341,938978.713,939066.445
2024-08-03 16:00:00,939049.036,939889.362,938269.639,938305.05
2024-08-03 17:00:00,938300.894,938402.111,932326.37,932417.603
2024-08-03 18:00:00,932425.361,932505.157,928609.929,928893.473
2024-08-03 19:00:00,928847.133,928893.26,925563.434,926380.517
2024-08-03 20:00:00,926377.024,927529.328,925851.716,927290.849
2024-08-03 21:00:00,927266.078,930760.335,921061.74,921186.775
2024-08-03 22:00:00,921185.483,922351.678,916110.827,916518.44
2024-08-03 23:00:00,916590.029,917841.574,914186.948,914511.447
2024-08-04 00:00:00,914639.688,916967.166,912388.872,913833.685
2024-08-04 01:00:00,913805.048,914678.472,906757.988,907804.679
2024-08-04 02:00:00,907833.73,910556.943,905009.003,905507.861
2024-08-04 03:00:00,905553.776,907059.898,893754.138,895325.844
2024-08-04 04:00:00,895392.778,898255.116,894678.825,897767.811
2024-08-04 05:00:00,897791.685,897821.322,895512.871,896557.982
2024-08-04 06:00:00,896595.279,897657.508,895713.793,895778.566
2024-08-04 07:00:00,895948.159,897171.149,893097.077,893119.764
2024-08-04 08:00:00,893116.028,894966.683,893114.205,894055.896
2024-08-04 09:00:00,894069.281,895417.714,894069.281,895417.714
2024-08-04 10:00:00,895393.286,897162.544,895374.072,897162.544
2024-08-04 11:00:00,897170.982,898138.742,897170.982,898094.693
2024-08-04 12:00:00,897992.342,898127.833,896035.142,896800.566
2024-08-04 13:00:00,896801.207,897746.85,895696.073,895794.232
2024-08-04 14:00:00,895799.339,904209.401,894152.333,903030.144
2024-08-04 15:00:00,903018.621,904983.762,902194.334,902265.182
2024-08-04 16:00:00,902264.77,906505.8,901742.016,906473.898
2024-08-04 17:00:00,906443.24,907863.136,904790.154,905060.34
2024-08-04 18:00:00,905036.385,907410.661,904932.723,905941.73
2024-08-04 19:00:00,905990.019,906844.514,904958.001,906844.514
2024-08-04 20:00:00,906859.917,916016.179,905043.495,914969
2024-08-04 21:00:00,915107.095,920367.071,913362.299,917897.267
2024-08-04 22:00:00,917945.793,927138.547,917945.793,924578.174
2024-08-04 23:00:00,924506.518,930783.812,904173.555,904597.602
2024-08-05 00:00:00,904700.162,905975.308,884568.203,888966.646
2024-08-05 01:00:00,888999.409,894786.489,886629.12,887786.843
2024-08-05 02:00:00,887774.914,887779.334,882948.796,885298.679
2024-08-05 03:00:00,885320.097,902325.707,885320.097,902213.695
2024-08-05 04:00:00,902286.898,904560.342,897338.195,900882.488
2024-08-05 05:00:00,900858.026,908525.834,900858.026,908525.834
2024-08-05 06:00:00,908678.484,914159.446,888629.172,894530.275
2024-08-05 07:00:00,893829.308,963072.119,883715.804,937818.069
2024-08-05 08:00:00,937247.891,937543.255,883817.438,883817.438
2024-08-05 09:00:00,883612.115,884107.616,869529.37,869654.492
2024-08-05 10:00:00,868645.004,868645.004,851072.441,853998.334
2024-08-05 11:00:00,853877.312,853877.312,835322.479,836215.177
2024-08-05 12:00:00,836318.208,842230.624,826428.204,826428.204
2024-08-05 13:00:00,826088.837,827250.104,815631.178,823058.747
2024-08-05 14:00:00,823072.877,823668.582,804241.019,804945.928
2024-08-05 15:00:00,804955.843,806155.86,798593.024,805397.455
2024-08-05 16:00:00,805894.856,807791.831,795332.37,801398.749
2024-08-05 17:00:00,801373.007,817495.087,796826.379,817181.281
2024-08-05 18:00:00,817413.545,820033.064,810678.545,818556.721
2024-08-05 19:00:00,818535.704,820140.881,803298.832,808871.302
2024-08-05 20:00:00,808821.886,808981.585,795274.99,797089.163
2024-08-05 21:00:00,797079.423,800888.655,793805.473,800888.655
2024-08-05 22:00:00,800828.786,810478.999,800828.786,805650.536
2024-08-05 23:00:00,805787.051,809109.195,797981.053,798032.623
2024-08-06 00:00:00,798071.323,799895.698,792654.66,794745.244
2024-08-06 01:00:00,794992.511,795138.28,785018.329,785018.329
2024-08-06 02:00:00,784680.86,785838.346,774515.849,774597.785
2024-08-06 03:00:00,774606.342,774827.334,767625.398,768783.286
2024-08-06 04:00:00,768882.476,772127.152,768882.476,770428.517
2024-08-06 05:00:00,770470.646,777073.458,768419.95,777022.129
2024-08-06 06:00:00,776938.18,794944.745,776597.291,785170.742
2024-08-06 07:00:00,784852.939,789216.579,782440.019,788945.141
2024-08-06 08:00:00,788959.065,789459.577,784920.94,785247.593
2024-08-06 09:00:00,785296.88,787122.567,784536.396,785785.02
2024-08-06 10:00:00,785794.591,787299.284,784582.4,787005.771
2024-08-06 11:00:00,787064.896,792230.864,787064.896,791082.222
2024-08-06 12:00:00,791103.589,793226.525,788101.865,791050.454
2024-08-06 13:00:00,791043.239,791559.385,782892.755,785016.786
2024-08-06 14:00:00,784999.719,784999.719,774413.016,778025.64
2024-08-06 15:00:00,778018.322,781040.56,777312.743,780968.161
2024-08-06 16:00:00,780961.867,786761.485,779619.633,786761.485
2024-08-06 17:00:00,786791.824,789708.358,785588.96,785665.374
2024-08-06 18:00:00,785636.887,787172.473,780971.984,785284.302
2024-08-06 19:00:00,785301.635,796238.107,779893.398,794268.624
2024-08-06 20:00:00,794238.09,799947.365,788333.647,792123.057
2024-08-06 21:00:00,792117.599,795093.467,791615.857,791617.375
2024-08-06 22:00:00,791602.585,795802.486,791029.179,795198.405
2024-08-06 23:00:00,795108.317,811871.104,793771.659,811147.536
2024-08-07 00:00:00,811159.437,814711.693,809778.25,810722.976
2024-08-07 01:00:00,810763.894,811974.189,809352.769,810942.418
2024-08-07 02:00:00,810963.007,811820.841,806610.27,806610.27
2024-08-07 03:00:00,806515.281,806515.281,800643.619,801274.787
2024-08-07 04:00:00,801279.11,802221.261,796491.715,799378.812
2024-08-07 05:00:00,799385.256,802126.557,797058.424,800637.203
2024-08-07 06:00:00,800812.603,803161.454,798090.439,798349.433
2024-08-07 07:00:00,798358.616,799781.128,791939.594,797750.691
2024-08-07 08:00:00,797752.579,809334.299,796936.669,808807.5
2024-08-07 09:00:00,808854.622,819011.851,807664.939,818932.795
2024-08-07 10:00:00,818975.794,821720.437,815796.582,821720.437
2024-08-07 11:00:00,821720.638,822960.374,819756.228,820445.903
2024-08-07 12:00:00,820441.134,828669.969,820441.134,828654.25
2024-08-07 13:00:00,828646.29,830485.635,827843.345,829698.437
2024-08-07 14:00:00,829703.521,834864.089,828904.406,834828.082
2024-08-07 15:00:00,834816.249,840855.972,833958.493,837731.767
2024-08-07 16:00:00,837742.601,840013.64,829355.575,829355.575
2024-08-07 17:00:00,829353.611,845201.652,828471.383,845201.652
2024-08-07 18:00:00,845247.794,851036.371,844656.518,848466.811
2024-08-07 19:00:00,848473.671,851753.501,846838.056,851365.939
2024-08-07 20:00:00,851346.694,851394.931,832325.3,837905.309
2024-08-07 21:00:00,838064.804,844000.632,835569.875,837473.395
2024-08-07 22:00:00,837741.565,838122.866,829864.12,829996.908
2024-08-07 23:00:00,830025.887,840076.479,827951.388,839031.348
2024-08-08 00:00:00,839131.586,841019.376,828229.384,829078.533
2024-08-08 01:00:00,829178.419,829372.061,826412.452,827073.834
2024-08-08 02:00:00,827100.072,827145.419,816319.657,817278.513
2024-08-08 03:00:00,817311.955,819088.087,812752.028,812963.028
2024-08-08 04:00:00,812954.955,817110.412,812950.955,814107.502
2024-08-08 05:00:00,814108.476,817053.991,813460.971,816245.125
2024-08-08 06:00:00,816280.209,825659.66,815916.151,825437.077
2024-08-08 07:00:00,825480.481,827191.659,805968.785,806029.299
2024-08-08 08:00:00,805896.469,805896.469,793741.532,794233.295
2024-08-08 09:00:00,794229.379,794588.205,786158.615,787412.486
2024-08-08 10:00:00,787413.265,788530.526,786166.143,787229.143
2024-08-08 11:00:00,787174.289,788711.453,784213.829,788711.453
2024-08-08 12:00:00,788701.016,792344.011,786314.088,791753.521
2024-08-08 13:00:00,791821.978,795342.046,791821.978,794168.426
2024-08-08 14:00:00,794172.875,796942.651,793340.13,796754.402
2024-08-08 15:00:00,796824.547,801224.578,796466.218,798645.511
2024-08-08 16:00:00,798639.162,802407.313,797207.824,802086.461
2024-08-08 17:00:00,802055.344,805196.315,802047.789,805096.434
2024-08-08 18:00:00,805117.656,807879.122,791941.116,801590.201
2024-08-08 19:00:00,801494.716,815114.788,801177.632,812352.563
2024-08-08 20:00:00,812278.487,812466.646,803055.8,806288.515
2024-08-08 21:00:00,806269.953,824571.903,806196.671,824554.939
2024-08-08 22:00:00,824572.374,834714.092,816310.506,831564.629
2024-08-08 23:00:00,831564.987,832877.566,822168.533,826020.643
2024-08-09 00:00:00,826064.368,830026.46,825698.822,826768.583
2024-08-09 01:00:00,826708.426,826708.426,819886.319,821966.065
2024-08-09 02:00:00,821990.714,822172.61,820043.343,820401.781
2024-08-09 03:00:00,820364.878,824340.766,815080.596,818950.706
2024-08-09 04:00:00,819299.699,822950.385,803258.598,803258.598
2024-08-09 05:00:00,803213.554,803575.66,797700.162,801836.745
2024-08-09 06:00:00,801835.033,815123.264,800090.034,810494.271
2024-08-09 07:00:00,810621.392,811419.024,804757.425,808563.482
2024-08-09 08:00:00,808613.642,812843.142,808348.035,812603.015
2024-08-09 09:00:00,812584.097,817558.594,811773.138,817463.024
2024-08-09 10:00:00,817464.776,822056.713,815926.366,815964.694
2024-08-09 11:00:00,815957.479,816190.786,808080.765,810373.352
2024-08-09 12:00:00,810344.453,815437.917,810118.819,815208.607
2024-08-09 13:00:00,815174.123,817670.897,813793.353,817187.891
2024-08-09 14:00:00,817179.203,821562.057,817065.604,820931.763
2024-08-09 15:00:00,820956.888,826663.253,818521.008,824958.152
2024-08-09 16:00:00,824964.572,826204.037,810228.125,816435.391
2024-08-09 17:00:00,816457.939,820515.883,816190.495,820358.909
2024-08-09 18:00:00,820343.432,820343.432,813152.147,817573.99
2024-08-09 19:00:00,817554.757,818199.966,808639.537,812822.54
2024-08-09 20:00:00,812811.946,812921.668,792099.042,799290.492
2024-08-09 21:00:00,799333.371,806455.527,799333.371,804692.697
2024-08-09 22:00:00,804692.697,806708.085,802478.723,805171.22
2024-08-09 23:00:00,805111.113,805123.146,795585.611,797282.199
2024-08-10 00:00:00,797298.534,800504.646,796191.256,800504.646
2024-08-10 01:00:00,800521.976,801146.065,799810.487,801009.997
2024-08-10 02:00:00,801038.863,801293.841,799591.185,799591.185
2024-08-10 03:00:00,799585.077,799585.077,792040.711,792640.149
2024-08-10 04:00:00,792696.487,793053.27,786993.321,787574.5
2024-08-10 05:00:00,787567.24,793142.621,787485.952,793138.241
2024-08-10 06:00:00,793138.381,793158.277,786006.723,788018.405
2024-08-10 07:00:00,788012.628,791615.203,788012.628,789324.63
2024-08-10 08:00:00,789296.085,789792.666,788666.233,789655.472
2024-08-10 09:00:00,789617.69,791534.631,789245.005,791349.084
2024-08-10 10:00:00,791341.608,791395.248,789390.6,789829.281
2024-08-10 11:00:00,789817.838,790554.768,789667.71,789946.738
2024-08-10 12:00:00,789961.859,792005.745,789719.531,790540.775
2024-08-10 13:00:00,790545.945,792113.198,788302.093,791928.765
2024-08-10 14:00:00,792184.347,792246.281,788917.614,789388.75
2024-08-10 15:00:00,789396.765,791377.163,789394.954,790565.13
2024-08-10 16:00:00,790570.15,792692.807,790564.041,792374.964
2024-08-10 17:00:00,792383.588,799444.606,792131.432,799418.332
2024-08-10 18:00:00,799412.346,800508.372,799412.346,800494.587
2024-08-10 19:00:00,800497.083,800828.32,795132.532,799340.732
2024-08-10 20:00:00,799359.688,801519.486,799359.688,800961.022
2024-08-10 21:00:00,800932.662,801807.439,798798.2,801058.324
2024-08-10 22:00:00,801052.921,803994.503,801052.921,803829.613
2024-08-10 23:00:00,803858.594,804719.366,801704.843,802699.222
2024-08-11 00:00:00,802749.567,803544.953,798545.346,800530.083
2024-08-11 01:00:00,800536.463,801317.65,799749.588,801016.234
2024-08-11 02:00:00,801065.591,802425.182,801035.763,801283.722
2024-08-11 03:00:00,801272.744,801329.902,799032.29,799345.896
2024-08-11 04:00:00,799393.261,802114.742,799393.261,802114.714
2024-08-11 05:00:00,802102.072,802110.129,801308.973,801745.183
2024-08-11 06:00:00,801795.158,806919.743,801607.416,804326.037
2024-08-11 07:00:00,804289.23,805125.123,804030.384,804886.206
2024-08-11 08:00:00,804900.408,805506.632,804500.328,804702.118
2024-08-11 09:00:00,804700.443,805612.559,799945.968,805320.36
2024-08-11 10:00:00,805333.743,808904.617,804412.412,808638.873
2024-08-11 11:00:00,808626.411,814640.132,808585.261,814506.174
2024-08-11 12:00:00,814538.548,818163.683,814280.539,818143.999
2024-08-11 13:00:00,818154.794,821824.642,816784.487,818766.654
2024-08-11 14:00:00,818767.11,823778.796,818298.949,823070.857
2024-08-11 15:00:00,823089.357,829744.548,823067.118,827247.289
2024-08-11 16:00:00,827257.606,828003.325,824576.806,827556.944
2024-08-11 17:00:00,827566.961,828819.498,820905.395,824210.93
2024-08-11 18:00:00,824213.724,827408.043,821994.525,822845.443
2024-08-11 19:00:00,822856.857,827747.349,822546.193,826271.818
2024-08-11 20:00:00,826320.097,827639.264,819551.955,819857.212
2024-08-11 21:00:00,819835.695,824203.646,819610.882,822342.402
2024-08-11 22:00:00,822341.188,827992.24,822196.899,826571.572
2024-08-11 23:00:00,826585.91,827246.031,824650.178,825537.593
2024-08-12 00:00:00,825628.785,827488.375,824719.719,824719.719
2024-08-12 01:00:00,824768.998,826146.228,821174.002,825502.635
2024-08-12 02:00:00,825481.435,826352.979,812422.926,812717.443
2024-08-12 03:00:00,812820.543,813008.898,808151.741,809507.495
2024-08-12 04:00:00,809628.164,816062.875,809128.857,813920.681
2024-08-12 05:00:00,813845.42,815196.054,812327.261,812545.633
2024-08-12 06:00:00,812554.509,813288.247,806252.143,809748.596
2024-08-12 07:00:00,809764.15,811275.675,808714.417,809172.267
2024-08-12 08:00:00,809177.998,809858.213,807976.373,809671.935
2024-08-12 09:00:00,809755.344,809760.335,806317.832,806729.019
2024-08-12 10:00:00,806728.544,807856.444,806301.83,807184.8
2024-08-12 11:00:00,807216.511,809801.093,807216.511,809774.157
2024-08-12 12:00:00,809772.787,816631.445,809156.386,816631.445
2024-08-12 13:00:00,816687.988,817507,811676.765,816364.078
2024-08-12 14:00:00,816361.422,817078.068,810648.968,810730.95
2024-08-12 15:00:00,810746.92,820065.227,810746.92,819232.686
2024-08-12 16:00:00,819322.186,823051.287,814611.054,819741.728
2024-08-12 17:00:00,819781.236,823353.861,812487.582,823283.662
2024-08-12 18:00:00,823318.018,824167.386,814580.039,816783.465
2024-08-12 19:00:00,816832.215,818571.963,793912.029,795064.359
2024-08-12 20:00:00,795105.471,799125.393,787840.711,790466.129
2024-08-12 21:00:00,790396.907,792421.827,784959.897,787835.572
2024-08-12 22:00:00,788268.37,788479.6,780954.22,781045.047
2024-08-12 23:00:00,781076.707,783041.366,780361.094,782817.594
2024-08-13 00:00:00,782829.911,782948.438,775955.643,777122.866
2024-08-13 01:00:00,776892.289,779361.706,776217.52,779217.727
2024-08-13 02:00:00,779180.67,782941.89,774692.277,781605.035
2024-08-13 03:00:00,781600.005,781789.284,779639.579,781067.079
2024-08-13 04:00:00,780967.565,787841.405,780828.213,787043.774
2024-08-13 05:00:00,787248.047,797691.703,785459.115,794857.58
2024-08-13 06:00:00,794864.144,794906.574,791233.386,791612.283
2024-08-13 07:00:00,791719.41,794414.794,790632.508,794382.396
2024-08-13 08:00:00,794388.831,794820.636,784963.108,787125.4
2024-08-13 09:00:00,787117.086,787338.567,755062.113,757623.636
2024-08-13 10:00:00,757603.494,758592.283,754572.923,754579.478
2024-08-13 11:00:00,754588.272,755046.197,751707.269,752030.164
2024-08-13 12:00:00,752038.867,754485.792,751302.62,752121.997
2024-08-13 13:00:00,752135.945,753621.802,751761.475,753480.104
2024-08-13 14:00:00,753453.963,759088.151,753443.485,759041.094
2024-08-13 15:00:00,759049.868,761491.054,758411.861,760379.386
2024-08-13 16:00:00,760408.543,760665.538,756414.313,759452.518
2024-08-13 17:00:00,759422.029,760084.635,757561.432,757817.157
2024-08-13 18:00:00,757809.256,764355.758,755680.36,763597.346
2024-08-13 19:00:00,763561.355,770248.08,761939.992,761939.992
2024-08-13 20:00:00,761978.221,764133.7,755716.131,760168.998
2024-08-13 21:00:00,760138.77,761301.962,757286.409,758471.265
2024-08-13 22:00:00,758471.074,767597.504,754527.883,764443.294
2024-08-13 23:00:00,764452.392,773222.268,762909.628,773222.268
2024-08-14 00:00:00,773295.019,783226.092,766280.221,766332.43
2024-08-14 01:00:00,766405.77,770514.643,761445.6,762318.226
2024-08-14 02:00:00,762427.875,764875.908,761468.309,761488.905
2024-08-14 03:00:00,761494.124,761500.735,755584.812,757267.966
2024-08-14 04:00:00,757280.591,758952.839,756436.529,758571.055
2024-08-14 05:00:00,758583.914,760352.144,757139.384,760001.714
2024-08-14 06:00:00,760000.748,762208.505,759735.773,762152.464
2024-08-14 07:00:00,762185.134,762768.154,760573.112,760608.929
2024-08-14 08:00:00,760601.295,764816.936,760496.351,764780.136
2024-08-14 09:00:00,764750.87,767348.493,764750.87,765589.863
2024-08-14 10:00:00,765631.785,766479.69,764543.482,766215.695
2024-08-14 11:00:00,766278.084,767988.557,764627.278,764843.024
2024-08-14 12:00:00,764882.296,769518.772,763549.126,767261.507
2024-08-14 13:00:00,767360.354,767361.029,766054.757,766653.42
2024-08-14 14:00:00,766677.687,767054.165,765185.463,767049.341
2024-08-14 15:00:00,767053.821,767716.665,766195.189,766605.707
2024-08-14 16:00:00,766602.136,776713.555,766420.101,769874.92
2024-08-14 17:00:00,769858.41,774275.435,769646.971,773721.303
2024-08-14 18:00:00,773742.522,786559.883,773693.317,785115.743
2024-08-14 19:00:00,785148.962,785781.154,768337.031,770239.308
2024-08-14 20:00:00,770046.12,786010.062,767781.685,784661.496
2024-08-14 21:00:00,784651.807,788838.051,782951.156,787702.062
2024-08-14 22:00:00,787699.085,796261.372,787324.886,793065.766
2024-08-14 23:00:00,793075.942,794163.665,792153.006,792692.186
2024-08-15 00:00:00,792602.553,792979.271,791385.814,791386.476
2024-08-15 01:00:00,791369.752,791385.365,786741.53,786741.53
2024-08-15 02:00:00,786746.627,787535.772,783176.94,783247.986
2024-08-15 03:00:00,783259.841,783390.604,776678.514,776825.991
2024-08-15 04:00:00,776913.391,782154.489,776250.133,779054.744
2024-08-15 05:00:00,779029.825,779736.896,778966.756,778998.553
2024-08-15 06:00:00,779005.731,779274.964,775166.989,775387.934
2024-08-15 07:00:00,775389.281,776682.299,772852.573,776682.299
2024-08-15 08:00:00,776869.157,790140.897,776845.099,785737.365
2024-08-15 09:00:00,785793.257,787794.838,785793.257,787753.785
2024-08-15 10:00:00,787755.944,788952.221,786896.471,788922.536
2024-08-15 11:00:00,788936.643,790730.039,788321.687,790730.039
2024-08-15 12:00:00,790730.712,795245.062,786550.522,795139.464
2024-08-15 13:00:00,795150.916,795897.932,787030.019,789428.355
2024-08-15 14:00:00,789497.542,791089.563,788737.542,788737.542
2024-08-15 15:00:00,788665.693,788679.64,785202.646,786063.159
2024-08-15 16:00:00,786121.737,789367.92,786015.053,789256.511
2024-08-15 17:00:00,789242.105,791477.348,788048.024,791455.507
2024-08-15 18:00:00,791544.615,793173.862,778712.516,779372.465
2024-08-15 19:00:00,779395.688,781623.541,777435.792,780138.082
2024-08-15 20:00:00,780098.12,781075.127,775827.025,779175.035
2024-08-15 21:00:00,779188.428,779392.916,766843.332,766997.813
2024-08-15 22:00:00,767017.264,772882.442,765539.143,772882.442
2024-08-15 23:00:00,772879.944,773342.485,763581.412,763732.878
2024-08-16 00:00:00,763721.33,763721.33,743682.606,750078.623
2024-08-16 01:00:00,750320.921,753129.297,749059.128,752141.264
2024-08-16 02:00:00,752225.203,761501.851,752098.402,754220.949
2024-08-16 03:00:00,754146.86,756626.165,751532.979,752394.235
2024-08-16 04:00:00,752397.563,755090.397,750742.434,751256.847
2024-08-16 05:00:00,751261.694,752228.352,750669.133,751187.775
2024-08-16 06:00:00,751187.775,758437.135,750487.053,758192.981
2024-08-16 07:00:00,758155.861,758486.796,754381.084,756997.237
2024-08-16 08:00:00,757003.716,757979,745086.313,748027.123
2024-08-16 09:00:00,748041.731,751054.22,747223.146,751005.858
2024-08-16 10:00:00,751030.414,752101.815,750646.569,752030.782
2024-08-16 11:00:00,752000.087,755752.603,751746.997,753576.357
2024-08-16 12:00:00,753565.395,761355.504,752753.705,761088.983
2024-08-16 13:00:00,761103.037,762821.73,760289.732,762336.106
2024-08-16 14:00:00,762409.681,763316.229,758102.366,763316.229
2024-08-16 15:00:00,763330.684,766885.843,763330.684,766885.843
2024-08-16 16:00:00,766898.853,768322.718,766059.349,767544.08
2024-08-16 17:00:00,767563.239,774933.854,767436.398,774282.148
2024-08-16 18:00:00,774153.409,778801.778,769680.386,771245.055
2024-08-16 19:00:00,771269.239,772692.08,757669.462,760633.312
2024-08-16 20:00:00,760835.378,764769.835,760471.848,762637.243
2024-08-16 21:00:00,762636.886,774074.725,762459.326,769293.092
2024-08-16 22:00:00,769244.914,769485.446,761898.035,763818.315
2024-08-16 23:00:00,763759.441,767350.985,762301.334,766108.254
2024-08-17 00:00:00,766051.443,772035.574,760168.39,770578.901
2024-08-17 01:00:00,770558.659,770558.659,764129.318,766685.261
2024-08-17 02:00:00,766707.104,768999.671,765130.358,766538.923
2024-08-17 03:00:00,766081.267,767031.559,760931.526,762062.306
2024-08-17 04:00:00,762053.308,764160.333,762053.308,764160.333
2024-08-17 05:00:00,764128.582,766245.941,764128.582,764989.075
2024-08-17 06:00:00,764989.075,766105.983,764320.558,764382.789
2024-08-17 07:00:00,764382.082,764497.723,762021.367,762911.139
2024-08-17 08:00:00,762712.059,762765.99,761420.583,762479.126
2024-08-17 09:00:00,762477.081,765269.77,762353.429,765180.012
2024-08-17 10:00:00,765210.294,766825.133,765210.294,765866.56
2024-08-17 11:00:00,765870.468,768759.226,765870.468,768702.058
2024-08-17 12:00:00,768700.137,769806.018,768666.747,769626.452
2024-08-17 13:00:00,769649.978,770877.649,769147.815,770858.229
2024-08-17 14:00:00,770873.71,772826.911,770680.628,772676.883
2024-08-17 15:00:00,772679.08,772679.08,769715.745,770026.618
2024-08-17 16:00:00,770028.748,775119.765,769957.754,775102.199
2024-08-17 17:00:00,775177,776679.423,775177,776103.845
2024-08-17 18:00:00,776074.703,776899.232,776044.079,776409.985
2024-08-17 19:00:00,776410.445,778066.236,774888.547,777155.143
2024-08-17 20:00:00,777175.987,778727.737,776551.685,778274.026
2024-08-17 21:00:00,778291.685,781480.269,778198.353,779100.021
2024-08-17 22:00:00,779101.283,779639.899,769457.491,769482.598
2024-08-17 23:00:00,769503.019,770290.259,768540.76,769954.187
2024-08-18 00:00:00,769977.008,769981.811,765080.099,765084.17
2024-08-18 01:00:00,765071.315,765829.659,764516.532,765376.997
2024-08-18 02:00:00,765366.367,766038.582,765303.781,765392.908
2024-08-18 03:00:00,765392.684,765473.969,756254.419,756620.439
2024-08-18 04:00:00,756635.324,759070.152,756255.782,759028.447
2024-08-18 05:00:00,759052.181,759380.858,758425.746,758460.096
2024-08-18 06:00:00,758438.239,758842.56,757669.96,758176.962
2024-08-18 07:00:00,758159.007,758159.007,755076.443,756145.706
2024-08-18 08:00:00,756139.102,757623.537,752981.12,753060.038
2024-08-18 09:00:00,753016.219,753189.181,746775.492,749853.972
2024-08-18 10:00:00,749892.003,752144.608,748948.518,752144.608
2024-08-18 11:00:00,752148.25,754003.543,751523.283,753867.975
2024-08-18 12:00:00,753868.269,755273.948,753759.225,755273.926
2024-08-18 13:00:00,755272.762,757238.505,755247.778,757235.931
2024-08-18 14:00:00,757211.508,757312.536,755850.351,755932.52
2024-08-18 15:00:00,755920.872,766492.485,749785.707,750947.776
2024-08-18 16:00:00,750954.438,757792.179,749964.435,756377.189
2024-08-18 17:00:00,756407.805,757561.99,755759.058,756720.513
2024-08-18 18:00:00,756678.983,776414.467,756630.812,772447.495
2024-08-18 19:00:00,772455.21,790862.164,772455.21,788372.029
2024-08-18 20:00:00,788395.234,788395.234,785369.328,786489.899
2024-08-18 21:00:00,786482.968,787255.721,785572.759,787202.838
2024-08-18 22:00:00,787207.047,789361.181,785676.02,785715.367
2024-08-18 23:00:00,785685.654,787426.894,782199.349,785739.812
2024-08-19 00:00:00,785739.87,787639.126,785518.055,787507.113
2024-08-19 01:00:00,787499.859,787695.923,785710.393,786813.421
2024-08-19 02:00:00,786781.728,787222.785,785625.887,785644.325
2024-08-19 03:00:00,785640.61,785839.53,779108.718,779358.736
2024-08-19 04:00:00,779395.874,782572.47,778950.002,781310.417
2024-08-19 05:00:00,781316.197,785527.603,778300.258,781927.297
2024-08-19 06:00:00,781997.537,786615.953,781997.537,786437.085
2024-08-19 07:00:00,786449.571,802932.465,785100.502,802291.641
2024-08-19 08:00:00,802300.363,804943.885,802071.105,804597.051
2024-08-19 09:00:00,804579.5,805165.325,801130.085,802210.89
2024-08-19 10:00:00,802213.601,802213.601,797671.772,798731.754
2024-08-19 11:00:00,798730.759,799170.461,796151.826,797298.468
2024-08-19 12:00:00,797327.738,799238.41,797051.992,798512.776
2024-08-19 13:00:00,798485.443,798742.261,784670.878,784800.189
2024-08-19 14:00:00,784790.577,787541.332,784705.175,787536.972
2024-08-19 15:00:00,787544.722,792124.452,767250.777,774507.818
2024-08-19 16:00:00,774644.426,780249.909,773361.953,780211.503
2024-08-19 17:00:00,780229.131,785008.181,780229.131,783542.574
2024-08-19 18:00:00,783576.548,786071.475,783576.548,785140.255
2024-08-19 19:00:00,785140.426,786563.433,780656.173,786563.433
2024-08-19 20:00:00,786706.753,791441.282,786359.771,786399.707
2024-08-19 21:00:00,786406.752,793826.185,783931.637,793388.867
2024-08-19 22:00:00,793437.139,794226.903,792059.423,792215.383
2024-08-19 23:00:00,792209.81,793241.715,766618.662,767558.327
2024-08-20 00:00:00,767561.724,775108.536,767530.841,773816.493
2024-08-20 01:00:00,773822.733,777114.167,773822.733,776926.515
2024-08-20 02:00:00,776866.697,778441.035,772634.19,772815.385
2024-08-20 03:00:00,772840.92,772859.395,768764.391,768764.391
