2024-06-20 03:00:00,56,82
2024-06-20 04:00:00,387,0
2024-06-20 05:00:00,109,7
2024-06-20 06:00:00,101,36
2024-06-20 07:00:00,562,1277
2024-06-20 08:00:00,468,19
2024-06-20 09:00:00,1335,14
2024-06-20 10:00:00,141,72
2024-06-20 11:00:00,79,1552
2024-06-20 12:00:00,33,368
2024-06-20 13:00:00,0,1517
2024-06-20 14:00:00,181,62
2024-06-20 15:00:00,4,6
2024-06-20 16:00:00,152,2801
2024-06-20 17:00:00,555,2423
2024-06-20 18:00:00,371,1
2024-06-20 19:00:00,2239,262
2024-06-20 20:00:00,2217,179
2024-06-20 21:00:00,555,4
2024-06-20 22:00:00,1786,187
2024-06-20 23:00:00,0,450
2024-06-21 00:00:00,132,93
2024-06-21 01:00:00,597,41
2024-06-21 02:00:00,83,3
2024-06-21 03:00:00,40,26
2024-06-21 04:00:00,8,0
2024-06-21 05:00:00,452,0
2024-06-21 06:00:00,3796,27
2024-06-21 07:00:00,4,64
2024-06-21 08:00:00,266,14
2024-06-21 09:00:00,1741,0
2024-06-21 10:00:00,43,101
2024-06-21 11:00:00,182,23
2024-06-21 12:00:00,131,0
2024-06-21 13:00:00,3601,17
2024-06-21 14:00:00,3509,70
2024-06-21 15:00:00,3,4628
2024-06-21 16:00:00,94,5
2024-06-21 17:00:00,27,48
2024-06-21 18:00:00,590,45
2024-06-21 19:00:00,1130,162
2024-06-21 20:00:00,26,1814
2024-06-21 21:00:00,871,201
2024-06-21 22:00:00,399,42
2024-06-21 23:00:00,2211,223
2024-06-22 00:00:00,1098,665
2024-06-22 01:00:00,43,834
2024-06-22 02:00:00,139,550
2024-06-22 03:00:00,1837,444
2024-06-22 04:00:00,10,343
2024-06-22 05:00:00,113,830
2024-06-22 06:00:00,988,6
2024-06-22 07:00:00,0,19
2024-06-22 08:00:00,13,160
2024-06-22 09:00:00,20,76
2024-06-22 10:00:00,0,57
2024-06-22 11:00:00,0,536
2024-06-22 12:00:00,50,700
2024-06-22 13:00:00,190,162
2024-06-22 14:00:00,1050,2
2024-06-22 15:00:00,1,86
2024-06-22 16:00:00,14,8
2024-06-22 17:00:00,25,1
2024-06-22 18:00:00,74,162
2024-06-22 19:00:00,26,7
2024-06-22 21:00:00,0,112
2024-06-22 21:00:00,0,112
2024-06-22 22:00:00,10,1
2024-06-22 23:00:00,31,27
2024-06-23 01:00:00,76,0
2024-06-23 01:00:00,76,0
2024-06-23 02:00:00,1598,0
2024-06-23 03:00:00,26,0
2024-06-23 04:00:00,24,3
2024-06-23 05:00:00,300,0
2024-06-23 06:00:00,14,377
2024-06-23 07:00:00,5,7
2024-06-23 08:00:00,8,1
2024-06-23 10:00:00,0,48
2024-06-23 10:00:00,0,48
2024-06-23 14:00:00,40,18
2024-06-23 14:00:00,40,18
2024-06-23 14:00:00,40,18
2024-06-23 14:00:00,40,18
2024-06-23 15:00:00,21,0
2024-06-23 16:00:00,252,26
2024-06-23 17:00:00,53,0
2024-06-23 18:00:00,0,56
2024-06-23 19:00:00,143,0
2024-06-23 20:00:00,1193,0
2024-06-23 21:00:00,757,0
2024-06-23 22:00:00,1801,0
2024-06-23 23:00:00,1,128
2024-06-24 00:00:00,3,397
2024-06-24 01:00:00,97,62
2024-06-24 02:00:00,1193,0
2024-06-24 03:00:00,282,231
2024-06-24 04:00:00,867,0
2024-06-24 05:00:00,887,77
2024-06-24 06:00:00,604,189
2024-06-24 07:00:00,5979,41
2024-06-24 08:00:00,1535,134
2024-06-24 09:00:00,338,62
2024-06-24 10:00:00,887,28
2024-06-24 11:00:00,7607,72
2024-06-24 12:00:00,35,530
2024-06-24 13:00:00,2,168
2024-06-24 14:00:00,308,771
2024-06-24 15:00:00,2794,1096
2024-06-24 16:00:00,122,2903
2024-06-24 17:00:00,226,64
2024-06-24 18:00:00,75,2030
2024-06-24 19:00:00,800,634
2024-06-24 20:00:00,474,436
2024-06-24 21:00:00,2055,12
2024-06-24 22:00:00,847,527
2024-06-24 23:00:00,1090,2539
2024-06-25 00:00:00,304,2495
2024-06-25 01:00:00,971,296
2024-06-25 02:00:00,1141,681
2024-06-25 03:00:00,30,1752
2024-06-25 04:00:00,23,316
2024-06-25 05:00:00,0,840
2024-06-25 06:00:00,5,4901
2024-06-25 07:00:00,65,5
2024-06-25 08:00:00,159,635
2024-06-25 09:00:00,17,4182
2024-06-25 10:00:00,3,114
2024-06-25 11:00:00,286,82
2024-06-25 12:00:00,73,26
2024-06-25 13:00:00,201,0
2024-06-25 14:00:00,638,5
2024-06-25 15:00:00,0,1659
2024-06-25 16:00:00,32,3824
2024-06-25 17:00:00,175,107
2024-06-25 18:00:00,271,0
2024-06-25 19:00:00,81,51
2024-06-25 20:00:00,7,1269
2024-06-25 21:00:00,147,789
2024-06-25 22:00:00,779,1
2024-06-25 23:00:00,22,49
2024-06-26 00:00:00,229,338
2024-06-26 01:00:00,108,88
2024-06-26 02:00:00,11,0
2024-06-26 03:00:00,220,0
2024-06-26 04:00:00,262,0
2024-06-26 05:00:00,1749,0
2024-06-26 06:00:00,58,9
2024-06-26 07:00:00,0,863
2024-06-26 08:00:00,50,2145
2024-06-26 09:00:00,340,10
2024-06-26 10:00:00,1003,0
2024-06-26 11:00:00,384,26
2024-06-26 12:00:00,4,3
2024-06-26 13:00:00,22,171
2024-06-26 14:00:00,482,85
2024-06-26 15:00:00,816,7
2024-06-26 16:00:00,176,21
2024-06-26 17:00:00,56,297
2024-06-26 18:00:00,131,166
2024-06-26 19:00:00,6,2658
2024-06-26 20:00:00,319,596
2024-06-26 21:00:00,1079,75
2024-06-26 22:00:00,524,47
2024-06-26 23:00:00,527,140
2024-06-27 00:00:00,10,0
2024-06-27 01:00:00,1,372
2024-06-27 02:00:00,108,1360
2024-06-27 03:00:00,0,133
2024-06-27 04:00:00,20,45
2024-06-27 05:00:00,157,0
2024-06-27 06:00:00,274,4
2024-06-27 07:00:00,31,0
2024-06-27 08:00:00,566,75
2024-06-27 09:00:00,0,160
2024-06-27 10:00:00,2,2
2024-06-27 11:00:00,190,0
2024-06-27 12:00:00,868,24
2024-06-27 13:00:00,30,0
2024-06-27 14:00:00,1,12
2024-06-27 15:00:00,0,829
2024-06-27 16:00:00,12,242
2024-06-27 17:00:00,9,38
2024-06-27 18:00:00,198,1359
2024-06-27 19:00:00,1379,10965
2024-06-27 20:00:00,988,2221
2024-06-27 21:00:00,173,148
2024-06-27 22:00:00,458,263
2024-06-27 23:00:00,11,533
2024-06-28 00:00:00,7,703
2024-06-28 01:00:00,68,13
2024-06-28 02:00:00,67,167
2024-06-28 03:00:00,0,217
2024-06-28 04:00:00,4,50
2024-06-28 05:00:00,51,0
2024-06-28 06:00:00,1340,0
2024-06-28 07:00:00,55,1674
2024-06-28 08:00:00,2208,92
2024-06-28 09:00:00,0,69
2024-06-28 10:00:00,3328,25
2024-06-28 11:00:00,2755,0
2024-06-28 12:00:00,0,52
2024-06-28 13:00:00,1214,69
2024-06-28 14:00:00,0,18
2024-06-28 15:00:00,12,108
2024-06-28 16:00:00,145,0
2024-06-28 17:00:00,1,73
2024-06-28 18:00:00,1233,296
2024-06-28 19:00:00,1969,327
2024-06-28 20:00:00,1560,139
2024-06-28 21:00:00,449,1797
2024-06-28 22:00:00,1425,182
2024-06-28 23:00:00,3030,67
2024-06-29 00:00:00,0,37
2024-06-29 01:00:00,890,0
2024-06-29 02:00:00,1173,81
2024-06-29 03:00:00,2344,165
2024-06-29 04:00:00,0,18
2024-06-29 05:00:00,158,0
2024-06-29 06:00:00,1,149
2024-06-29 07:00:00,3,340
2024-06-29 08:00:00,3,0
2024-06-29 09:00:00,68,70
2024-06-29 10:00:00,125,14
2024-06-29 11:00:00,245,6
2024-06-29 12:00:00,0,21
2024-06-29 13:00:00,0,210
2024-06-29 14:00:00,22,0
2024-06-29 15:00:00,0,69
2024-06-29 16:00:00,7,381
2024-06-29 17:00:00,11,4
2024-06-29 18:00:00,101,40
2024-06-29 19:00:00,4,5
2024-06-29 20:00:00,143,0
2024-06-29 21:00:00,147,115
2024-06-29 22:00:00,1,0
2024-06-30 00:00:00,22,34
2024-06-30 00:00:00,22,34
2024-06-30 01:00:00,561,0
2024-06-30 02:00:00,128,0
2024-06-30 03:00:00,220,0
2024-06-30 05:00:00,1783,0
2024-06-30 05:00:00,1783,0
2024-06-30 06:00:00,3,54
2024-06-30 07:00:00,330,0
2024-06-30 08:00:00,1428,0
2024-06-30 09:00:00,70,31
2024-06-30 10:00:00,1516,0
2024-06-30 11:00:00,203,1
2024-06-30 12:00:00,1,208
2024-06-30 13:00:00,96,1583
2024-06-30 14:00:00,81,238
2024-06-30 15:00:00,1,85
2024-06-30 16:00:00,12,0
2024-06-30 17:00:00,0,84
2024-06-30 18:00:00,197,35
2024-06-30 19:00:00,0,672
2024-06-30 20:00:00,76,24
2024-06-30 21:00:00,0,1617
2024-06-30 22:00:00,105,2
2024-06-30 23:00:00,0,318
2024-07-01 00:00:00,0,3123
2024-07-01 01:00:00,156,2
2024-07-01 02:00:00,97,121
2024-07-01 03:00:00,120,0
2024-07-01 04:00:00,51,1504
2024-07-01 05:00:00,12,16
2024-07-01 06:00:00,778,393
2024-07-01 07:00:00,11,862
2024-07-01 08:00:00,194,118
2024-07-01 09:00:00,1,1
2024-07-01 10:00:00,31,0
2024-07-01 11:00:00,0,38
2024-07-01 12:00:00,28,0
2024-07-01 13:00:00,12,71
2024-07-01 14:00:00,663,217
2024-07-01 15:00:00,175,77
2024-07-01 16:00:00,144,3
2024-07-01 17:00:00,1009,0
2024-07-01 18:00:00,0,186
2024-07-01 19:00:00,311,418
2024-07-01 20:00:00,55,97
2024-07-01 21:00:00,67,1887
2024-07-01 22:00:00,250,238
2024-07-01 23:00:00,60,210
2024-07-02 00:00:00,287,82
2024-07-02 01:00:00,137,0
2024-07-02 02:00:00,0,38
2024-07-02 03:00:00,97,63
2024-07-02 04:00:00,1602,89
2024-07-02 05:00:00,4,9
2024-07-02 06:00:00,85,302
2024-07-02 07:00:00,0,56
2024-07-02 08:00:00,0,412
2024-07-02 09:00:00,0,385
2024-07-02 10:00:00,91,1384
2024-07-02 11:00:00,6,4
2024-07-02 12:00:00,797,1
2024-07-02 13:00:00,263,0
2024-07-02 15:00:00,126,149
2024-07-02 15:00:00,126,149
2024-07-02 16:00:00,0,57
2024-07-02 17:00:00,0,337
2024-07-02 18:00:00,163,1345
2024-07-02 19:00:00,701,283
2024-07-02 20:00:00,908,350
2024-07-02 21:00:00,81,10
2024-07-02 22:00:00,73,102
2024-07-02 23:00:00,43,1853
2024-07-03 00:00:00,53,1306
2024-07-03 01:00:00,13,250
2024-07-03 02:00:00,1,19
2024-07-03 03:00:00,0,338
2024-07-03 04:00:00,6,554
2024-07-03 05:00:00,51,360
2024-07-03 06:00:00,24,56
2024-07-03 07:00:00,660,229
2024-07-03 08:00:00,2546,398
2024-07-03 09:00:00,2992,124
2024-07-03 10:00:00,2606,7
2024-07-03 11:00:00,1,113
2024-07-03 12:00:00,4,69
2024-07-03 13:00:00,3149,2
2024-07-03 14:00:00,1106,58
2024-07-03 15:00:00,14,56
2024-07-03 16:00:00,2264,235
2024-07-03 17:00:00,1771,35
2024-07-03 18:00:00,4204,42
2024-07-03 19:00:00,921,1232
2024-07-03 20:00:00,988,19
2024-07-03 21:00:00,467,97
2024-07-03 22:00:00,193,431
2024-07-03 23:00:00,877,0
2024-07-04 00:00:00,218,17
2024-07-04 01:00:00,2355,6
2024-07-04 02:00:00,193,67
2024-07-04 03:00:00,719,562
2024-07-04 04:00:00,13,3
2024-07-04 05:00:00,54,0
2024-07-04 06:00:00,132,3877
2024-07-04 07:00:00,8253,197
2024-07-04 08:00:00,473,308
2024-07-04 09:00:00,153,243
2024-07-04 10:00:00,32,2
2024-07-04 11:00:00,79,0
2024-07-04 12:00:00,1468,94
2024-07-04 13:00:00,824,60
2024-07-04 14:00:00,521,640
2024-07-04 15:00:00,1288,220
2024-07-04 16:00:00,1375,1342
2024-07-04 17:00:00,776,200
2024-07-04 18:00:00,1306,487
2024-07-04 19:00:00,35963,1059
2024-07-04 20:00:00,884,2223
2024-07-04 21:00:00,102,716
2024-07-04 22:00:00,439,96
2024-07-04 23:00:00,23,36
2024-07-05 00:00:00,1496,141
2024-07-05 01:00:00,402,495
2024-07-05 02:00:00,454,30
2024-07-05 03:00:00,142,115
2024-07-05 04:00:00,2254,5
2024-07-05 05:00:00,4862,187
2024-07-05 06:00:00,6375,4428
2024-07-05 07:00:00,913,199
2024-07-05 08:00:00,7560,132
2024-07-05 09:00:00,1789,916
2024-07-05 10:00:00,3003,1670
2024-07-05 11:00:00,272,1594
2024-07-05 12:00:00,5145,1460
2024-07-05 13:00:00,205,442
2024-07-05 14:00:00,2902,6
2024-07-05 15:00:00,1885,2135
2024-07-05 16:00:00,289,3234
2024-07-05 17:00:00,402,2316
2024-07-05 18:00:00,1334,2670
2024-07-05 19:00:00,824,3870
2024-07-05 20:00:00,1278,337
2024-07-05 21:00:00,223,1060
2024-07-05 22:00:00,367,798
2024-07-05 23:00:00,300,404
2024-07-06 00:00:00,189,1492
2024-07-06 01:00:00,103,0
2024-07-06 02:00:00,122,149
2024-07-06 03:00:00,55,86
2024-07-06 04:00:00,214,75
2024-07-06 05:00:00,0,108
2024-07-06 06:00:00,565,1851
2024-07-06 07:00:00,1305,3
2024-07-06 08:00:00,892,28
2024-07-06 09:00:00,12,145
2024-07-06 10:00:00,445,0
2024-07-06 11:00:00,0,11
2024-07-06 12:00:00,13,1577
2024-07-06 13:00:00,4,1015
2024-07-06 14:00:00,71,285
2024-07-06 15:00:00,7,2931
2024-07-06 16:00:00,8,450
2024-07-06 17:00:00,339,21
2024-07-06 18:00:00,613,37
2024-07-06 19:00:00,64,613
2024-07-06 20:00:00,364,186
2024-07-06 21:00:00,2,3621
2024-07-06 22:00:00,159,3422
2024-07-06 23:00:00,328,247
2024-07-07 00:00:00,344,10
2024-07-07 01:00:00,0,54
2024-07-07 02:00:00,209,273
2024-07-07 03:00:00,24,422
2024-07-07 04:00:00,5,281
2024-07-07 05:00:00,149,15
2024-07-07 06:00:00,1181,5
2024-07-07 07:00:00,698,24
2024-07-07 08:00:00,26,940
2024-07-07 09:00:00,260,20
2024-07-07 10:00:00,1837,14
2024-07-07 11:00:00,2162,196
2024-07-07 12:00:00,134,588
2024-07-07 13:00:00,939,105
2024-07-07 14:00:00,52,314
2024-07-07 15:00:00,13,444
2024-07-07 16:00:00,205,215
2024-07-07 17:00:00,47,17
2024-07-07 18:00:00,399,108
2024-07-07 19:00:00,2642,0
2024-07-07 20:00:00,1743,110
2024-07-07 21:00:00,137,339
2024-07-07 22:00:00,2,424
2024-07-07 23:00:00,319,150
2024-07-08 00:00:00,228,588
2024-07-08 01:00:00,578,0
2024-07-08 02:00:00,435,36
2024-07-08 03:00:00,5526,102
2024-07-08 04:00:00,815,13
2024-07-08 05:00:00,8907,0
2024-07-08 06:00:00,18730,97
2024-07-08 07:00:00,5076,514
2024-07-08 08:00:00,310,2411
2024-07-08 09:00:00,229,194
2024-07-08 10:00:00,150,1845
2024-07-08 11:00:00,157,196
2024-07-08 12:00:00,194,123
2024-07-08 13:00:00,1985,217
2024-07-08 14:00:00,8,6983
2024-07-08 15:00:00,1033,1309
2024-07-08 16:00:00,639,253
2024-07-08 17:00:00,72,1890
2024-07-08 18:00:00,623,277
2024-07-08 19:00:00,138,251
2024-07-08 20:00:00,5062,1362
2024-07-08 21:00:00,1219,184
2024-07-08 22:00:00,1127,111
2024-07-08 23:00:00,147,305
2024-07-09 00:00:00,142,167
2024-07-09 01:00:00,17,459
2024-07-09 02:00:00,59,486
2024-07-09 03:00:00,175,868
2024-07-09 04:00:00,58,255
2024-07-09 05:00:00,197,14
2024-07-09 06:00:00,1408,19
2024-07-09 07:00:00,1405,537
2024-07-09 08:00:00,166,398
2024-07-09 09:00:00,265,682
2024-07-09 10:00:00,112,660
2024-07-09 11:00:00,1,248
2024-07-09 12:00:00,1,1439
2024-07-09 13:00:00,282,77
2024-07-09 14:00:00,251,741
2024-07-09 15:00:00,379,15
2024-07-09 16:00:00,266,21
2024-07-09 17:00:00,447,73
2024-07-09 18:00:00,270,16
2024-07-09 19:00:00,1063,3
2024-07-09 20:00:00,2239,1192
2024-07-09 21:00:00,324,94
2024-07-09 22:00:00,56,832
2024-07-09 23:00:00,93,1216
2024-07-10 00:00:00,0,271
2024-07-10 01:00:00,17,7
2024-07-10 02:00:00,33,555
2024-07-10 03:00:00,118,36
2024-07-10 04:00:00,191,24
2024-07-10 05:00:00,37,10
2024-07-10 06:00:00,1581,20
2024-07-10 07:00:00,848,622
2024-07-10 08:00:00,128,45
2024-07-10 09:00:00,0,315
2024-07-10 10:00:00,161,17322
2024-07-10 11:00:00,473,192
2024-07-10 12:00:00,109,81
2024-07-10 13:00:00,259,4
2024-07-10 14:00:00,422,8
2024-07-10 15:00:00,2469,83
2024-07-10 16:00:00,0,107
2024-07-10 17:00:00,280,23
2024-07-10 18:00:00,1139,145
2024-07-10 19:00:00,79,105
2024-07-10 20:00:00,1564,104
2024-07-10 21:00:00,243,86
2024-07-10 22:00:00,218,404
2024-07-10 23:00:00,741,1
2024-07-11 00:00:00,45,15
2024-07-11 01:00:00,2,6
2024-07-11 02:00:00,58,76
2024-07-11 03:00:00,42,0
2024-07-11 04:00:00,0,123
2024-07-11 05:00:00,0,106
2024-07-11 06:00:00,336,142
2024-07-11 07:00:00,44,735
2024-07-11 08:00:00,319,56
2024-07-11 09:00:00,3504,52
2024-07-11 10:00:00,0,12
2024-07-11 11:00:00,12,191
2024-07-11 12:00:00,0,414
2024-07-11 13:00:00,0,323
2024-07-11 14:00:00,3,91
2024-07-11 15:00:00,0,36
2024-07-11 16:00:00,55,116
2024-07-11 17:00:00,0,2151
2024-07-11 18:00:00,538,1077
2024-07-11 19:00:00,913,167
2024-07-11 20:00:00,1217,0
2024-07-11 21:00:00,2739,0
2024-07-11 22:00:00,273,218
2024-07-11 23:00:00,26,79
2024-07-12 00:00:00,9,0
2024-07-12 01:00:00,728,60
2024-07-12 02:00:00,1976,50
2024-07-12 03:00:00,875,69
2024-07-12 04:00:00,25,1
2024-07-12 05:00:00,384,0
2024-07-12 06:00:00,627,59
2024-07-12 07:00:00,5792,915
2024-07-12 08:00:00,0,974
2024-07-12 09:00:00,406,76
2024-07-12 10:00:00,224,1
2024-07-12 11:00:00,497,0
2024-07-12 12:00:00,56,144
2024-07-12 13:00:00,767,0
2024-07-12 14:00:00,0,62
2024-07-12 15:00:00,771,3
2024-07-12 16:00:00,523,279
2024-07-12 17:00:00,0,57
2024-07-12 18:00:00,357,499
2024-07-12 19:00:00,4,1931
2024-07-12 20:00:00,191,20
2024-07-12 21:00:00,41,348
2024-07-12 22:00:00,142,3759
2024-07-12 23:00:00,0,85
2024-07-13 00:00:00,12,544
2024-07-13 01:00:00,550,0
2024-07-13 02:00:00,1823,35
2024-07-13 03:00:00,1,25
2024-07-13 04:00:00,0,18
2024-07-13 06:00:00,0,113
2024-07-13 06:00:00,0,113
2024-07-13 07:00:00,13,119
2024-07-13 09:00:00,122,0
2024-07-13 09:00:00,122,0
2024-07-13 10:00:00,156,0
2024-07-13 11:00:00,405,645
2024-07-13 12:00:00,0,9
2024-07-13 13:00:00,2,0
2024-07-13 14:00:00,96,1
2024-07-13 15:00:00,94,373
2024-07-13 17:00:00,187,110
2024-07-13 17:00:00,187,110
2024-07-13 18:00:00,0,24
2024-07-13 19:00:00,0,71
2024-07-13 20:00:00,71,31
2024-07-13 21:00:00,0,129
2024-07-13 23:00:00,134,351
2024-07-13 23:00:00,134,351
2024-07-14 00:00:00,30,34
2024-07-14 01:00:00,3,18
2024-07-14 02:00:00,3,139
2024-07-14 03:00:00,7,3
2024-07-14 04:00:00,208,1689
2024-07-14 05:00:00,263,2997
2024-07-14 06:00:00,150,1810
2024-07-14 07:00:00,39,950
2024-07-14 08:00:00,995,37
2024-07-14 09:00:00,0,86
2024-07-14 10:00:00,44,3038
2024-07-14 11:00:00,208,135
2024-07-14 12:00:00,17,114
2024-07-14 13:00:00,4,0
2024-07-14 14:00:00,0,22
2024-07-14 15:00:00,0,1307
2024-07-14 16:00:00,147,0
2024-07-14 17:00:00,76,0
2024-07-14 18:00:00,1810,4
2024-07-14 19:00:00,4,20
2024-07-14 20:00:00,363,312
2024-07-14 21:00:00,12,436
2024-07-14 22:00:00,6,5
2024-07-15 00:00:00,12,0
2024-07-15 00:00:00,12,0
2024-07-15 01:00:00,1,0
2024-07-15 02:00:00,0,605
2024-07-15 03:00:00,21,7627
2024-07-15 04:00:00,561,280
2024-07-15 05:00:00,75,311
2024-07-15 06:00:00,113,7319
2024-07-15 07:00:00,38,1865
2024-07-15 08:00:00,39,3027
2024-07-15 09:00:00,163,173
2024-07-15 10:00:00,2,26
2024-07-15 11:00:00,8,385
2024-07-15 12:00:00,0,4193
2024-07-15 13:00:00,2,295
2024-07-15 14:00:00,244,15
2024-07-15 15:00:00,154,0
2024-07-15 16:00:00,422,22
2024-07-15 17:00:00,328,3
2024-07-15 18:00:00,0,329
2024-07-15 19:00:00,125,671
2024-07-15 20:00:00,26,168
2024-07-15 21:00:00,68,301
2024-07-15 22:00:00,0,3244
2024-07-15 23:00:00,25,155
2024-07-16 00:00:00,83,750
2024-07-16 01:00:00,564,505
2024-07-16 02:00:00,0,4114
2024-07-16 03:00:00,99,768
2024-07-16 04:00:00,29,4826
2024-07-16 05:00:00,0,843
2024-07-16 06:00:00,289,1442
2024-07-16 07:00:00,240,26
2024-07-16 08:00:00,1859,24
2024-07-16 09:00:00,90,194
2024-07-16 10:00:00,0,218
2024-07-16 11:00:00,1018,95
2024-07-16 12:00:00,1663,152
2024-07-16 13:00:00,227,334
2024-07-16 14:00:00,2813,211
2024-07-16 15:00:00,38,767
2024-07-16 16:00:00,0,558
2024-07-16 17:00:00,17,239
2024-07-16 18:00:00,275,135
2024-07-16 19:00:00,436,228
2024-07-16 20:00:00,670,139
2024-07-16 21:00:00,26,5556
2024-07-16 22:00:00,483,1334
2024-07-16 23:00:00,0,1141
2024-07-17 00:00:00,47,100
2024-07-17 01:00:00,26,369
2024-07-17 02:00:00,332,1
2024-07-17 03:00:00,125,227
2024-07-17 04:00:00,673,0
2024-07-17 05:00:00,6,473
2024-07-17 06:00:00,0,194
2024-07-17 07:00:00,115,2441
2024-07-17 08:00:00,1324,134
2024-07-17 09:00:00,453,1
2024-07-17 10:00:00,9,350
2024-07-17 11:00:00,25,141
2024-07-17 12:00:00,50,12
2024-07-17 13:00:00,190,117
2024-07-17 14:00:00,744,394
2024-07-17 15:00:00,0,340
2024-07-17 16:00:00,42,42
2024-07-17 17:00:00,809,54
2024-07-17 18:00:00,39,5
2024-07-17 19:00:00,2761,203
2024-07-17 20:00:00,194,36
2024-07-17 21:00:00,1787,2
2024-07-17 22:00:00,6585,27
2024-07-18 00:00:00,152,794
2024-07-18 00:00:00,152,794
2024-07-18 01:00:00,54,117
2024-07-18 02:00:00,86,13
2024-07-18 03:00:00,910,103
2024-07-18 04:00:00,86,8
2024-07-18 05:00:00,52,0
2024-07-18 06:00:00,0,477
2024-07-18 07:00:00,0,415
2024-07-18 08:00:00,448,316
2024-07-18 09:00:00,0,109
2024-07-18 10:00:00,161,0
2024-07-18 11:00:00,200,75
2024-07-18 12:00:00,0,458
2024-07-18 13:00:00,57,0
2024-07-18 14:00:00,273,41
2024-07-18 15:00:00,0,6
2024-07-18 16:00:00,28,0
2024-07-18 17:00:00,0,33
2024-07-18 18:00:00,0,3207
2024-07-18 19:00:00,140,23
2024-07-18 20:00:00,1289,103
2024-07-18 21:00:00,1504,38
2024-07-18 22:00:00,3678,237
2024-07-18 23:00:00,276,0
2024-07-19 00:00:00,156,150
2024-07-19 01:00:00,230,231
2024-07-19 02:00:00,46,194
2024-07-19 03:00:00,0,230
2024-07-19 04:00:00,0,1466
2024-07-19 05:00:00,3,1
2024-07-19 06:00:00,424,12
2024-07-19 07:00:00,1263,187
2024-07-19 08:00:00,65,73
2024-07-19 09:00:00,2,4924
2024-07-19 10:00:00,5,119
2024-07-19 11:00:00,88,36
2024-07-19 12:00:00,0,2576
2024-07-19 13:00:00,1477,133
2024-07-19 14:00:00,1905,405
2024-07-19 17:00:00,556,381
2024-07-19 17:00:00,556,381
2024-07-19 17:00:00,556,381
2024-07-19 18:00:00,0,480
2024-07-19 19:00:00,175,2980
2024-07-19 20:00:00,82,2432
2024-07-19 21:00:00,260,329
2024-07-19 22:00:00,375,729
2024-07-19 23:00:00,11,451
2024-07-20 00:00:00,2088,119
2024-07-20 01:00:00,57,1462
2024-07-20 02:00:00,330,20
2024-07-20 03:00:00,472,161
2024-07-20 04:00:00,87,18
2024-07-20 05:00:00,0,10
2024-07-20 06:00:00,482,160
2024-07-20 07:00:00,67,240
2024-07-20 08:00:00,5,938
2024-07-20 09:00:00,178,153
2024-07-20 10:00:00,0,46
2024-07-20 11:00:00,55,0
2024-07-20 12:00:00,224,32
2024-07-20 13:00:00,361,4
2024-07-20 14:00:00,327,0
2024-07-20 15:00:00,39,158
2024-07-20 16:00:00,36,0
2024-07-20 17:00:00,466,0
2024-07-20 18:00:00,54,86
2024-07-20 19:00:00,271,14
2024-07-20 20:00:00,58,527
2024-07-20 21:00:00,45,248
2024-07-20 22:00:00,119,321
2024-07-20 23:00:00,65,4512
2024-07-21 00:00:00,147,333
2024-07-21 01:00:00,257,2
2024-07-21 02:00:00,0,136
2024-07-21 03:00:00,93,171
2024-07-21 04:00:00,177,180
2024-07-21 05:00:00,0,118
2024-07-21 06:00:00,92,26
2024-07-21 07:00:00,0,118
2024-07-21 08:00:00,79,510
2024-07-21 09:00:00,144,0
2024-07-21 10:00:00,77,0
2024-07-21 11:00:00,226,6
2024-07-21 12:00:00,2206,20
2024-07-21 13:00:00,335,6
2024-07-21 14:00:00,1,2
2024-07-21 15:00:00,0,127
2024-07-21 16:00:00,28,14
2024-07-21 17:00:00,1,3
2024-07-21 18:00:00,15,329
2024-07-21 19:00:00,198,0
2024-07-21 20:00:00,100,1180
2024-07-21 21:00:00,289,1832
2024-07-21 22:00:00,332,2076
2024-07-21 23:00:00,702,327
2024-07-22 00:00:00,5869,1586
2024-07-22 01:00:00,30,616
2024-07-22 02:00:00,94,6974
2024-07-22 03:00:00,108,867
2024-07-22 04:00:00,189,133
2024-07-22 05:00:00,1,102
2024-07-22 06:00:00,199,85
2024-07-22 07:00:00,558,1
2024-07-22 08:00:00,35,388
2024-07-22 09:00:00,267,0
2024-07-22 10:00:00,340,4
2024-07-22 11:00:00,3771,77
2024-07-22 12:00:00,1649,2
2024-07-22 13:00:00,395,10
2024-07-22 14:00:00,776,26
2024-07-22 15:00:00,38,46
2024-07-22 16:00:00,90,783
2024-07-22 17:00:00,1,160
2024-07-22 18:00:00,126,170
2024-07-22 19:00:00,2681,872
2024-07-22 20:00:00,758,113
2024-07-22 21:00:00,381,524
2024-07-22 22:00:00,222,154
2024-07-22 23:00:00,25,327
2024-07-23 00:00:00,113,464
2024-07-23 01:00:00,5,470
2024-07-23 02:00:00,69,175
2024-07-23 03:00:00,419,9
2024-07-23 04:00:00,567,17
2024-07-23 05:00:00,727,288
2024-07-23 06:00:00,61,268
2024-07-23 07:00:00,662,41
2024-07-23 08:00:00,101,282
2024-07-23 09:00:00,0,34
2024-07-23 10:00:00,1500,0
2024-07-23 11:00:00,2847,12
2024-07-23 12:00:00,54,354
2024-07-23 13:00:00,17,205
2024-07-23 14:00:00,0,689
2024-07-23 15:00:00,62,132
2024-07-23 16:00:00,22,62
2024-07-23 17:00:00,1525,139
2024-07-23 18:00:00,135,18
2024-07-23 19:00:00,2061,365
2024-07-23 20:00:00,101,1041
2024-07-23 21:00:00,1378,109
2024-07-23 22:00:00,4026,5
2024-07-23 23:00:00,782,123
2024-07-24 00:00:00,39,9
2024-07-24 01:00:00,81,27
2024-07-24 02:00:00,39,218
2024-07-24 03:00:00,84,1424
2024-07-24 04:00:00,91,0
2024-07-24 05:00:00,388,21
2024-07-24 06:00:00,243,186
2024-07-24 07:00:00,299,160
2024-07-24 08:00:00,16,78
2024-07-24 09:00:00,0,1081
2024-07-24 10:00:00,53,0
2024-07-24 11:00:00,150,21
2024-07-24 12:00:00,0,140
2024-07-24 13:00:00,0,29
2024-07-24 14:00:00,1,982
2024-07-24 15:00:00,69,10
2024-07-24 16:00:00,0,182
2024-07-24 17:00:00,1,670
2024-07-24 18:00:00,332,5
2024-07-24 19:00:00,86,676
2024-07-24 20:00:00,47,1179
2024-07-24 21:00:00,767,47
2024-07-24 22:00:00,473,510
2024-07-24 23:00:00,7,686
2024-07-25 00:00:00,1159,26
2024-07-25 01:00:00,636,279
2024-07-25 02:00:00,13,134
2024-07-25 03:00:00,2346,53
2024-07-25 04:00:00,102,116
2024-07-25 05:00:00,276,23
2024-07-25 06:00:00,43,424
2024-07-25 07:00:00,5007,487
2024-07-25 08:00:00,2611,102
2024-07-25 09:00:00,238,56
2024-07-25 10:00:00,247,211
2024-07-25 11:00:00,250,0
2024-07-25 12:00:00,250,91
2024-07-25 13:00:00,250,2
2024-07-25 14:00:00,1538,399
2024-07-25 15:00:00,209,10
2024-07-25 16:00:00,2091,2
2024-07-25 17:00:00,0,50
2024-07-25 18:00:00,997,213
2024-07-25 19:00:00,176,136
2024-07-25 20:00:00,796,1191
2024-07-25 21:00:00,530,188
2024-07-25 22:00:00,187,288
2024-07-25 23:00:00,542,21
2024-07-26 00:00:00,2342,51
2024-07-26 01:00:00,402,114
2024-07-26 02:00:00,1059,819
2024-07-26 03:00:00,1,1974
2024-07-26 04:00:00,152,402
2024-07-26 05:00:00,136,589
2024-07-26 06:00:00,13,1509
2024-07-26 07:00:00,52,977
2024-07-26 08:00:00,1,1383
2024-07-26 09:00:00,23,819
2024-07-26 10:00:00,0,1555
2024-07-26 11:00:00,61,267
2024-07-26 12:00:00,0,142
2024-07-26 13:00:00,36,6
2024-07-26 14:00:00,0,603
2024-07-26 15:00:00,0,1951
2024-07-26 16:00:00,85,35
2024-07-26 17:00:00,9,6
2024-07-26 18:00:00,128,35
2024-07-26 19:00:00,110,1935
2024-07-26 20:00:00,710,122
2024-07-26 21:00:00,2,640
2024-07-26 22:00:00,48,95
2024-07-26 23:00:00,2,81
2024-07-27 00:00:00,4,13
2024-07-27 01:00:00,5,493
2024-07-27 02:00:00,191,8
2024-07-27 03:00:00,0,269
2024-07-27 04:00:00,0,338
2024-07-27 05:00:00,0,370
2024-07-27 06:00:00,144,119
2024-07-27 07:00:00,48,0
2024-07-27 08:00:00,164,597
2024-07-27 09:00:00,159,46
2024-07-27 10:00:00,0,100
2024-07-27 11:00:00,52,1189
2024-07-27 12:00:00,7,149
2024-07-27 13:00:00,83,1285
2024-07-27 14:00:00,49,3911
2024-07-27 15:00:00,2,96
2024-07-27 16:00:00,162,0
2024-07-27 17:00:00,465,0
2024-07-27 18:00:00,6,836
2024-07-27 19:00:00,0,4264
2024-07-27 20:00:00,792,52
2024-07-27 21:00:00,2544,18
2024-07-27 22:00:00,262,124
2024-07-27 23:00:00,741,48
2024-07-28 00:00:00,257,121
2024-07-28 01:00:00,770,45
2024-07-28 02:00:00,2308,775
2024-07-28 03:00:00,162,1642
2024-07-28 04:00:00,2,72
2024-07-28 05:00:00,441,0
2024-07-28 06:00:00,2019,103
2024-07-28 07:00:00,0,467
2024-07-28 08:00:00,140,7
2024-07-28 09:00:00,59,9
2024-07-28 10:00:00,338,0
2024-07-28 11:00:00,1720,55
2024-07-28 12:00:00,8,2
2024-07-28 13:00:00,0,88
2024-07-28 14:00:00,7,73
2024-07-28 15:00:00,48,145
2024-07-28 16:00:00,1,2
2024-07-28 17:00:00,0,807
2024-07-28 18:00:00,14,1238
2024-07-28 19:00:00,0,110
2024-07-28 20:00:00,255,38
2024-07-28 21:00:00,156,6
2024-07-28 22:00:00,178,28
2024-07-28 23:00:00,81,2
2024-07-29 00:00:00,6,810
2024-07-29 01:00:00,6,2
2024-07-29 02:00:00,1,5
2024-07-29 03:00:00,345,27
2024-07-29 04:00:00,1193,2
2024-07-29 05:00:00,0,101
2024-07-29 06:00:00,120,5215
2024-07-29 07:00:00,96,75
2024-07-29 08:00:00,3,3261
2024-07-29 09:00:00,82,649
2024-07-29 10:00:00,0,284
2024-07-29 11:00:00,5,306
2024-07-29 12:00:00,74,336
2024-07-29 13:00:00,208,30
2024-07-29 14:00:00,29,1
2024-07-29 15:00:00,0,51
2024-07-29 16:00:00,120,1
2024-07-29 17:00:00,197,16
2024-07-29 18:00:00,13,246
2024-07-29 19:00:00,276,15
2024-07-29 20:00:00,1317,51
2024-07-29 21:00:00,1486,99
2024-07-29 22:00:00,1017,37
2024-07-29 23:00:00,160,120
2024-07-30 00:00:00,111,52
2024-07-30 01:00:00,158,8
2024-07-30 02:00:00,20,0
2024-07-30 03:00:00,944,0
2024-07-30 04:00:00,73,94
2024-07-30 05:00:00,734,22
2024-07-30 06:00:00,570,348
2024-07-30 07:00:00,1917,1
2024-07-30 08:00:00,4719,41
2024-07-30 09:00:00,2,77
2024-07-30 10:00:00,0,397
2024-07-30 11:00:00,419,1002
2024-07-30 12:00:00,0,73
2024-07-30 13:00:00,11,137
2024-07-30 14:00:00,467,1
2024-07-30 15:00:00,14,31
2024-07-30 16:00:00,1353,7
2024-07-30 17:00:00,188,0
2024-07-30 18:00:00,768,490
2024-07-30 19:00:00,532,450
2024-07-30 20:00:00,235,272
2024-07-30 21:00:00,357,129
2024-07-30 22:00:00,308,67
2024-07-30 23:00:00,2644,56
2024-07-31 00:00:00,150,109
2024-07-31 01:00:00,316,90
2024-07-31 02:00:00,815,1868
2024-07-31 03:00:00,4,11
2024-07-31 04:00:00,35,32
2024-07-31 05:00:00,0,57
2024-07-31 06:00:00,154,926
2024-07-31 07:00:00,135,372
2024-07-31 08:00:00,338,2829
2024-07-31 09:00:00,0,2
2024-07-31 10:00:00,1114,0
2024-07-31 11:00:00,0,721
2024-07-31 12:00:00,55,1616
2024-07-31 13:00:00,0,187
2024-07-31 14:00:00,56,176
2024-07-31 15:00:00,28,1515
2024-07-31 16:00:00,269,3
2024-07-31 17:00:00,686,0
2024-07-31 18:00:00,95,0
2024-07-31 19:00:00,216,606
2024-07-31 20:00:00,1765,26
2024-07-31 21:00:00,56,126
2024-07-31 22:00:00,642,229
2024-07-31 23:00:00,14,752
2024-08-01 00:00:00,1732,137
2024-08-01 01:00:00,4945,73
2024-08-01 02:00:00,2244,16
2024-08-01 03:00:00,3021,221
2024-08-01 04:00:00,1744,52
2024-08-01 05:00:00,1605,0
2024-08-01 06:00:00,521,25
2024-08-01 07:00:00,755,1
2024-08-01 08:00:00,4572,82
2024-08-01 09:00:00,1406,53
2024-08-01 10:00:00,6566,12
2024-08-01 11:00:00,259,191
2024-08-01 12:00:00,231,250
2024-08-01 13:00:00,189,12
2024-08-01 14:00:00,0,39
2024-08-01 15:00:00,180,34
2024-08-01 16:00:00,70,8
2024-08-01 17:00:00,5,73
2024-08-01 18:00:00,26,737
2024-08-01 19:00:00,1584,32
2024-08-01 20:00:00,7591,88
2024-08-01 21:00:00,3655,711
2024-08-01 22:00:00,1762,507
2024-08-01 23:00:00,875,338
2024-08-02 00:00:00,2582,548
2024-08-02 01:00:00,0,1120
2024-08-02 02:00:00,186,2476
2024-08-02 03:00:00,169,4572
2024-08-02 04:00:00,83,2136
2024-08-02 05:00:00,7,185
2024-08-02 06:00:00,544,1257
2024-08-02 07:00:00,3144,68
2024-08-02 08:00:00,2763,426
2024-08-02 09:00:00,0,522
2024-08-02 10:00:00,50,52
2024-08-02 11:00:00,493,17
2024-08-02 12:00:00,3418,722
2024-08-02 13:00:00,313,81
2024-08-02 14:00:00,316,423
2024-08-02 15:00:00,9,1087
2024-08-02 16:00:00,9,199
2024-08-02 17:00:00,0,295
2024-08-02 18:00:00,953,575
2024-08-02 19:00:00,400,2214
2024-08-02 20:00:00,13299,221
2024-08-02 21:00:00,6691,1319
2024-08-02 22:00:00,878,235
2024-08-02 23:00:00,1522,921
2024-08-03 00:00:00,2026,51
2024-08-03 01:00:00,3358,318
2024-08-03 02:00:00,1830,1714
2024-08-03 03:00:00,8822,1474
2024-08-03 04:00:00,652,116
2024-08-03 05:00:00,2851,127
2024-08-03 06:00:00,2475,50
2024-08-03 07:00:00,6155,589
2024-08-03 08:00:00,266,36
2024-08-03 09:00:00,210,328
2024-08-03 10:00:00,583,0
2024-08-03 11:00:00,169,70
2024-08-03 12:00:00,0,27
2024-08-03 13:00:00,185,40
2024-08-03 14:00:00,2023,27
2024-08-03 15:00:00,388,140
2024-08-03 16:00:00,0,125
2024-08-03 17:00:00,0,112
2024-08-03 18:00:00,115,613
2024-08-03 19:00:00,474,82
2024-08-03 20:00:00,321,51
2024-08-03 21:00:00,5118,24
2024-08-03 22:00:00,5114,1141
2024-08-03 23:00:00,2418,322
2024-08-04 00:00:00,2463,621
2024-08-04 01:00:00,2330,319
2024-08-04 02:00:00,798,161
2024-08-04 03:00:00,200,931
2024-08-04 04:00:00,219,19
2024-08-04 05:00:00,359,718
2024-08-04 06:00:00,5,817
2024-08-04 07:00:00,505,42
2024-08-04 08:00:00,66,1834
2024-08-04 09:00:00,151,20
2024-08-04 10:00:00,686,11
2024-08-04 11:00:00,220,45
2024-08-04 12:00:00,87,61
2024-08-04 13:00:00,1539,0
2024-08-04 14:00:00,1148,729
2024-08-04 15:00:00,15,453
2024-08-04 16:00:00,4,618
2024-08-04 17:00:00,67,53
2024-08-04 18:00:00,41,1625
2024-08-04 19:00:00,227,254
2024-08-04 20:00:00,7076,362
2024-08-04 21:00:00,8315,147
2024-08-04 22:00:00,2727,1097
2024-08-04 23:00:00,3780,3632
2024-08-05 00:00:00,251,2326
2024-08-05 01:00:00,771,4129
2024-08-05 02:00:00,1168,1076
2024-08-05 03:00:00,622,25
2024-08-05 04:00:00,324,1410
2024-08-05 05:00:00,3509,39
2024-08-05 06:00:00,9801,1397
2024-08-05 07:00:00,19736,4620
2024-08-05 08:00:00,4619,3687
2024-08-05 09:00:00,2122,781
2024-08-05 10:00:00,4507,1015
2024-08-05 11:00:00,16896,3330
2024-08-05 12:00:00,13008,5168
2024-08-05 13:00:00,1356,5672
2024-08-05 14:00:00,1037,699
2024-08-05 15:00:00,1685,4060
2024-08-05 16:00:00,2912,489
2024-08-05 17:00:00,5185,5584
2024-08-05 18:00:00,3582,1596
2024-08-05 19:00:00,3767,7182
2024-08-05 20:00:00,2585,6877
2024-08-05 21:00:00,1044,2347
2024-08-05 22:00:00,2219,3163
2024-08-05 23:00:00,435,3356
2024-08-06 00:00:00,2706,32
2024-08-06 01:00:00,2755,2743
2024-08-06 02:00:00,805,4657
2024-08-06 03:00:00,1489,1340
2024-08-06 04:00:00,325,448
2024-08-06 05:00:00,1831,408
2024-08-06 06:00:00,403,7108
2024-08-06 07:00:00,1128,1972
2024-08-06 08:00:00,300,615
2024-08-06 09:00:00,817,47
2024-08-06 10:00:00,321,524
2024-08-06 11:00:00,77,1790
2024-08-06 12:00:00,494,200
2024-08-06 13:00:00,3998,376
2024-08-06 14:00:00,4489,166
2024-08-06 15:00:00,622,573
2024-08-06 16:00:00,222,485
2024-08-06 17:00:00,567,968
2024-08-06 18:00:00,836,357
2024-08-06 19:00:00,1013,1599
2024-08-06 20:00:00,532,3346
2024-08-06 21:00:00,499,689
2024-08-06 22:00:00,107,1822
2024-08-06 23:00:00,784,540
2024-08-07 00:00:00,169,364
2024-08-07 01:00:00,447,341
2024-08-07 02:00:00,1596,1026
2024-08-07 03:00:00,14,110
2024-08-07 04:00:00,2540,1014
2024-08-07 05:00:00,887,88
2024-08-07 06:00:00,1096,857
2024-08-07 07:00:00,636,1597
2024-08-07 08:00:00,357,1819
2024-08-07 09:00:00,37,363
2024-08-07 10:00:00,224,1552
2024-08-07 11:00:00,125,800
2024-08-07 12:00:00,970,68
2024-08-07 13:00:00,2334,588
2024-08-07 14:00:00,96,667
2024-08-07 15:00:00,351,972
2024-08-07 16:00:00,258,380
2024-08-07 17:00:00,1438,228
2024-08-07 18:00:00,638,634
2024-08-07 19:00:00,847,413
2024-08-07 20:00:00,6358,2013
2024-08-07 21:00:00,832,1099
2024-08-07 22:00:00,2101,535
2024-08-07 23:00:00,1522,657
2024-08-08 00:00:00,1419,127
2024-08-08 01:00:00,1753,249
2024-08-08 02:00:00,1573,1984
2024-08-08 03:00:00,181,1112
2024-08-08 04:00:00,3492,732
2024-08-08 05:00:00,306,230
2024-08-08 06:00:00,3385,244
2024-08-08 07:00:00,196,3414
2024-08-08 08:00:00,189,2507
2024-08-08 09:00:00,402,375
2024-08-08 10:00:00,637,445
2024-08-08 11:00:00,43,190
2024-08-08 12:00:00,31,505
2024-08-08 13:00:00,54,591
2024-08-08 14:00:00,65,84
2024-08-08 15:00:00,92,1322
2024-08-08 16:00:00,297,30
2024-08-08 17:00:00,16,255
2024-08-08 18:00:00,1196,2200
2024-08-08 19:00:00,1886,919
2024-08-08 20:00:00,11,9327
2024-08-08 21:00:00,82,1535
2024-08-08 22:00:00,880,6792
2024-08-08 23:00:00,1931,196
2024-08-09 00:00:00,131,78
2024-08-09 01:00:00,772,31
2024-08-09 02:00:00,100,105
2024-08-09 03:00:00,123,1603
2024-08-09 04:00:00,369,2241
2024-08-09 05:00:00,259,1223
2024-08-09 06:00:00,194,189
2024-08-09 07:00:00,1921,28
2024-08-09 08:00:00,1016,45
2024-08-09 09:00:00,71,89
2024-08-09 10:00:00,1806,0
2024-08-09 11:00:00,511,35
2024-08-09 12:00:00,310,523
2024-08-09 13:00:00,27,118
2024-08-09 14:00:00,30,1040
2024-08-09 15:00:00,826,8
2024-08-09 16:00:00,1955,259
2024-08-09 17:00:00,182,194
2024-08-09 18:00:00,712,9
2024-08-09 19:00:00,2083,602
2024-08-09 20:00:00,3348,1566
2024-08-09 21:00:00,1142,18
2024-08-09 22:00:00,399,188
2024-08-09 23:00:00,90,1185
2024-08-10 00:00:00,519,477
2024-08-10 01:00:00,0,144
2024-08-10 02:00:00,131,363
2024-08-10 03:00:00,533,232
2024-08-10 04:00:00,147,873
2024-08-10 05:00:00,187,682
2024-08-10 06:00:00,1161,1308
2024-08-10 07:00:00,1735,145
2024-08-10 08:00:00,173,262
2024-08-10 09:00:00,124,191
2024-08-10 10:00:00,692,1
2024-08-10 11:00:00,0,81
2024-08-10 12:00:00,0,171
2024-08-10 13:00:00,0,121
2024-08-10 14:00:00,90,338
2024-08-10 15:00:00,39,87
2024-08-10 16:00:00,44,1
2024-08-10 17:00:00,52,66
2024-08-10 18:00:00,4,65
2024-08-10 19:00:00,659,37
2024-08-10 20:00:00,2,57
2024-08-10 21:00:00,103,297
2024-08-10 22:00:00,167,0
2024-08-10 23:00:00,3,39
2024-08-11 00:00:00,24,78
2024-08-11 01:00:00,221,21
2024-08-11 02:00:00,74,35
2024-08-11 04:00:00,0,21
2024-08-11 04:00:00,0,21
2024-08-11 05:00:00,203,0
2024-08-11 06:00:00,69,76
2024-08-11 07:00:00,4,158
2024-08-11 08:00:00,43,9
2024-08-11 09:00:00,54,1667
2024-08-11 10:00:00,171,0
2024-08-11 12:00:00,0,8
2024-08-11 12:00:00,0,8
2024-08-11 13:00:00,0,397
2024-08-11 14:00:00,0,131
2024-08-11 15:00:00,807,2256
2024-08-11 16:00:00,120,35
2024-08-11 17:00:00,2948,0
2024-08-11 18:00:00,4563,0
2024-08-11 19:00:00,2046,481
2024-08-11 20:00:00,1567,31
2024-08-11 21:00:00,2484,155
2024-08-11 22:00:00,13,46
2024-08-11 23:00:00,130,201
2024-08-12 00:00:00,140,0
2024-08-12 01:00:00,2673,20
2024-08-12 02:00:00,4848,263
2024-08-12 03:00:00,1191,172
2024-08-12 04:00:00,4233,448
2024-08-12 05:00:00,201,0
2024-08-12 06:00:00,896,906
2024-08-12 07:00:00,480,302
2024-08-12 08:00:00,64,278
2024-08-12 09:00:00,55,100
2024-08-12 10:00:00,136,57
2024-08-12 11:00:00,792,0
2024-08-12 12:00:00,5,128
2024-08-12 13:00:00,901,4977
2024-08-12 14:00:00,1431,839
2024-08-12 15:00:00,2570,38
2024-08-12 16:00:00,346,1591
2024-08-12 17:00:00,0,5497
2024-08-12 18:00:00,718,495
2024-08-12 19:00:00,2734,725
2024-08-12 20:00:00,2449,4671
2024-08-12 21:00:00,945,149
2024-08-12 22:00:00,73,265
2024-08-12 23:00:00,854,43
2024-08-13 00:00:00,4221,103
2024-08-13 01:00:00,251,342
2024-08-13 02:00:00,288,210
2024-08-13 03:00:00,1232,294
2024-08-13 04:00:00,25,17
2024-08-13 05:00:00,110,1502
2024-08-13 06:00:00,90,281
2024-08-13 07:00:00,64,20
2024-08-13 08:00:00,2218,1
2024-08-13 09:00:00,1406,232
2024-08-13 10:00:00,51,338
2024-08-13 11:00:00,0,729
2024-08-13 12:00:00,20,413
2024-08-13 13:00:00,74,98
2024-08-13 14:00:00,410,6
2024-08-13 15:00:00,993,3
2024-08-13 16:00:00,1643,130
2024-08-13 17:00:00,18,682
2024-08-13 18:00:00,558,407
2024-08-13 19:00:00,51,335
2024-08-13 20:00:00,1795,562
2024-08-13 21:00:00,127,98
2024-08-13 22:00:00,42,3708
2024-08-13 23:00:00,457,215
2024-08-14 00:00:00,1100,7
2024-08-14 01:00:00,1226,187
2024-08-14 02:00:00,68,13
2024-08-14 03:00:00,0,129
2024-08-14 04:00:00,108,80
2024-08-14 05:00:00,184,0
2024-08-14 06:00:00,86,54
2024-08-14 07:00:00,1980,86
2024-08-14 08:00:00,61,31
2024-08-14 09:00:00,49,438
2024-08-14 10:00:00,135,1
2024-08-14 11:00:00,125,88
2024-08-14 13:00:00,77,151
2024-08-14 13:00:00,77,151
2024-08-14 14:00:00,11,0
2024-08-14 15:00:00,0,51
2024-08-14 16:00:00,141,688
2024-08-14 17:00:00,95,1001
2024-08-14 18:00:00,310,487
2024-08-14 19:00:00,491,590
2024-08-14 20:00:00,633,233
2024-08-14 21:00:00,1064,434
2024-08-14 22:00:00,1346,27
2024-08-14 23:00:00,13,5
2024-08-15 00:00:00,436,5
2024-08-15 01:00:00,1,3
2024-08-15 02:00:00,0,9
2024-08-15 03:00:00,99,0
2024-08-15 05:00:00,1005,132
2024-08-15 05:00:00,1005,132
2024-08-15 06:00:00,0,136
2024-08-15 07:00:00,205,57
2024-08-15 09:00:00,571,128
2024-08-15 09:00:00,571,128
2024-08-15 10:00:00,91,53
2024-08-15 11:00:00,634,2
2024-08-15 12:00:00,2181,14
2024-08-15 13:00:00,358,172
2024-08-15 14:00:00,0,254
2024-08-15 15:00:00,109,131
2024-08-15 16:00:00,516,8
2024-08-15 17:00:00,3,339
2024-08-15 18:00:00,1204,599
2024-08-15 19:00:00,135,1081
2024-08-15 20:00:00,85,587
2024-08-15 21:00:00,8,143
2024-08-15 22:00:00,175,1196
2024-08-15 23:00:00,1058,0
2024-08-16 00:00:00,4094,405
2024-08-16 01:00:00,1639,476
2024-08-16 02:00:00,671,100
2024-08-16 03:00:00,68,1314
2024-08-16 04:00:00,31,2332
2024-08-16 05:00:00,93,0
2024-08-16 06:00:00,94,0
2024-08-16 07:00:00,531,22
2024-08-16 08:00:00,53,1331
2024-08-16 09:00:00,272,0
2024-08-16 10:00:00,21,1
2024-08-16 11:00:00,0,8
2024-08-16 12:00:00,0,300
2024-08-16 13:00:00,6,1
2024-08-16 14:00:00,235,1
2024-08-16 15:00:00,0,17
2024-08-16 16:00:00,250,1
2024-08-16 17:00:00,2241,98
2024-08-16 18:00:00,2298,3
2024-08-16 19:00:00,2830,772
2024-08-16 20:00:00,1168,23
2024-08-16 21:00:00,1084,171
2024-08-16 22:00:00,56,430
2024-08-16 23:00:00,1128,1140
2024-08-17 00:00:00,463,340
2024-08-17 01:00:00,27,1117
2024-08-17 02:00:00,9,344
2024-08-17 03:00:00,420,29
2024-08-17 04:00:00,87,150
2024-08-17 05:00:00,327,0
2024-08-17 06:00:00,874,484
2024-08-17 07:00:00,0,123
2024-08-17 08:00:00,0,114
2024-08-17 09:00:00,337,0
2024-08-17 10:00:00,3,28
2024-08-17 11:00:00,1,18
2024-08-17 12:00:00,208,11
2024-08-17 13:00:00,92,11
2024-08-17 14:00:00,13,32
2024-08-17 15:00:00,297,353
2024-08-17 16:00:00,522,20
2024-08-17 17:00:00,151,42
2024-08-17 18:00:00,14,89
2024-08-17 19:00:00,26,508
2024-08-17 20:00:00,30,57
2024-08-17 21:00:00,171,1251
2024-08-17 22:00:00,15,28
2024-08-17 23:00:00,43,92
2024-08-18 00:00:00,207,5
2024-08-18 01:00:00,9,209
2024-08-18 02:00:00,0,1
2024-08-18 03:00:00,21,3
2024-08-18 04:00:00,0,161
2024-08-18 05:00:00,0,78
2024-08-18 06:00:00,0,1087
2024-08-18 07:00:00,123,0
2024-08-18 08:00:00,99,502
2024-08-18 09:00:00,299,109
2024-08-18 10:00:00,305,0
2024-08-18 11:00:00,60,81
2024-08-18 12:00:00,116,17
2024-08-18 13:00:00,17,21
2024-08-18 14:00:00,20,0
2024-08-18 15:00:00,28,658
2024-08-18 16:00:00,560,1969
2024-08-18 17:00:00,27,0
2024-08-18 18:00:00,17,375
2024-08-18 19:00:00,228,170
2024-08-18 20:00:00,23,44
2024-08-18 21:00:00,4,73
2024-08-18 22:00:00,2,156
2024-08-18 23:00:00,395,1
2024-08-19 00:00:00,1,93
2024-08-19 01:00:00,0,350
2024-08-19 02:00:00,0,200
2024-08-19 03:00:00,658,0
2024-08-19 04:00:00,205,0
2024-08-19 05:00:00,4712,3
2024-08-19 06:00:00,1770,374
2024-08-19 07:00:00,337,153
2024-08-19 08:00:00,7,58
2024-08-19 09:00:00,0,50
2024-08-19 10:00:00,4,0
2024-08-19 11:00:00,370,1
2024-08-19 12:00:00,19,290
2024-08-19 13:00:00,482,0
2024-08-19 14:00:00,83,0
2024-08-19 15:00:00,6864,42
2024-08-19 16:00:00,1169,64
2024-08-19 17:00:00,82,262
2024-08-19 18:00:00,80,317
2024-08-19 19:00:00,343,1104
2024-08-19 20:00:00,659,480
2024-08-19 21:00:00,47,203
2024-08-19 22:00:00,174,89
2024-08-19 23:00:00,2265,530
2024-08-20 00:00:00,208,294
2024-08-20 01:00:00,267,6
2024-08-20 02:00:00,0,17
2024-08-20 03:00:00,69,3
