2024-06-20 03:00:00,3.3725,77.13,22.87
2024-06-20 04:00:00,3.386,77.2,22.8
2024-06-20 05:00:00,3.4189,77.37,22.63
2024-06-20 06:00:00,3.329,76.9,23.1
2024-06-20 07:00:00,3.4072,77.31,22.69
2024-06-20 08:00:00,3.5208,77.88,22.12
2024-06-20 09:00:00,3.4944,77.75,22.25
2024-06-20 10:00:00,3.995,79.98,20.02
2024-06-20 11:00:00,3.7619,79,21
2024-06-20 12:00:00,3.649,78.49,21.51
2024-06-20 13:00:00,3.5065,77.81,22.19
2024-06-20 14:00:00,3.5331,77.94,22.06
2024-06-20 15:00:00,3.4405,77.48,22.52
2024-06-20 16:00:00,3.4366,77.46,22.54
2024-06-20 17:00:00,3.4092,77.32,22.68
2024-06-20 18:00:00,3.1408,75.85,24.15
2024-06-20 19:00:00,3.1152,75.7,24.3
2024-06-20 20:00:00,3.902,79.6,20.4
2024-06-20 21:00:00,4.0761,80.3,19.7
2024-06-20 22:00:00,4.1467,80.57,19.43
2024-06-20 23:00:00,4.3248,81.22,18.78
2024-06-21 00:00:00,4.2966,81.12,18.88
2024-06-21 01:00:00,4.2659,81.01,18.99
2024-06-21 02:00:00,4.2356,80.9,19.1
2024-06-21 03:00:00,4.2192,80.84,19.16
2024-06-21 04:00:00,4.2826,81.07,18.93
2024-06-21 05:00:00,4.2329,80.89,19.11
2024-06-21 06:00:00,4.0942,80.37,19.63
2024-06-21 07:00:00,4.1706,80.66,19.34
2024-06-21 08:00:00,3.8924,79.56,20.44
2024-06-21 09:00:00,4.2687,81.02,18.98
2024-06-21 10:00:00,4.2826,81.07,18.93
2024-06-21 11:00:00,4.2715,81.03,18.97
2024-06-21 12:00:00,4.2466,80.94,19.06
2024-06-21 13:00:00,4.2743,81.04,18.96
2024-06-21 14:00:00,4.2854,81.08,18.92
2024-06-21 15:00:00,4.184,80.71,19.29
2024-06-21 16:00:00,4.277,81.05,18.95
2024-06-21 17:00:00,4.2029,80.78,19.22
2024-06-21 18:00:00,4.2687,81.02,18.98
2024-06-21 19:00:00,4.3677,81.37,18.63
2024-06-21 20:00:00,4.4025,81.49,18.51
2024-06-21 21:00:00,3.9529,79.81,20.19
2024-06-21 22:00:00,4.4171,81.54,18.46
2024-06-21 23:00:00,4.5835,82.09,17.91
2024-06-22 00:00:00,4.5617,82.02,17.98
2024-06-22 01:00:00,4.4437,81.63,18.37
2024-06-22 02:00:00,4.2219,80.85,19.15
2024-06-22 03:00:00,4.0633,80.25,19.75
2024-06-22 04:00:00,4.1975,80.76,19.24
2024-06-22 05:00:00,3.6642,78.56,21.44
2024-06-22 06:00:00,3.7237,78.83,21.17
2024-06-22 07:00:00,3.9261,79.7,20.3
2024-06-22 08:00:00,3.9652,79.86,20.14
2024-06-22 09:00:00,3.845,79.36,20.64
2024-06-22 10:00:00,3.7801,79.08,20.92
2024-06-22 11:00:00,3.6795,78.63,21.37
2024-06-22 12:00:00,3.6598,78.54,21.46
2024-06-22 13:00:00,3.3687,77.11,22.89
2024-06-22 14:00:00,3.6062,78.29,21.71
2024-06-22 15:00:00,3.649,78.49,21.51
2024-06-22 16:00:00,3.7081,78.76,21.24
2024-06-22 17:00:00,3.7371,78.89,21.11
2024-06-22 18:00:00,3.4072,77.31,22.69
2024-06-22 19:00:00,3.7687,79.03,20.97
2024-06-22 20:00:00,3.4307,77.43,22.57
2024-06-22 21:00:00,3.6773,78.62,21.38
2024-06-22 22:00:00,3.4623,77.59,22.41
2024-06-22 23:00:00,3.4366,77.46,22.54
2024-06-23 00:00:00,3.5126,77.84,22.16
2024-06-23 01:00:00,3.7237,78.83,21.17
2024-06-23 02:00:00,3.7059,78.75,21.25
2024-06-23 03:00:00,3.7326,78.87,21.13
2024-06-23 04:00:00,3.7438,78.92,21.08
2024-06-23 05:00:00,3.7642,79.01,20.99
2024-06-23 06:00:00,3.7824,79.09,20.91
2024-06-23 07:00:00,3.7664,79.02,20.98
2024-06-23 08:00:00,3.8123,79.22,20.78
2024-06-23 09:00:00,3.8544,79.4,20.6
2024-06-23 10:00:00,3.8709,79.47,20.53
2024-06-23 11:00:00,3.8757,79.49,20.51
2024-06-23 12:00:00,3.8804,79.51,20.49
2024-06-23 13:00:00,3.9751,79.9,20.1
2024-06-23 14:00:00,3.9727,79.89,20.11
2024-06-23 15:00:00,3.697,78.71,21.29
2024-06-23 16:00:00,3.9677,79.87,20.13
2024-06-23 17:00:00,4.0607,80.24,19.76
2024-06-23 18:00:00,4.0736,80.29,19.71
2024-06-23 19:00:00,3.6083,78.3,21.7
2024-06-23 20:00:00,3.6751,78.61,21.39
2024-06-23 21:00:00,3.9334,79.73,20.27
2024-06-23 22:00:00,3.8876,79.54,20.46
2024-06-23 23:00:00,3.8972,79.58,20.42
2024-06-24 00:00:00,3.697,78.71,21.29
2024-06-24 01:00:00,4.102,80.4,19.6
2024-06-24 02:00:00,4.2743,81.04,18.96
2024-06-24 03:00:00,4.2994,81.13,18.87
2024-06-24 04:00:00,3.9213,79.68,20.32
2024-06-24 05:00:00,4.3191,81.2,18.8
2024-06-24 06:00:00,4.2521,80.96,19.04
2024-06-24 07:00:00,4.2604,80.99,19.01
2024-06-24 08:00:00,4.102,80.4,19.6
2024-06-24 09:00:00,3.9652,79.86,20.14
2024-06-24 10:00:00,3.7529,78.96,21.04
2024-06-24 11:00:00,3.6926,78.69,21.31
2024-06-24 12:00:00,3.7551,78.97,21.03
2024-06-24 13:00:00,3.8146,79.23,20.77
2024-06-24 14:00:00,3.8146,79.23,20.77
2024-06-24 15:00:00,3.5998,78.26,21.74
2024-06-24 16:00:00,3.5746,78.14,21.86
2024-06-24 17:00:00,3.3975,77.26,22.74
2024-06-24 18:00:00,3.3573,77.05,22.95
2024-06-24 19:00:00,3.3898,77.22,22.78
2024-06-24 20:00:00,3.29,76.69,23.31
2024-06-24 21:00:00,3.3956,77.25,22.75
2024-06-24 22:00:00,3.5662,78.1,21.9
2024-06-24 23:00:00,3.5393,77.97,22.03
2024-06-25 00:00:00,3.5809,78.17,21.83
2024-06-25 01:00:00,3.5106,77.83,22.17
2024-06-25 02:00:00,3.6211,78.36,21.64
2024-06-25 03:00:00,3.6773,78.62,21.38
2024-06-25 04:00:00,3.6062,78.29,21.71
2024-06-25 05:00:00,3.5517,78.03,21.97
2024-06-25 06:00:00,3.3459,76.99,23.01
2024-06-25 07:00:00,3.3066,76.78,23.22
2024-06-25 08:00:00,3.1597,75.96,24.04
2024-06-25 09:00:00,3.1982,76.18,23.82
2024-06-25 10:00:00,3.1085,75.66,24.34
2024-06-25 11:00:00,3.0469,75.29,24.71
2024-06-25 12:00:00,2.973,74.83,25.17
2024-06-25 13:00:00,2.9154,74.46,25.54
2024-06-25 14:00:00,2.7467,73.31,26.69
2024-06-25 15:00:00,2.775,73.51,26.49
2024-06-25 16:00:00,2.827,73.87,26.13
2024-06-25 17:00:00,2.6075,72.28,27.72
2024-06-25 18:00:00,2.5448,71.79,28.21
2024-06-25 19:00:00,2.5791,72.06,27.94
2024-06-25 20:00:00,2.6417,72.54,27.46
2024-06-25 21:00:00,2.647,72.58,27.42
2024-06-25 22:00:00,2.5907,72.15,27.85
2024-06-25 23:00:00,2.6114,72.31,27.69
2024-06-26 00:00:00,2.8805,74.23,25.77
2024-06-26 01:00:00,2.785,73.58,26.42
2024-06-26 02:00:00,2.7893,73.61,26.39
2024-06-26 03:00:00,2.7864,73.59,26.41
2024-06-26 04:00:00,2.8124,73.77,26.23
2024-06-26 05:00:00,2.827,73.87,26.13
2024-06-26 06:00:00,3.2159,76.28,23.72
2024-06-26 07:00:00,3.2248,76.33,23.67
2024-06-26 08:00:00,3.2265,76.34,23.66
2024-06-26 09:00:00,2.9635,74.77,25.23
2024-06-26 10:00:00,2.9479,74.67,25.33
2024-06-26 11:00:00,3.2409,76.42,23.58
2024-06-26 12:00:00,3.2827,76.65,23.35
2024-06-26 13:00:00,3.3011,76.75,23.25
2024-06-26 14:00:00,3.3234,76.87,23.13
2024-06-26 15:00:00,3.3215,76.86,23.14
2024-06-26 16:00:00,3.3085,76.79,23.21
2024-06-26 17:00:00,3.2337,76.38,23.62
2024-06-26 18:00:00,3.1841,76.1,23.9
2024-06-26 19:00:00,3.1186,75.72,24.28
2024-06-26 20:00:00,3.1068,75.65,24.35
2024-06-26 21:00:00,3.0096,75.06,24.94
2024-06-26 22:00:00,3.2626,76.54,23.46
2024-06-26 23:00:00,3.2319,76.37,23.63
2024-06-27 00:00:00,3.3178,76.84,23.16
2024-06-27 01:00:00,3.3178,76.84,23.16
2024-06-27 02:00:00,3.3215,76.86,23.14
2024-06-27 03:00:00,3.3365,76.94,23.06
2024-06-27 04:00:00,3.2517,76.48,23.52
2024-06-27 05:00:00,3.2409,76.42,23.58
2024-06-27 06:00:00,3.2427,76.43,23.57
2024-06-27 07:00:00,3.2445,76.44,23.56
2024-06-27 08:00:00,3.2772,76.62,23.38
2024-06-27 09:00:00,3.3328,76.92,23.08
2024-06-27 10:00:00,3.2319,76.37,23.63
2024-06-27 11:00:00,3.207,76.23,23.77
2024-06-27 12:00:00,3.2662,76.56,23.44
2024-06-27 13:00:00,3.2644,76.55,23.45
2024-06-27 14:00:00,3.2882,76.68,23.32
2024-06-27 15:00:00,3.2644,76.55,23.45
2024-06-27 16:00:00,3.1118,75.68,24.32
2024-06-27 17:00:00,2.917,74.47,25.53
2024-06-27 18:00:00,2.7922,73.63,26.37
2024-06-27 19:00:00,2.69,72.9,27.1
2024-06-27 20:00:00,2.4095,70.67,29.33
2024-06-27 21:00:00,2.202,68.77,31.23
2024-06-27 22:00:00,2.2949,69.65,30.35
2024-06-27 23:00:00,2.3344,70.01,29.99
2024-06-28 00:00:00,2.3512,70.16,29.84
2024-06-28 01:00:00,2.308,69.77,30.23
2024-06-28 02:00:00,2.2595,69.32,30.68
2024-06-28 03:00:00,2.2362,69.1,30.9
2024-06-28 04:00:00,2.2051,68.8,31.2
2024-06-28 05:00:00,2.1556,68.31,31.69
2024-06-28 06:00:00,2.1387,68.14,31.86
2024-06-28 07:00:00,2.1456,68.21,31.79
2024-06-28 08:00:00,2.1786,68.54,31.46
2024-06-28 09:00:00,2.3467,70.12,29.88
2024-06-28 10:00:00,2.4072,70.65,29.35
2024-06-28 11:00:00,2.3602,70.24,29.76
2024-06-28 12:00:00,2.3693,70.32,29.68
2024-06-28 13:00:00,2.6023,72.24,27.76
2024-06-28 14:00:00,2.6536,72.63,27.37
2024-06-28 15:00:00,2.69,72.9,27.1
2024-06-28 16:00:00,2.7272,73.17,26.83
2024-06-28 17:00:00,2.775,73.51,26.49
2024-06-28 18:00:00,2.7836,73.57,26.43
2024-06-28 19:00:00,2.6088,72.29,27.71
2024-06-28 20:00:00,2.867,74.14,25.86
2024-06-28 21:00:00,3.2662,76.56,23.44
2024-06-28 22:00:00,3.3956,77.25,22.75
2024-06-28 23:00:00,3.3975,77.26,22.74
2024-06-29 00:00:00,3.4903,77.73,22.27
2024-06-29 01:00:00,3.5228,77.89,22.11
2024-06-29 02:00:00,3.662,78.55,21.45
2024-06-29 03:00:00,3.7824,79.09,20.91
2024-06-29 04:00:00,3.7847,79.1,20.9
2024-06-29 05:00:00,3.8379,79.33,20.67
2024-06-29 06:00:00,3.8924,79.56,20.44
2024-06-29 07:00:00,3.9044,79.61,20.39
2024-06-29 08:00:00,3.9702,79.88,20.12
2024-06-29 09:00:00,3.914,79.65,20.35
2024-06-29 10:00:00,3.8379,79.33,20.67
2024-06-29 11:00:00,3.8309,79.3,20.7
2024-06-29 12:00:00,3.8852,79.53,20.47
2024-06-29 13:00:00,3.9652,79.86,20.14
2024-06-29 14:00:00,3.8473,79.37,20.63
2024-06-29 15:00:00,3.8054,79.19,20.81
2024-06-29 16:00:00,3.5126,77.84,22.16
2024-06-29 17:00:00,3.4563,77.56,22.44
2024-06-29 18:00:00,3.4924,77.74,22.26
2024-06-29 19:00:00,3.4425,77.49,22.51
2024-06-29 20:00:00,3.4346,77.45,22.55
2024-06-29 21:00:00,3.3917,77.23,22.77
2024-06-29 22:00:00,3.3745,77.14,22.86
2024-06-29 23:00:00,3.3649,77.09,22.91
2024-06-30 00:00:00,3.3384,76.95,23.05
2024-06-30 01:00:00,3.3649,77.09,22.91
2024-06-30 02:00:00,3.3783,77.16,22.84
2024-06-30 03:00:00,3.386,77.2,22.8
2024-06-30 04:00:00,3.4543,77.55,22.45
2024-06-30 05:00:00,3.2088,76.24,23.76
2024-06-30 06:00:00,3.2517,76.48,23.52
2024-06-30 07:00:00,3.2571,76.51,23.49
2024-06-30 08:00:00,3.2662,76.56,23.44
2024-06-30 09:00:00,3.5434,77.99,22.01
2024-06-30 10:00:00,3.6577,78.53,21.47
2024-06-30 11:00:00,3.7733,79.05,20.95
2024-06-30 12:00:00,3.8054,79.19,20.81
2024-06-30 13:00:00,3.5788,78.16,21.84
2024-06-30 14:00:00,3.415,77.35,22.65
2024-06-30 15:00:00,3.3309,76.91,23.09
2024-06-30 16:00:00,3.279,76.63,23.37
2024-06-30 17:00:00,3.207,76.23,23.77
2024-06-30 18:00:00,3.1964,76.17,23.83
2024-06-30 19:00:00,3.2391,76.41,23.59
2024-06-30 20:00:00,3.3122,76.81,23.19
2024-06-30 21:00:00,3.2445,76.44,23.56
2024-06-30 22:00:00,3.1894,76.13,23.87
2024-06-30 23:00:00,3.0717,75.44,24.56
2024-07-01 00:00:00,3.0552,75.34,24.66
2024-07-01 01:00:00,3.0371,75.23,24.77
2024-07-01 02:00:00,3,75,25
2024-07-01 03:00:00,2.9339,74.58,25.42
2024-07-01 04:00:00,2.9047,74.39,25.61
2024-07-01 05:00:00,2.9124,74.44,25.56
2024-07-01 06:00:00,2.8212,73.83,26.17
2024-07-01 07:00:00,2.811,73.76,26.24
2024-07-01 08:00:00,2.8432,73.98,26.02
2024-07-01 09:00:00,2.723,73.14,26.86
2024-07-01 10:00:00,2.69,72.9,27.1
2024-07-01 11:00:00,2.614,72.33,27.67
2024-07-01 12:00:00,2.5051,71.47,28.53
2024-07-01 13:00:00,2.4423,70.95,29.05
2024-07-01 14:00:00,2.3967,70.56,29.44
2024-07-01 15:00:00,2.3887,70.49,29.51
2024-07-01 16:00:00,2.3156,69.84,30.16
2024-07-01 17:00:00,2.3069,69.76,30.24
2024-07-01 18:00:00,2.3727,70.35,29.65
2024-07-01 19:00:00,2.4626,71.12,28.88
2024-07-01 20:00:00,2.4388,70.92,29.08
2024-07-01 21:00:00,2.3212,69.89,30.11
2024-07-01 22:00:00,2.268,69.4,30.6
2024-07-01 23:00:00,2.2798,69.51,30.49
2024-07-02 00:00:00,2.3659,70.29,29.71
2024-07-02 01:00:00,2.3378,70.04,29.96
2024-07-02 02:00:00,2.3456,70.11,29.89
2024-07-02 03:00:00,2.3356,70.02,29.98
2024-07-02 04:00:00,2.3212,69.89,30.11
2024-07-02 05:00:00,2.399,70.58,29.42
2024-07-02 06:00:00,2.3887,70.49,29.51
2024-07-02 07:00:00,2.349,70.14,29.86
2024-07-02 08:00:00,2.3047,69.74,30.26
2024-07-02 09:00:00,2.2342,69.08,30.92
2024-07-02 10:00:00,2.1746,68.5,31.5
2024-07-02 11:00:00,2.1299,68.05,31.95
2024-07-02 12:00:00,2.0553,67.27,32.73
2024-07-02 13:00:00,2.096,67.7,32.3
2024-07-02 14:00:00,2.0331,67.03,32.97
2024-07-02 15:00:00,2.0665,67.39,32.61
2024-07-02 16:00:00,2.0572,67.29,32.71
2024-07-02 17:00:00,2.023,66.92,33.08
2024-07-02 18:00:00,1.8994,65.51,34.49
2024-07-02 19:00:00,1.9265,65.83,34.17
2024-07-02 20:00:00,1.9507,66.11,33.89
2024-07-02 21:00:00,2.06,67.32,32.68
2024-07-02 22:00:00,2.0703,67.43,32.57
2024-07-02 23:00:00,2.0544,67.26,32.74
2024-07-03 00:00:00,2.0248,66.94,33.06
2024-07-03 01:00:00,2.0525,67.24,32.76
2024-07-03 02:00:00,1.9985,66.65,33.35
2024-07-03 03:00:00,1.9044,65.57,34.43
2024-07-03 04:00:00,1.8952,65.46,34.54
2024-07-03 05:00:00,1.742,63.53,36.47
2024-07-03 06:00:00,1.7144,63.16,36.84
2024-07-03 07:00:00,1.6817,62.71,37.29
2024-07-03 08:00:00,1.7793,64.02,35.98
2024-07-03 09:00:00,1.6925,62.86,37.14
2024-07-03 10:00:00,1.8129,64.45,35.55
2024-07-03 11:00:00,1.9197,65.75,34.25
2024-07-03 12:00:00,2.0084,66.76,33.24
2024-07-03 13:00:00,2.095,67.69,32.31
2024-07-03 14:00:00,2.2196,68.94,31.06
2024-07-03 15:00:00,2.5753,72.03,27.97
2024-07-03 16:00:00,2.7951,73.65,26.35
2024-07-03 17:00:00,3.0241,75.15,24.85
2024-07-03 18:00:00,3.0967,75.59,24.41
2024-07-03 19:00:00,3.0502,75.31,24.69
2024-07-03 20:00:00,3.1929,76.15,23.85
2024-07-03 21:00:00,3.2194,76.3,23.7
2024-07-03 22:00:00,3.3328,76.92,23.08
2024-07-03 23:00:00,3.386,77.2,22.8
2024-07-04 00:00:00,3.4603,77.58,22.42
2024-07-04 01:00:00,3.4823,77.69,22.31
2024-07-04 02:00:00,3.5767,78.15,21.85
2024-07-04 03:00:00,3.5977,78.25,21.75
2024-07-04 04:00:00,3.697,78.71,21.29
2024-07-04 05:00:00,3.7985,79.16,20.84
2024-07-04 06:00:00,3.8286,79.29,20.71
2024-07-04 07:00:00,3.9456,79.78,20.22
2024-07-04 08:00:00,3.8662,79.45,20.55
2024-07-04 09:00:00,4.2687,81.02,18.98
2024-07-04 10:00:00,4.339,81.27,18.73
2024-07-04 11:00:00,4.2687,81.02,18.98
2024-07-04 12:00:00,4.2274,80.87,19.13
2024-07-04 13:00:00,4.2356,80.9,19.1
2024-07-04 14:00:00,4.1948,80.75,19.25
2024-07-04 15:00:00,3.9702,79.88,20.12
2024-07-04 16:00:00,4.1573,80.61,19.39
2024-07-04 17:00:00,4.3135,81.18,18.82
2024-07-04 18:00:00,4.3505,81.31,18.69
2024-07-04 19:00:00,3.9875,79.95,20.05
2024-07-04 20:00:00,3.9237,79.69,20.31
2024-07-04 21:00:00,4.0839,80.33,19.67
2024-07-04 22:00:00,4.0505,80.2,19.8
2024-07-04 23:00:00,4,80,20
2024-07-05 00:00:00,3.9092,79.63,20.37
2024-07-05 01:00:00,3.9554,79.82,20.18
2024-07-05 02:00:00,3.7326,78.87,21.13
2024-07-05 03:00:00,3.697,78.71,21.29
2024-07-05 04:00:00,3.7304,78.86,21.14
2024-07-05 05:00:00,3.7326,78.87,21.13
2024-07-05 06:00:00,4.0839,80.33,19.67
2024-07-05 07:00:00,4.0659,80.26,19.74
2024-07-05 08:00:00,3.985,79.94,20.06
2024-07-05 09:00:00,3.4072,77.31,22.69
2024-07-05 10:00:00,3.3122,76.81,23.19
2024-07-05 11:00:00,3.1999,76.19,23.81
2024-07-05 12:00:00,3.0667,75.41,24.59
2024-07-05 13:00:00,2.9857,74.91,25.09
2024-07-05 14:00:00,2.992,74.95,25.05
2024-07-05 15:00:00,3.1563,75.94,24.06
2024-07-05 16:00:00,3.2608,76.53,23.47
2024-07-05 17:00:00,3.1,75.61,24.39
2024-07-05 18:00:00,3.1254,75.76,24.24
2024-07-05 19:00:00,2.9386,74.61,25.39
2024-07-05 20:00:00,2.917,74.47,25.53
2024-07-05 21:00:00,2.8506,74.03,25.97
2024-07-05 22:00:00,2.9936,74.96,25.04
2024-07-05 23:00:00,2.8685,74.15,25.85
2024-07-06 00:00:00,2.864,74.12,25.88
2024-07-06 01:00:00,2.7764,73.52,26.48
2024-07-06 02:00:00,2.7793,73.54,26.46
2024-07-06 03:00:00,2.7106,73.05,26.95
2024-07-06 04:00:00,2.7147,73.08,26.92
2024-07-06 05:00:00,2.7411,73.27,26.73
2024-07-06 06:00:00,2.7994,73.68,26.32
2024-07-06 07:00:00,3.0519,75.32,24.68
2024-07-06 08:00:00,2.9401,74.62,25.38
2024-07-06 09:00:00,2.9047,74.39,25.61
2024-07-06 10:00:00,2.9526,74.7,25.3
2024-07-06 11:00:00,2.8655,74.13,25.87
2024-07-06 12:00:00,2.876,74.2,25.8
2024-07-06 13:00:00,2.7707,73.48,26.52
2024-07-06 14:00:00,2.7523,73.35,26.65
2024-07-06 15:00:00,2.723,73.14,26.86
2024-07-06 16:00:00,2.6941,72.93,27.07
2024-07-06 17:00:00,2.4305,70.85,29.15
2024-07-06 18:00:00,2.4048,70.63,29.37
2024-07-06 19:00:00,2.3647,70.28,29.72
2024-07-06 20:00:00,2.4698,71.18,28.82
2024-07-06 21:00:00,2.4294,70.84,29.16
2024-07-06 22:00:00,2.3501,70.15,29.85
2024-07-06 23:00:00,2.406,70.64,29.36
2024-07-07 00:00:00,2.3818,70.43,29.57
2024-07-07 01:00:00,2.3818,70.43,29.57
2024-07-07 02:00:00,2.471,71.19,28.81
2024-07-07 03:00:00,2.4843,71.3,28.7
2024-07-07 04:00:00,2.4722,71.2,28.8
2024-07-07 05:00:00,2.4807,71.27,28.73
2024-07-07 06:00:00,2.4614,71.11,28.89
2024-07-07 07:00:00,2.34,70.06,29.94
2024-07-07 08:00:00,2.5261,71.64,28.36
2024-07-07 09:00:00,2.5881,72.13,27.87
2024-07-07 10:00:00,2.5323,71.69,28.31
2024-07-07 11:00:00,2.4495,71.01,28.99
2024-07-07 12:00:00,2.4928,71.37,28.63
2024-07-07 13:00:00,2.4977,71.41,28.59
2024-07-07 14:00:00,2.5286,71.66,28.34
2024-07-07 15:00:00,2.4211,70.77,29.23
2024-07-07 16:00:00,2.4807,71.27,28.73
2024-07-07 17:00:00,2.4892,71.34,28.66
2024-07-07 18:00:00,2.4771,71.24,28.76
2024-07-07 19:00:00,2.4722,71.2,28.8
2024-07-07 20:00:00,2.4518,71.03,28.97
2024-07-07 21:00:00,2.4698,71.18,28.82
2024-07-07 22:00:00,2.4686,71.17,28.83
2024-07-07 23:00:00,2.4746,71.22,28.78
2024-07-08 00:00:00,2.4746,71.22,28.78
2024-07-08 01:00:00,2.5261,71.64,28.36
2024-07-08 02:00:00,2.6496,72.6,27.4
2024-07-08 03:00:00,2.7023,72.99,27.01
2024-07-08 04:00:00,2.8447,73.99,26.01
2024-07-08 05:00:00,2.8139,73.78,26.22
2024-07-08 06:00:00,2.8506,74.03,25.97
2024-07-08 07:00:00,2.8168,73.8,26.2
2024-07-08 08:00:00,3.0883,75.54,24.46
2024-07-08 09:00:00,3.1408,75.85,24.15
2024-07-08 10:00:00,3.0866,75.53,24.47
2024-07-08 11:00:00,2.92,74.49,25.51
2024-07-08 12:00:00,2.9017,74.37,25.63
2024-07-08 13:00:00,2.9124,74.44,25.56
2024-07-08 14:00:00,2.8926,74.31,25.69
2024-07-08 15:00:00,2.7636,73.43,26.57
2024-07-08 16:00:00,2.5714,72,28
2024-07-08 17:00:00,2.4329,70.87,29.13
2024-07-08 18:00:00,2.4083,70.66,29.34
2024-07-08 19:00:00,2.231,69.05,30.95
2024-07-08 20:00:00,2.1867,68.62,31.38
2024-07-08 21:00:00,2.6684,72.74,27.26
2024-07-08 22:00:00,2.5613,71.92,28.08
2024-07-08 23:00:00,2.663,72.7,27.3
2024-07-09 00:00:00,2.6819,72.84,27.16
2024-07-09 01:00:00,2.7051,73.01,26.99
2024-07-09 02:00:00,2.7189,73.11,26.89
2024-07-09 03:00:00,2.6805,72.83,27.17
2024-07-09 04:00:00,2.659,72.67,27.33
2024-07-09 05:00:00,2.6036,72.25,27.75
2024-07-09 06:00:00,2.5587,71.9,28.1
2024-07-09 07:00:00,2.5549,71.87,28.13
2024-07-09 08:00:00,2.7313,73.2,26.8
2024-07-09 09:00:00,2.723,73.14,26.86
2024-07-09 10:00:00,2.6456,72.57,27.43
2024-07-09 11:00:00,2.4722,71.2,28.8
2024-07-09 12:00:00,2.3025,69.72,30.28
2024-07-09 13:00:00,2.1437,68.19,31.81
2024-07-09 14:00:00,1.9967,66.63,33.37
2024-07-09 15:00:00,2.1299,68.05,31.95
2024-07-09 16:00:00,2.1776,68.53,31.47
2024-07-09 17:00:00,2.2051,68.8,31.2
2024-07-09 18:00:00,2.1898,68.65,31.35
2024-07-09 19:00:00,2.1526,68.28,31.72
2024-07-09 20:00:00,2.1104,67.85,32.15
2024-07-09 21:00:00,2.2992,69.69,30.31
2024-07-09 22:00:00,2.3478,70.13,29.87
2024-07-09 23:00:00,2.2321,69.06,30.94
2024-07-10 00:00:00,2.2041,68.79,31.21
2024-07-10 01:00:00,2.1008,67.75,32.25
2024-07-10 02:00:00,2.1075,67.82,32.18
2024-07-10 03:00:00,2.123,67.98,32.02
2024-07-10 04:00:00,2.1056,67.8,32.2
2024-07-10 05:00:00,2.199,68.74,31.26
2024-07-10 06:00:00,2.2289,69.03,30.97
2024-07-10 07:00:00,2.2906,69.61,30.39
2024-07-10 08:00:00,2.3535,70.18,29.82
2024-07-10 09:00:00,2.3841,70.45,29.55
2024-07-10 10:00:00,2.4025,70.61,29.39
2024-07-10 11:00:00,2.1466,68.22,31.78
2024-07-10 12:00:00,2.0703,67.43,32.57
2024-07-10 13:00:00,1.9895,66.55,33.45
2024-07-10 14:00:00,1.9824,66.47,33.53
2024-07-10 15:00:00,1.9499,66.1,33.9
2024-07-10 16:00:00,2.0553,67.27,32.73
2024-07-10 17:00:00,2.0769,67.5,32.5
2024-07-10 18:00:00,2.1676,68.43,31.57
2024-07-10 19:00:00,2.269,69.41,30.59
2024-07-10 20:00:00,2.2648,69.37,30.63
2024-07-10 21:00:00,2.3535,70.18,29.82
2024-07-10 22:00:00,2.4235,70.79,29.21
2024-07-10 23:00:00,2.3887,70.49,29.51
2024-07-11 00:00:00,2.3933,70.53,29.47
2024-07-11 01:00:00,2.4014,70.6,29.4
2024-07-11 02:00:00,2.3795,70.41,29.59
2024-07-11 03:00:00,2.3704,70.33,29.67
2024-07-11 04:00:00,2.3591,70.23,29.77
2024-07-11 05:00:00,2.4095,70.67,29.33
2024-07-11 06:00:00,2.4471,70.99,29.01
2024-07-11 07:00:00,2.44,70.93,29.07
2024-07-11 08:00:00,2.4235,70.79,29.21
2024-07-11 09:00:00,2.4447,70.97,29.03
2024-07-11 10:00:00,2.5638,71.94,28.06
2024-07-11 11:00:00,2.5753,72.03,27.97
2024-07-11 12:00:00,2.5753,72.03,27.97
2024-07-11 13:00:00,2.5186,71.58,28.42
2024-07-11 14:00:00,2.4235,70.79,29.21
2024-07-11 15:00:00,2.3557,70.2,29.8
2024-07-11 16:00:00,2.3234,69.91,30.09
2024-07-11 17:00:00,2.3069,69.76,30.24
2024-07-11 18:00:00,2.2723,69.44,30.56
2024-07-11 19:00:00,2.391,70.51,29.49
2024-07-11 20:00:00,2.4423,70.95,29.05
2024-07-11 21:00:00,2.663,72.7,27.3
2024-07-11 22:00:00,2.7327,73.21,26.79
2024-07-11 23:00:00,2.7936,73.64,26.36
2024-07-12 00:00:00,2.8775,74.21,25.79
2024-07-12 01:00:00,2.8491,74.02,25.98
2024-07-12 02:00:00,2.8344,73.92,26.08
2024-07-12 03:00:00,2.7922,73.63,26.37
2024-07-12 04:00:00,2.8139,73.78,26.22
2024-07-12 05:00:00,2.8197,73.82,26.18
2024-07-12 06:00:00,2.8168,73.8,26.2
2024-07-12 07:00:00,2.7538,73.36,26.64
2024-07-12 08:00:00,2.7147,73.08,26.92
2024-07-12 09:00:00,2.7736,73.5,26.5
2024-07-12 10:00:00,2.9063,74.4,25.6
2024-07-12 11:00:00,2.9777,74.86,25.14
2024-07-12 12:00:00,2.8536,74.05,25.95
2024-07-12 13:00:00,2.861,74.1,25.9
2024-07-12 14:00:00,2.9683,74.8,25.2
2024-07-12 15:00:00,2.9324,74.57,25.43
2024-07-12 16:00:00,2.937,74.6,25.4
2024-07-12 17:00:00,2.9093,74.42,25.58
2024-07-12 18:00:00,2.8462,74,26
2024-07-12 19:00:00,2.8285,73.88,26.12
2024-07-12 20:00:00,2.8655,74.13,25.87
2024-07-12 21:00:00,2.7161,73.09,26.91
2024-07-12 22:00:00,2.7397,73.26,26.74
2024-07-12 23:00:00,2.7764,73.52,26.48
2024-07-13 00:00:00,2.7286,73.18,26.82
2024-07-13 01:00:00,2.7106,73.05,26.95
2024-07-13 02:00:00,2.6417,72.54,27.46
2024-07-13 03:00:00,2.6996,72.97,27.03
2024-07-13 04:00:00,2.7051,73.01,26.99
2024-07-13 05:00:00,2.7608,73.41,26.59
2024-07-13 06:00:00,2.7622,73.42,26.58
2024-07-13 07:00:00,2.7495,73.33,26.67
2024-07-13 08:00:00,2.6536,72.63,27.37
2024-07-13 09:00:00,2.6536,72.63,27.37
2024-07-13 10:00:00,2.6179,72.36,27.64
2024-07-13 11:00:00,2.6284,72.44,27.56
2024-07-13 12:00:00,2.6417,72.54,27.46
2024-07-13 13:00:00,2.6284,72.44,27.56
2024-07-13 14:00:00,2.6219,72.39,27.61
2024-07-13 15:00:00,2.6153,72.34,27.66
2024-07-13 16:00:00,2.4459,70.98,29.02
2024-07-13 17:00:00,2.4329,70.87,29.13
2024-07-13 18:00:00,2.4447,70.97,29.03
2024-07-13 19:00:00,2.4507,71.02,28.98
2024-07-13 20:00:00,2.3625,70.26,29.74
2024-07-13 21:00:00,2.406,70.64,29.36
2024-07-13 22:00:00,2.391,70.51,29.49
2024-07-13 23:00:00,2.4223,70.78,29.22
2024-07-14 00:00:00,2.4294,70.84,29.16
2024-07-14 01:00:00,2.4141,70.71,29.29
2024-07-14 02:00:00,2.4317,70.86,29.14
2024-07-14 03:00:00,2.4211,70.77,29.23
2024-07-14 04:00:00,2.4037,70.62,29.38
2024-07-14 05:00:00,2.3795,70.41,29.59
2024-07-14 06:00:00,2.3761,70.38,29.62
2024-07-14 07:00:00,2.2113,68.86,31.14
2024-07-14 08:00:00,2.1666,68.42,31.58
2024-07-14 09:00:00,2.1387,68.14,31.86
2024-07-14 10:00:00,2.1279,68.03,31.97
2024-07-14 11:00:00,2.1075,67.82,32.18
2024-07-14 12:00:00,2.0066,66.74,33.26
2024-07-14 13:00:00,2.0414,67.12,32.88
2024-07-14 14:00:00,2.0367,67.07,32.93
2024-07-14 15:00:00,1.9913,66.57,33.43
2024-07-14 16:00:00,1.9429,66.02,33.98
2024-07-14 17:00:00,1.924,65.8,34.2
2024-07-14 18:00:00,1.9019,65.54,34.46
2024-07-14 19:00:00,1.9104,65.64,34.36
2024-07-14 20:00:00,1.9464,66.06,33.94
2024-07-14 21:00:00,1.9851,66.5,33.5
2024-07-14 22:00:00,1.9112,65.65,34.35
2024-07-14 23:00:00,1.8662,65.11,34.89
2024-07-15 00:00:00,1.8694,65.15,34.85
2024-07-15 01:00:00,1.8645,65.09,34.91
2024-07-15 02:00:00,1.8539,64.96,35.04
2024-07-15 03:00:00,1.8637,65.08,34.92
2024-07-15 04:00:00,1.9334,65.91,34.09
2024-07-15 05:00:00,1.9386,65.97,34.03
2024-07-15 06:00:00,1.8169,64.5,35.5
2024-07-15 07:00:00,1.849,64.9,35.1
2024-07-15 08:00:00,1.7832,64.07,35.93
2024-07-15 09:00:00,1.8003,64.29,35.71
2024-07-15 10:00:00,1.7375,63.47,36.53
2024-07-15 11:00:00,1.702,62.99,37.01
2024-07-15 12:00:00,1.694,62.88,37.12
2024-07-15 13:00:00,1.6976,62.93,37.07
2024-07-15 14:00:00,1.642,62.15,37.85
2024-07-15 15:00:00,1.5907,61.4,38.6
2024-07-15 16:00:00,1.5634,60.99,39.01
2024-07-15 17:00:00,1.6137,61.74,38.26
2024-07-15 18:00:00,1.6281,61.95,38.05
2024-07-15 19:00:00,1.6575,62.37,37.63
2024-07-15 20:00:00,1.6378,62.09,37.91
2024-07-15 21:00:00,1.6015,61.56,38.44
2024-07-15 22:00:00,1.6178,61.8,38.2
2024-07-15 23:00:00,1.5694,61.08,38.92
2024-07-16 00:00:00,1.5297,60.47,39.53
2024-07-16 01:00:00,1.5589,60.92,39.08
2024-07-16 02:00:00,1.5733,61.14,38.86
2024-07-16 03:00:00,1.5634,60.99,39.01
2024-07-16 04:00:00,1.5747,61.16,38.84
2024-07-16 05:00:00,1.5981,61.51,38.49
2024-07-16 06:00:00,1.6295,61.97,38.03
2024-07-16 07:00:00,1.5981,61.51,38.49
2024-07-16 08:00:00,1.6288,61.96,38.04
2024-07-16 09:00:00,1.6337,62.03,37.97
2024-07-16 10:00:00,1.7078,63.07,36.93
2024-07-16 11:00:00,1.6247,61.9,38.1
2024-07-16 12:00:00,1.6838,62.74,37.26
2024-07-16 13:00:00,1.666,62.49,37.51
2024-07-16 14:00:00,1.6103,61.69,38.31
2024-07-16 15:00:00,1.6824,62.72,37.28
2024-07-16 16:00:00,1.742,63.53,36.47
2024-07-16 17:00:00,1.8019,64.31,35.69
2024-07-16 18:00:00,1.8043,64.34,35.66
2024-07-16 19:00:00,1.7218,63.26,36.74
2024-07-16 20:00:00,1.7293,63.36,36.64
2024-07-16 21:00:00,1.7739,63.95,36.05
2024-07-16 22:00:00,1.6911,62.84,37.16
2024-07-16 23:00:00,1.666,62.49,37.51
2024-07-17 00:00:00,1.5707,61.1,38.9
2024-07-17 01:00:00,1.5478,60.75,39.25
2024-07-17 02:00:00,1.5278,60.44,39.56
2024-07-17 03:00:00,1.5176,60.28,39.72
2024-07-17 04:00:00,1.5361,60.57,39.43
2024-07-17 05:00:00,1.5202,60.32,39.68
2024-07-17 06:00:00,1.5413,60.65,39.35
2024-07-17 07:00:00,1.5019,60.03,39.97
2024-07-17 08:00:00,1.5304,60.48,39.52
2024-07-17 09:00:00,1.5297,60.47,39.53
2024-07-17 10:00:00,1.5387,60.61,39.39
2024-07-17 11:00:00,1.5265,60.42,39.58
2024-07-17 12:00:00,1.5419,60.66,39.34
2024-07-17 13:00:00,1.5381,60.6,39.4
2024-07-17 14:00:00,1.5445,60.7,39.3
2024-07-17 15:00:00,1.4631,59.4,40.6
2024-07-17 16:00:00,1.439,59,41
2024-07-17 17:00:00,1.401,58.35,41.65
2024-07-17 18:00:00,1.4697,59.51,40.49
2024-07-17 19:00:00,1.4582,59.32,40.68
2024-07-17 20:00:00,1.4988,59.98,40.02
2024-07-17 21:00:00,1.5227,60.36,39.64
2024-07-17 22:00:00,1.5556,60.87,39.13
2024-07-17 23:00:00,1.8121,64.44,35.56
2024-07-18 00:00:00,1.867,65.12,34.88
2024-07-18 01:00:00,1.8852,65.34,34.66
2024-07-18 02:00:00,1.9061,65.59,34.41
2024-07-18 03:00:00,1.9044,65.57,34.43
2024-07-18 04:00:00,1.8835,65.32,34.68
2024-07-18 05:00:00,1.8711,65.17,34.83
2024-07-18 06:00:00,1.8629,65.07,34.93
2024-07-18 07:00:00,1.8458,64.86,35.14
2024-07-18 08:00:00,1.8201,64.54,35.46
2024-07-18 09:00:00,1.7762,63.98,36.02
2024-07-18 10:00:00,1.7345,63.43,36.57
2024-07-18 11:00:00,1.7174,63.2,36.8
2024-07-18 12:00:00,1.6652,62.48,37.52
2024-07-18 13:00:00,1.6567,62.36,37.64
2024-07-18 14:00:00,1.5967,61.49,38.51
2024-07-18 15:00:00,1.6096,61.68,38.32
2024-07-18 16:00:00,1.5621,60.97,39.03
2024-07-18 17:00:00,1.59,61.39,38.61
2024-07-18 18:00:00,1.5621,60.97,39.03
2024-07-18 19:00:00,1.5272,60.43,39.57
2024-07-18 20:00:00,1.4795,59.67,40.33
2024-07-18 21:00:00,1.59,61.39,38.61
2024-07-18 22:00:00,1.7315,63.39,36.61
2024-07-18 23:00:00,1.7988,64.27,35.73
2024-07-19 00:00:00,1.7785,64.01,35.99
2024-07-19 01:00:00,1.7793,64.02,35.98
2024-07-19 02:00:00,1.7632,63.81,36.19
2024-07-19 03:00:00,1.7685,63.88,36.12
2024-07-19 04:00:00,1.7972,64.25,35.75
2024-07-19 05:00:00,1.7307,63.38,36.62
2024-07-19 06:00:00,1.6976,62.93,37.07
2024-07-19 07:00:00,1.6681,62.52,37.48
2024-07-19 08:00:00,1.6702,62.55,37.45
2024-07-19 09:00:00,1.6717,62.57,37.43
2024-07-19 10:00:00,1.5667,61.04,38.96
2024-07-19 11:00:00,1.5445,60.7,39.3
2024-07-19 14:00:00,1.5189,60.3,39.7
2024-07-19 14:00:00,1.5189,60.3,39.7
2024-07-19 14:00:00,1.5189,60.3,39.7
2024-07-19 17:00:00,1.517,60.27,39.73
2024-07-19 17:00:00,1.517,60.27,39.73
2024-07-19 17:00:00,1.517,60.27,39.73
2024-07-19 18:00:00,1.474,59.58,40.42
2024-07-19 19:00:00,1.4307,58.86,41.14
2024-07-19 20:00:00,1.3132,56.77,43.23
2024-07-19 21:00:00,1.2031,54.61,45.39
2024-07-19 22:00:00,1.1436,53.35,46.65
2024-07-19 23:00:00,1.2056,54.66,45.34
2024-07-20 00:00:00,1.2391,55.34,44.66
2024-07-20 01:00:00,1.2492,55.54,44.46
2024-07-20 02:00:00,1.2548,55.65,44.35
2024-07-20 03:00:00,1.2614,55.78,44.22
2024-07-20 04:00:00,1.2671,55.89,44.11
2024-07-20 05:00:00,1.2671,55.89,44.11
2024-07-20 06:00:00,1.2727,56,44
2024-07-20 07:00:00,1.2376,55.31,44.69
2024-07-20 08:00:00,1.2168,54.89,45.11
2024-07-20 09:00:00,1.2168,54.89,45.11
2024-07-20 10:00:00,1.2391,55.34,44.66
2024-07-20 11:00:00,1.2396,55.35,44.65
2024-07-20 12:00:00,1.2257,55.07,44.93
2024-07-20 13:00:00,1.2462,55.48,44.52
2024-07-20 14:00:00,1.2665,55.88,44.12
2024-07-20 15:00:00,1.2826,56.19,43.81
2024-07-20 16:00:00,1.3084,56.68,43.32
2024-07-20 17:00:00,1.3143,56.79,43.21
2024-07-20 18:00:00,1.3052,56.62,43.38
2024-07-20 19:00:00,1.3213,56.92,43.08
2024-07-20 20:00:00,1.3403,57.27,42.73
2024-07-20 21:00:00,1.3652,57.72,42.28
2024-07-20 22:00:00,1.3759,57.91,42.09
2024-07-20 23:00:00,1.3607,57.64,42.36
2024-07-21 00:00:00,1.3047,56.61,43.39
2024-07-21 01:00:00,1.2946,56.42,43.58
2024-07-21 02:00:00,1.2502,55.56,44.44
2024-07-21 03:00:00,1.2396,55.35,44.65
2024-07-21 04:00:00,1.2031,54.61,45.39
2024-07-21 05:00:00,1.2129,54.81,45.19
2024-07-21 06:00:00,1.1944,54.43,45.57
2024-07-21 07:00:00,1.1533,53.56,46.44
2024-07-21 08:00:00,1.1363,53.19,46.81
2024-07-21 09:00:00,1.1358,53.18,46.82
2024-07-21 10:00:00,1.1566,53.63,46.37
2024-07-21 11:00:00,1.1464,53.41,46.59
2024-07-21 12:00:00,1.1395,53.26,46.74
2024-07-21 13:00:00,1.1222,52.88,47.12
2024-07-21 14:00:00,1.1844,54.22,45.78
2024-07-21 15:00:00,1.2119,54.79,45.21
2024-07-21 16:00:00,1.2462,55.48,44.52
2024-07-21 17:00:00,1.2277,55.11,44.89
2024-07-21 18:00:00,1.2366,55.29,44.71
2024-07-21 19:00:00,1.2361,55.28,44.72
2024-07-21 20:00:00,1.2331,55.22,44.78
2024-07-21 21:00:00,1.2272,55.1,44.9
2024-07-21 22:00:00,1.2153,54.86,45.14
2024-07-21 23:00:00,1.1432,53.34,46.66
2024-07-22 00:00:00,1.1796,54.12,45.88
2024-07-22 01:00:00,1.1711,53.94,46.06
2024-07-22 02:00:00,1.1487,53.46,46.54
2024-07-22 03:00:00,1.2178,54.91,45.09
2024-07-22 04:00:00,1.2487,55.53,44.47
2024-07-22 05:00:00,1.2193,54.94,45.06
2024-07-22 06:00:00,1.1631,53.77,46.23
2024-07-22 07:00:00,1.1464,53.41,46.59
2024-07-22 08:00:00,1.1697,53.91,46.09
2024-07-22 09:00:00,1.1968,54.48,45.52
2024-07-22 10:00:00,1.1983,54.51,45.49
2024-07-22 11:00:00,1.2193,54.94,45.06
2024-07-22 12:00:00,1.2376,55.31,44.69
2024-07-22 13:00:00,1.2878,56.29,43.71
2024-07-22 14:00:00,1.3518,57.48,42.52
2024-07-22 15:00:00,1.3089,56.69,43.31
2024-07-22 16:00:00,1.368,57.77,42.23
2024-07-22 17:00:00,1.3855,58.08,41.92
2024-07-22 18:00:00,1.4143,58.58,41.42
2024-07-22 19:00:00,1.3923,58.2,41.8
2024-07-22 20:00:00,1.3652,57.72,42.28
2024-07-22 21:00:00,1.3496,57.44,42.56
2024-07-22 22:00:00,1.3552,57.54,42.46
2024-07-22 23:00:00,1.3585,57.6,42.4
2024-07-23 00:00:00,1.3256,57,43
2024-07-23 01:00:00,1.3552,57.54,42.46
2024-07-23 02:00:00,1.324,56.97,43.03
2024-07-23 03:00:00,1.2962,56.45,43.55
2024-07-23 04:00:00,1.31,56.71,43.29
2024-07-23 05:00:00,1.3305,57.09,42.91
2024-07-23 06:00:00,1.3496,57.44,42.56
2024-07-23 07:00:00,1.3277,57.04,42.96
2024-07-23 08:00:00,1.4091,58.49,41.51
2024-07-23 09:00:00,1.3742,57.88,42.12
2024-07-23 10:00:00,1.3392,57.25,42.75
2024-07-23 11:00:00,1.3844,58.06,41.94
2024-07-23 12:00:00,1.4981,59.97,40.03
2024-07-23 13:00:00,1.5355,60.56,39.44
2024-07-23 14:00:00,1.5176,60.28,39.72
2024-07-23 15:00:00,1.5272,60.43,39.57
2024-07-23 16:00:00,1.5151,60.24,39.76
2024-07-23 17:00:00,1.4752,59.6,40.4
2024-07-23 18:00:00,1.553,60.83,39.17
2024-07-23 19:00:00,1.5368,60.58,39.42
2024-07-23 20:00:00,1.5826,61.28,38.72
2024-07-23 21:00:00,1.4808,59.69,40.31
2024-07-23 22:00:00,1.4691,59.5,40.5
2024-07-23 23:00:00,1.5954,61.47,38.53
2024-07-24 00:00:00,1.6853,62.76,37.24
2024-07-24 01:00:00,1.6288,61.96,38.04
2024-07-24 02:00:00,1.6553,62.34,37.66
2024-07-24 03:00:00,1.6504,62.27,37.73
2024-07-24 04:00:00,1.6399,62.12,37.88
2024-07-24 05:00:00,1.656,62.35,37.65
2024-07-24 06:00:00,1.6983,62.94,37.06
2024-07-24 07:00:00,1.6867,62.78,37.22
2024-07-24 08:00:00,1.6702,62.55,37.45
2024-07-24 09:00:00,1.6469,62.22,37.78
2024-07-24 10:00:00,1.5961,61.48,38.52
2024-07-24 11:00:00,1.5867,61.34,38.66
2024-07-24 12:00:00,1.54,60.63,39.37
2024-07-24 13:00:00,1.5145,60.23,39.77
2024-07-24 14:00:00,1.5284,60.45,39.55
2024-07-24 15:00:00,1.4969,59.95,40.05
2024-07-24 16:00:00,1.4759,59.61,40.39
2024-07-24 17:00:00,1.448,59.15,40.85
2024-07-24 18:00:00,1.4102,58.51,41.49
2024-07-24 19:00:00,1.3872,58.11,41.89
2024-07-24 20:00:00,1.354,57.52,42.48
2024-07-24 21:00:00,1.2701,55.95,44.05
2024-07-24 22:00:00,1.3364,57.2,42.8
2024-07-24 23:00:00,1.2624,55.8,44.2
2024-07-25 00:00:00,1.172,53.96,46.04
2024-07-25 01:00:00,1.2665,55.88,44.12
2024-07-25 02:00:00,1.2868,56.27,43.73
2024-07-25 03:00:00,1.2889,56.31,43.69
2024-07-25 04:00:00,1.3154,56.81,43.19
2024-07-25 05:00:00,1.2738,56.02,43.98
2024-07-25 06:00:00,1.2899,56.33,43.67
2024-07-25 07:00:00,1.2655,55.86,44.14
2024-07-25 08:00:00,1.4372,58.97,41.03
2024-07-25 09:00:00,1.576,61.18,38.82
2024-07-25 10:00:00,1.6096,61.68,38.32
2024-07-25 11:00:00,1.6302,61.98,38.02
2024-07-25 12:00:00,1.5517,60.81,39.19
2024-07-25 13:00:00,1.6008,61.55,38.45
2024-07-25 14:00:00,1.6288,61.96,38.04
2024-07-25 15:00:00,1.6089,61.67,38.33
2024-07-25 16:00:00,1.6518,62.29,37.71
2024-07-25 17:00:00,1.7609,63.78,36.22
2024-07-25 18:00:00,1.7878,64.13,35.87
2024-07-25 19:00:00,1.8121,64.44,35.56
2024-07-25 20:00:00,1.7785,64.01,35.99
2024-07-25 21:00:00,1.73,63.37,36.63
2024-07-25 22:00:00,1.6918,62.85,37.15
2024-07-25 23:00:00,1.6233,61.88,38.12
2024-07-26 00:00:00,1.6344,62.04,37.96
2024-07-26 01:00:00,1.7056,63.04,36.96
2024-07-26 02:00:00,1.7693,63.89,36.11
2024-07-26 03:00:00,1.7716,63.92,36.08
2024-07-26 04:00:00,1.6838,62.74,37.26
2024-07-26 05:00:00,1.6497,62.26,37.74
2024-07-26 06:00:00,1.6247,61.9,38.1
2024-07-26 07:00:00,1.5947,61.46,38.54
2024-07-26 08:00:00,1.6137,61.74,38.26
2024-07-26 09:00:00,1.6123,61.72,38.28
2024-07-26 10:00:00,1.5323,60.51,39.49
2024-07-26 11:00:00,1.5,60,40
2024-07-26 12:00:00,1.4558,59.28,40.72
2024-07-26 13:00:00,1.4594,59.34,40.66
2024-07-26 14:00:00,1.4248,58.76,41.24
2024-07-26 15:00:00,1.4278,58.81,41.19
2024-07-26 16:00:00,1.348,57.41,42.59
2024-07-26 17:00:00,1.2826,56.19,43.81
2024-07-26 18:00:00,1.28,56.14,43.86
2024-07-26 19:00:00,1.2158,54.87,45.13
2024-07-26 20:00:00,1.1631,53.77,46.23
2024-07-26 21:00:00,1.1524,53.54,46.46
2024-07-26 22:00:00,1.1231,52.9,47.1
2024-07-26 23:00:00,1.1204,52.84,47.16
2024-07-27 00:00:00,1.1084,52.57,47.43
2024-07-27 01:00:00,1.0907,52.17,47.83
2024-07-27 02:00:00,1.089,52.13,47.87
2024-07-27 03:00:00,1.0747,51.8,48.2
2024-07-27 04:00:00,1.082,51.97,48.03
2024-07-27 05:00:00,1.0488,51.19,48.81
2024-07-27 06:00:00,1.04,50.98,49.02
2024-07-27 07:00:00,1.0358,50.88,49.12
2024-07-27 08:00:00,1.0276,50.68,49.32
2024-07-27 09:00:00,1.0243,50.6,49.4
2024-07-27 10:00:00,1.0202,50.5,49.5
2024-07-27 11:00:00,1.0052,50.13,49.87
2024-07-27 12:00:00,1.0016,50.04,49.96
2024-07-27 13:00:00,1.0048,50.12,49.88
2024-07-27 14:00:00,0.9822,49.55,50.45
2024-07-27 15:00:00,0.955,48.85,51.15
2024-07-27 16:00:00,0.9589,48.95,51.05
2024-07-27 17:00:00,0.9732,49.32,50.68
2024-07-27 18:00:00,1.019,50.47,49.53
2024-07-27 19:00:00,1.0333,50.82,49.18
2024-07-27 20:00:00,1.0076,50.19,49.81
2024-07-27 21:00:00,1.0602,51.46,48.54
2024-07-27 22:00:00,1.1277,53,47
2024-07-27 23:00:00,1.1815,54.16,45.84
2024-07-28 00:00:00,1.2553,55.66,44.34
2024-07-28 01:00:00,1.2857,56.25,43.75
2024-07-28 02:00:00,1.28,56.14,43.86
2024-07-28 03:00:00,1.2543,55.64,44.36
2024-07-28 04:00:00,1.1496,53.48,46.52
2024-07-28 05:00:00,1.1137,52.69,47.31
2024-07-28 06:00:00,1.0986,52.35,47.65
2024-07-28 07:00:00,1.0525,51.28,48.72
2024-07-28 08:00:00,1.0387,50.95,49.05
2024-07-28 09:00:00,1.0317,50.78,49.22
2024-07-28 10:00:00,1.0309,50.76,49.24
2024-07-28 11:00:00,1.004,50.1,49.9
2024-07-28 12:00:00,1.0458,51.12,48.88
2024-07-28 13:00:00,1.0509,51.24,48.76
2024-07-28 14:00:00,1.0995,52.37,47.63
2024-07-28 15:00:00,1.0708,51.71,48.29
2024-07-28 16:00:00,1.0619,51.5,48.5
2024-07-28 17:00:00,1.0585,51.42,48.58
2024-07-28 18:00:00,1.0317,50.78,49.22
2024-07-28 19:00:00,1.0048,50.12,49.88
2024-07-28 20:00:00,0.9685,49.2,50.8
2024-07-28 21:00:00,0.9639,49.08,50.92
2024-07-28 22:00:00,0.9573,48.91,51.09
2024-07-28 23:00:00,0.9662,49.14,50.86
2024-07-29 00:00:00,0.9897,49.74,50.26
2024-07-29 01:00:00,0.998,49.95,50.05
2024-07-29 02:00:00,0.9948,49.87,50.13
2024-07-29 03:00:00,0.9829,49.57,50.43
2024-07-29 04:00:00,0.9845,49.61,50.39
2024-07-29 05:00:00,0.9743,49.35,50.65
2024-07-29 06:00:00,0.9857,49.64,50.36
2024-07-29 07:00:00,0.9331,48.27,51.73
2024-07-29 08:00:00,0.9051,47.51,52.49
2024-07-29 09:00:00,0.9212,47.95,52.05
2024-07-29 10:00:00,0.8587,46.2,53.8
2024-07-29 11:00:00,0.8208,45.08,54.92
2024-07-29 12:00:00,0.8119,44.81,55.19
2024-07-29 13:00:00,0.8012,44.48,55.52
2024-07-29 14:00:00,0.8018,44.5,55.5
2024-07-29 15:00:00,0.7999,44.44,55.56
2024-07-29 16:00:00,0.8152,44.91,55.09
2024-07-29 17:00:00,0.8349,45.5,54.5
2024-07-29 18:00:00,0.8488,45.91,54.09
2024-07-29 19:00:00,0.8484,45.9,54.1
2024-07-29 20:00:00,0.8529,46.03,53.97
2024-07-29 21:00:00,0.9916,49.79,50.21
2024-07-29 22:00:00,1.1137,52.69,47.31
2024-07-29 23:00:00,1.182,54.17,45.83
2024-07-30 00:00:00,1.2316,55.19,44.81
2024-07-30 01:00:00,1.2769,56.08,43.92
2024-07-30 02:00:00,1.2779,56.1,43.9
2024-07-30 03:00:00,1.2769,56.08,43.92
2024-07-30 04:00:00,1.3305,57.09,42.91
2024-07-30 05:00:00,1.3546,57.53,42.47
2024-07-30 06:00:00,1.3568,57.57,42.43
2024-07-30 07:00:00,1.3568,57.57,42.43
2024-07-30 08:00:00,1.4231,58.73,41.27
2024-07-30 09:00:00,1.4331,58.9,41.1
2024-07-30 10:00:00,1.4355,58.94,41.06
2024-07-30 11:00:00,1.4201,58.68,41.32
2024-07-30 12:00:00,1.4612,59.37,40.63
2024-07-30 13:00:00,1.4969,59.95,40.05
2024-07-30 14:00:00,1.5189,60.3,39.7
2024-07-30 15:00:00,1.5368,60.58,39.42
2024-07-30 16:00:00,1.5387,60.61,39.39
2024-07-30 17:00:00,1.588,61.36,38.64
2024-07-30 18:00:00,1.6316,62,38
2024-07-30 19:00:00,1.6674,62.51,37.49
2024-07-30 20:00:00,1.6731,62.59,37.41
2024-07-30 21:00:00,1.6048,61.61,38.39
2024-07-30 22:00:00,1.6497,62.26,37.74
2024-07-30 23:00:00,1.6667,62.5,37.5
2024-07-31 00:00:00,1.7457,63.58,36.42
2024-07-31 01:00:00,1.7427,63.54,36.46
2024-07-31 02:00:00,1.7556,63.71,36.29
2024-07-31 03:00:00,1.7218,63.26,36.74
2024-07-31 04:00:00,1.7034,63.01,36.99
2024-07-31 05:00:00,1.6853,62.76,37.24
2024-07-31 06:00:00,1.6998,62.96,37.04
2024-07-31 07:00:00,1.6824,62.72,37.28
2024-07-31 08:00:00,1.6802,62.69,37.31
2024-07-31 09:00:00,1.6846,62.75,37.25
2024-07-31 10:00:00,1.6824,62.72,37.28
2024-07-31 11:00:00,1.6738,62.6,37.4
2024-07-31 12:00:00,1.6448,62.19,37.81
2024-07-31 13:00:00,1.5826,61.28,38.72
2024-07-31 14:00:00,1.5119,60.19,39.81
2024-07-31 15:00:00,1.4888,59.82,40.18
2024-07-31 16:00:00,1.4655,59.44,40.56
2024-07-31 17:00:00,1.4426,59.06,40.94
2024-07-31 18:00:00,1.5069,60.11,39.89
2024-07-31 19:00:00,1.5484,60.76,39.24
2024-07-31 20:00:00,1.5195,60.31,39.69
2024-07-31 21:00:00,1.5967,61.49,38.51
2024-07-31 22:00:00,1.6476,62.23,37.77
2024-07-31 23:00:00,1.6954,62.9,37.1
2024-08-01 00:00:00,1.6261,61.92,38.08
2024-08-01 01:00:00,1.7167,63.19,36.81
2024-08-01 02:00:00,1.8369,64.75,35.25
2024-08-01 03:00:00,1.8994,65.51,34.49
2024-08-01 04:00:00,1.9967,66.63,33.37
2024-08-01 05:00:00,2.0628,67.35,32.65
2024-08-01 06:00:00,2.0637,67.36,32.64
2024-08-01 07:00:00,2.1143,67.89,32.11
2024-08-01 08:00:00,2.1407,68.16,31.84
2024-08-01 09:00:00,2.1827,68.58,31.42
2024-08-01 10:00:00,2.2031,68.78,31.22
2024-08-01 11:00:00,2.2279,69.02,30.98
2024-08-01 12:00:00,2.3591,70.23,29.77
2024-08-01 13:00:00,2.3659,70.29,29.71
2024-08-01 14:00:00,2.44,70.93,29.07
2024-08-01 15:00:00,2.5039,71.46,28.54
2024-08-01 16:00:00,2.5236,71.62,28.38
2024-08-01 17:00:00,2.5474,71.81,28.19
2024-08-01 18:00:00,2.5236,71.62,28.38
2024-08-01 19:00:00,2.5323,71.69,28.31
2024-08-01 20:00:00,2.4771,71.24,28.76
2024-08-01 21:00:00,2.4795,71.26,28.74
2024-08-01 22:00:00,2.6846,72.86,27.14
2024-08-01 23:00:00,2.6832,72.85,27.15
2024-08-02 00:00:00,2.7341,73.22,26.78
2024-08-02 01:00:00,2.7327,73.21,26.79
2024-08-02 02:00:00,2.7807,73.55,26.45
2024-08-02 03:00:00,2.811,73.76,26.24
2024-08-02 04:00:00,2.7908,73.62,26.38
2024-08-02 05:00:00,2.7216,73.13,26.87
2024-08-02 06:00:00,2.6805,72.83,27.17
2024-08-02 07:00:00,2.5039,71.46,28.54
2024-08-02 08:00:00,2.6049,72.26,27.74
2024-08-02 09:00:00,2.6193,72.37,27.63
2024-08-02 10:00:00,2.6941,72.93,27.07
2024-08-02 11:00:00,2.6258,72.42,27.58
2024-08-02 12:00:00,2.5587,71.9,28.1
2024-08-02 13:00:00,2.6941,72.93,27.07
2024-08-02 14:00:00,2.6417,72.54,27.46
2024-08-02 15:00:00,2.5907,72.15,27.85
2024-08-02 16:00:00,2.5088,71.5,28.5
2024-08-02 17:00:00,2.56,71.91,28.09
2024-08-02 18:00:00,2.5026,71.45,28.55
2024-08-02 19:00:00,2.4953,71.39,28.61
2024-08-02 20:00:00,2.4904,71.35,28.65
2024-08-02 21:00:00,2.8506,74.03,25.97
2024-08-02 22:00:00,3.4444,77.5,22.5
2024-08-02 23:00:00,3.3478,77,23
2024-08-03 00:00:00,3.3365,76.94,23.06
2024-08-03 01:00:00,3.3687,77.11,22.89
2024-08-03 02:00:00,3.4072,77.31,22.69
2024-08-03 03:00:00,3.386,77.2,22.8
2024-08-03 04:00:00,3.2827,76.65,23.35
2024-08-03 05:00:00,3.2017,76.2,23.8
2024-08-03 06:00:00,3.2427,76.43,23.57
2024-08-03 07:00:00,3.0404,75.25,24.75
2024-08-03 08:00:00,3.2499,76.47,23.53
2024-08-03 09:00:00,3.3422,76.97,23.03
2024-08-03 10:00:00,3.3197,76.85,23.15
2024-08-03 11:00:00,3.3141,76.82,23.18
2024-08-03 12:00:00,3.3649,77.09,22.91
2024-08-03 13:00:00,3.3802,77.17,22.83
2024-08-03 14:00:00,3.4228,77.39,22.61
2024-08-03 15:00:00,3.4843,77.7,22.3
2024-08-03 16:00:00,3.6041,78.28,21.72
2024-08-03 17:00:00,3.4944,77.75,22.25
2024-08-03 18:00:00,3.3995,77.27,22.73
2024-08-03 19:00:00,3.279,76.63,23.37
2024-08-03 20:00:00,3.2571,76.51,23.49
2024-08-03 21:00:00,3.2735,76.6,23.4
2024-08-03 22:00:00,3.2662,76.56,23.44
2024-08-03 23:00:00,3.5935,78.23,21.77
2024-08-04 00:00:00,3.4072,77.31,22.69
2024-08-04 01:00:00,3.3085,76.79,23.21
2024-08-04 02:00:00,3.3995,77.27,22.73
2024-08-04 03:00:00,3.4703,77.63,22.37
2024-08-04 04:00:00,3.4603,77.58,22.42
2024-08-04 05:00:00,3.5086,77.82,22.18
2024-08-04 06:00:00,3.562,78.08,21.92
2024-08-04 07:00:00,3.4903,77.73,22.27
2024-08-04 08:00:00,3.4033,77.29,22.71
2024-08-04 09:00:00,3.4563,77.56,22.44
2024-08-04 10:00:00,3.4072,77.31,22.69
2024-08-04 11:00:00,3.29,76.69,23.31
2024-08-04 12:00:00,3.3649,77.09,22.91
2024-08-04 13:00:00,3.3725,77.13,22.87
2024-08-04 14:00:00,3.268,76.57,23.43
2024-08-04 15:00:00,3.4014,77.28,22.72
2024-08-04 16:00:00,3.2517,76.48,23.52
2024-08-04 17:00:00,3.2391,76.41,23.59
2024-08-04 18:00:00,3.1563,75.94,24.06
2024-08-04 19:00:00,3.1237,75.75,24.25
2024-08-04 20:00:00,3.0161,75.1,24.9
2024-08-04 21:00:00,3.085,75.52,24.48
2024-08-04 22:00:00,3.2123,76.26,23.74
2024-08-04 23:00:00,3.2589,76.52,23.48
2024-08-05 00:00:00,3.1356,75.82,24.18
2024-08-05 01:00:00,3.3103,76.8,23.2
2024-08-05 02:00:00,3.3802,77.17,22.83
2024-08-05 03:00:00,3.1649,75.99,24.01
2024-08-05 04:00:00,3.0404,75.25,24.75
2024-08-05 05:00:00,3.095,75.58,24.42
2024-08-05 06:00:00,2.8865,74.27,25.73
2024-08-05 07:00:00,3.0096,75.06,24.94
2024-08-05 08:00:00,3.0502,75.31,24.69
2024-08-05 09:00:00,3.0816,75.5,24.5
2024-08-05 10:00:00,3.3178,76.84,23.16
2024-08-05 11:00:00,3.3384,76.95,23.05
2024-08-05 12:00:00,2.8447,73.99,26.01
2024-08-05 13:00:00,2.861,74.1,25.9
2024-08-05 14:00:00,2.9262,74.53,25.47
2024-08-05 15:00:00,2.8373,73.94,26.06
2024-08-05 16:00:00,2.827,73.87,26.13
2024-08-05 17:00:00,2.614,72.33,27.67
2024-08-05 18:00:00,2.8212,73.83,26.17
2024-08-05 19:00:00,2.7133,73.07,26.93
2024-08-05 20:00:00,2.6206,72.38,27.62
2024-08-05 21:00:00,2.6088,72.29,27.71
2024-08-05 22:00:00,2.4083,70.66,29.34
2024-08-05 23:00:00,2.3818,70.43,29.57
2024-08-06 00:00:00,2.3546,70.19,29.81
2024-08-06 01:00:00,2.1201,67.95,32.05
2024-08-06 02:00:00,2.3047,69.74,30.26
2024-08-06 03:00:00,2.391,70.51,29.49
2024-08-06 04:00:00,2.375,70.37,29.63
2024-08-06 05:00:00,2.3333,70,30
2024-08-06 06:00:00,2.2733,69.45,30.55
2024-08-06 07:00:00,2.5174,71.57,28.43
2024-08-06 08:00:00,2.4843,71.3,28.7
2024-08-06 09:00:00,2.5575,71.89,28.11
2024-08-06 10:00:00,2.5486,71.82,28.18
2024-08-06 11:00:00,2.3887,70.49,29.51
2024-08-06 12:00:00,2.4153,70.72,29.28
2024-08-06 13:00:00,2.3356,70.02,29.98
2024-08-06 14:00:00,2.4072,70.65,29.35
2024-08-06 15:00:00,2.3693,70.32,29.68
2024-08-06 16:00:00,2.4072,70.65,29.35
2024-08-06 17:00:00,2.3102,69.79,30.21
2024-08-06 18:00:00,2.3456,70.11,29.89
2024-08-06 19:00:00,2.2906,69.61,30.39
2024-08-06 20:00:00,2.2457,69.19,30.81
2024-08-06 21:00:00,1.9394,65.98,34.02
2024-08-06 22:00:00,1.8752,65.22,34.78
2024-08-06 23:00:00,1.9087,65.62,34.38
2024-08-07 00:00:00,1.9129,65.67,34.33
2024-08-07 01:00:00,1.9197,65.75,34.25
2024-08-07 02:00:00,1.8736,65.2,34.8
2024-08-07 03:00:00,1.858,65.01,34.99
2024-08-07 04:00:00,1.8547,64.97,35.03
2024-08-07 05:00:00,1.9112,65.65,34.35
2024-08-07 06:00:00,1.8952,65.46,34.54
2024-08-07 07:00:00,1.9223,65.78,34.22
2024-08-07 08:00:00,1.8531,64.95,35.05
2024-08-07 09:00:00,1.8321,64.69,35.31
2024-08-07 10:00:00,1.7226,63.27,36.73
2024-08-07 11:00:00,1.6261,61.92,38.08
2024-08-07 12:00:00,1.5661,61.03,38.97
2024-08-07 13:00:00,1.5031,60.05,39.95
2024-08-07 14:00:00,1.5621,60.97,39.03
2024-08-07 15:00:00,1.5304,60.48,39.52
2024-08-07 16:00:00,1.5088,60.14,39.86
2024-08-07 17:00:00,1.4606,59.36,40.64
2024-08-07 18:00:00,1.495,59.92,40.08
2024-08-07 19:00:00,1.5183,60.29,39.71
2024-08-07 20:00:00,1.5006,60.01,39.99
2024-08-07 21:00:00,1.594,61.45,38.55
2024-08-07 22:00:00,1.58,61.24,38.76
2024-08-07 23:00:00,1.6042,61.6,38.4
2024-08-08 00:00:00,1.5967,61.49,38.51
2024-08-08 01:00:00,1.576,61.18,38.82
2024-08-08 02:00:00,1.6596,62.4,37.6
2024-08-08 03:00:00,1.7405,63.51,36.49
2024-08-08 04:00:00,1.7949,64.22,35.78
2024-08-08 05:00:00,1.8019,64.31,35.69
2024-08-08 06:00:00,1.7933,64.2,35.8
2024-08-08 07:00:00,1.8098,64.41,35.59
2024-08-08 08:00:00,1.7473,63.6,36.4
2024-08-08 09:00:00,1.5582,60.91,39.09
2024-08-08 10:00:00,1.4576,59.31,40.69
2024-08-08 11:00:00,1.4697,59.51,40.49
2024-08-08 12:00:00,1.5246,60.39,39.61
2024-08-08 13:00:00,1.5536,60.84,39.16
2024-08-08 14:00:00,1.4355,58.94,41.06
2024-08-08 15:00:00,1.3815,58.01,41.99
2024-08-08 16:00:00,1.3624,57.67,42.33
2024-08-08 17:00:00,1.4015,58.36,41.64
2024-08-08 18:00:00,1.3753,57.9,42.1
2024-08-08 19:00:00,1.4096,58.5,41.5
2024-08-08 20:00:00,1.429,58.83,41.17
2024-08-08 21:00:00,1.2109,54.77,45.23
2024-08-08 22:00:00,1.1004,52.39,47.61
2024-08-08 23:00:00,1.1711,53.94,46.06
2024-08-09 00:00:00,1.3546,57.53,42.47
2024-08-09 01:00:00,1.4504,59.19,40.81
2024-08-09 02:00:00,1.5044,60.07,39.93
2024-08-09 03:00:00,1.5504,60.79,39.21
2024-08-09 04:00:00,1.5661,61.03,38.97
2024-08-09 05:00:00,1.5349,60.55,39.45
2024-08-09 06:00:00,1.3918,58.19,41.81
2024-08-09 07:00:00,1.3535,57.51,42.49
2024-08-09 08:00:00,1.3507,57.46,42.54
2024-08-09 09:00:00,1.4015,58.36,41.64
2024-08-09 10:00:00,1.4907,59.85,40.15
2024-08-09 11:00:00,1.5075,60.12,39.88
2024-08-09 12:00:00,1.5867,61.34,38.66
2024-08-09 13:00:00,1.6295,61.97,38.03
2024-08-09 14:00:00,1.635,62.05,37.95
2024-08-09 15:00:00,1.6546,62.33,37.67
2024-08-09 16:00:00,1.6261,61.92,38.08
2024-08-09 17:00:00,1.6254,61.91,38.09
2024-08-09 18:00:00,1.6717,62.57,37.43
2024-08-09 19:00:00,1.642,62.15,37.85
2024-08-09 20:00:00,1.6261,61.92,38.08
2024-08-09 21:00:00,1.8433,64.83,35.17
2024-08-09 22:00:00,1.7949,64.22,35.78
2024-08-09 23:00:00,2.0039,66.71,33.29
2024-08-10 00:00:00,2.0969,67.71,32.29
2024-08-10 01:00:00,2.0855,67.59,32.41
2024-08-10 02:00:00,2.1037,67.78,32.22
2024-08-10 03:00:00,2.1377,68.13,31.87
2024-08-10 04:00:00,2.1133,67.88,32.12
2024-08-10 05:00:00,2.125,68,32
2024-08-10 06:00:00,2.0788,67.52,32.48
2024-08-10 07:00:00,2.0479,67.19,32.81
2024-08-10 08:00:00,2.0358,67.06,32.94
2024-08-10 09:00:00,2.0741,67.47,32.53
2024-08-10 10:00:00,2.0404,67.11,32.89
2024-08-10 11:00:00,2.0647,67.37,32.63
2024-08-10 12:00:00,2.0864,67.6,32.4
2024-08-10 13:00:00,2.0581,67.3,32.7
2024-08-10 14:00:00,2.0572,67.29,32.71
2024-08-10 15:00:00,2.0609,67.33,32.67
2024-08-10 16:00:00,2.0893,67.63,32.37
2024-08-10 17:00:00,2.1221,67.97,32.03
2024-08-10 18:00:00,2.1486,68.24,31.76
2024-08-10 19:00:00,2.0845,67.58,32.42
2024-08-10 20:00:00,2.0684,67.41,32.59
2024-08-10 21:00:00,2.1056,67.8,32.2
2024-08-10 22:00:00,2.034,67.04,32.96
2024-08-10 23:00:00,2.1576,68.33,31.67
2024-08-11 00:00:00,2.123,67.98,32.02
2024-08-11 01:00:00,2.1104,67.85,32.15
2024-08-11 02:00:00,2.1075,67.82,32.18
2024-08-11 03:00:00,2.1387,68.14,31.86
2024-08-11 04:00:00,2.0874,67.61,32.39
2024-08-11 05:00:00,2.1056,67.8,32.2
2024-08-11 06:00:00,2.1526,68.28,31.72
2024-08-11 07:00:00,2.0941,67.68,32.32
2024-08-11 08:00:00,2.0525,67.24,32.76
2024-08-11 09:00:00,2.0553,67.27,32.73
2024-08-11 10:00:00,2.06,67.32,32.68
2024-08-11 11:00:00,2.1056,67.8,32.2
2024-08-11 12:00:00,2.123,67.98,32.02
2024-08-11 13:00:00,2.1095,67.84,32.16
2024-08-11 14:00:00,2.0202,66.89,33.11
2024-08-11 15:00:00,1.9735,66.37,33.63
2024-08-11 16:00:00,2.0012,66.68,33.32
2024-08-11 17:00:00,2.0404,67.11,32.89
2024-08-11 18:00:00,2.1666,68.42,31.58
2024-08-11 19:00:00,2.2268,69.01,30.99
2024-08-11 20:00:00,2.2383,69.12,30.88
2024-08-11 21:00:00,2.1486,68.24,31.76
2024-08-11 22:00:00,2.1319,68.07,31.93
2024-08-11 23:00:00,2.1928,68.68,31.32
2024-08-12 00:00:00,2.2573,69.3,30.7
2024-08-12 01:00:00,2.2415,69.15,30.85
2024-08-12 02:00:00,2.1309,68.06,31.94
2024-08-12 03:00:00,2.1766,68.52,31.48
2024-08-12 04:00:00,2.3278,69.95,30.05
2024-08-12 05:00:00,2.375,70.37,29.63
2024-08-12 06:00:00,2.4423,70.95,29.05
2024-08-12 07:00:00,2.4638,71.13,28.87
2024-08-12 08:00:00,2.5932,72.17,27.83
2024-08-12 09:00:00,2.5311,71.68,28.32
2024-08-12 10:00:00,2.5907,72.15,27.85
2024-08-12 11:00:00,2.5855,72.11,27.89
2024-08-12 12:00:00,2.5958,72.19,27.81
2024-08-12 13:00:00,2.4831,71.29,28.71
2024-08-12 14:00:00,2.5663,71.96,28.04
2024-08-12 15:00:00,2.5199,71.59,28.41
2024-08-12 16:00:00,2.5753,72.03,27.97
2024-08-12 17:00:00,2.7313,73.2,26.8
2024-08-12 18:00:00,2.4165,70.73,29.27
2024-08-12 19:00:00,2.3852,70.46,29.54
2024-08-12 20:00:00,2.4095,70.67,29.33
2024-08-12 21:00:00,2.4025,70.61,29.39
2024-08-12 22:00:00,2.4235,70.79,29.21
2024-08-12 23:00:00,2.3795,70.41,29.59
2024-08-13 00:00:00,2.4352,70.89,29.11
2024-08-13 01:00:00,2.5398,71.75,28.25
2024-08-13 02:00:00,2.6337,72.48,27.52
2024-08-13 03:00:00,2.7369,73.24,26.76
2024-08-13 04:00:00,2.879,74.22,25.78
2024-08-13 05:00:00,2.8432,73.98,26.02
2024-08-13 06:00:00,2.6996,72.97,27.03
2024-08-13 07:00:00,2.7481,73.32,26.68
2024-08-13 08:00:00,2.7481,73.32,26.68
2024-08-13 09:00:00,2.7764,73.52,26.48
2024-08-13 10:00:00,2.7092,73.04,26.96
2024-08-13 11:00:00,2.7481,73.32,26.68
2024-08-13 12:00:00,2.6049,72.26,27.74
2024-08-13 13:00:00,2.5373,71.73,28.27
2024-08-13 14:00:00,2.4095,70.67,29.33
2024-08-13 15:00:00,2.4554,71.06,28.94
2024-08-13 16:00:00,2.5199,71.59,28.41
2024-08-13 17:00:00,2.5587,71.9,28.1
2024-08-13 18:00:00,2.5051,71.47,28.53
2024-08-13 19:00:00,2.4072,70.65,29.35
2024-08-13 20:00:00,2.3289,69.96,30.04
2024-08-13 21:00:00,2.3738,70.36,29.64
2024-08-13 22:00:00,2.3434,70.09,29.91
2024-08-13 23:00:00,2.3467,70.12,29.88
2024-08-14 00:00:00,2.2541,69.27,30.73
2024-08-14 01:00:00,2.2765,69.48,30.52
2024-08-14 02:00:00,2.4258,70.81,29.19
2024-08-14 03:00:00,2.4855,71.31,28.69
2024-08-14 04:00:00,2.4843,71.3,28.7
2024-08-14 05:00:00,2.4734,71.21,28.79
2024-08-14 06:00:00,2.4855,71.31,28.69
2024-08-14 07:00:00,2.5817,72.08,27.92
2024-08-14 08:00:00,2.7651,73.44,26.56
2024-08-14 09:00:00,2.8285,73.88,26.12
2024-08-14 10:00:00,2.8462,74,26
2024-08-14 11:00:00,2.879,74.22,25.78
2024-08-14 12:00:00,2.8491,74.02,25.98
2024-08-14 13:00:00,2.8256,73.86,26.14
2024-08-14 14:00:00,2.8037,73.71,26.29
2024-08-14 15:00:00,2.7893,73.61,26.39
2024-08-14 16:00:00,2.6914,72.91,27.09
2024-08-14 17:00:00,2.499,71.42,28.58
2024-08-14 18:00:00,2.453,71.04,28.96
2024-08-14 19:00:00,2.1837,68.59,31.41
2024-08-14 20:00:00,2.202,68.77,31.23
2024-08-14 21:00:00,2.4141,70.71,29.29
2024-08-14 22:00:00,2.6088,72.29,27.71
2024-08-14 23:00:00,2.8052,73.72,26.28
2024-08-15 00:00:00,2.8197,73.82,26.18
2024-08-15 01:00:00,2.8329,73.91,26.09
2024-08-15 02:00:00,2.8745,74.19,25.81
2024-08-15 03:00:00,2.9417,74.63,25.37
2024-08-15 04:00:00,2.9761,74.85,25.15
2024-08-15 05:00:00,2.8895,74.29,25.71
2024-08-15 06:00:00,2.8911,74.3,25.7
2024-08-15 07:00:00,2.8462,74,26
2024-08-15 08:00:00,2.8023,73.7,26.3
2024-08-15 09:00:00,2.7594,73.4,26.6
2024-08-15 10:00:00,2.7037,73,27
2024-08-15 11:00:00,2.7355,73.23,26.77
2024-08-15 12:00:00,2.8447,73.99,26.01
2024-08-15 13:00:00,2.9651,74.78,25.22
2024-08-15 14:00:00,2.9573,74.73,25.27
2024-08-15 15:00:00,2.9573,74.73,25.27
2024-08-15 16:00:00,2.9841,74.9,25.1
2024-08-15 17:00:00,2.992,74.95,25.05
2024-08-15 18:00:00,2.9463,74.66,25.34
2024-08-15 19:00:00,2.9604,74.75,25.25
2024-08-15 20:00:00,2.8241,73.85,26.15
2024-08-15 21:00:00,2.7707,73.48,26.52
2024-08-15 22:00:00,2.647,72.58,27.42
2024-08-15 23:00:00,2.6643,72.71,27.29
2024-08-16 00:00:00,2.6206,72.38,27.62
2024-08-16 01:00:00,2.9588,74.74,25.26
2024-08-16 02:00:00,2.876,74.2,25.8
2024-08-16 03:00:00,2.8256,73.86,26.14
2024-08-16 04:00:00,2.9401,74.62,25.38
2024-08-16 05:00:00,2.9793,74.87,25.13
2024-08-16 06:00:00,2.8655,74.13,25.87
2024-08-16 07:00:00,2.7651,73.44,26.56
2024-08-16 08:00:00,2.7272,73.17,26.83
2024-08-16 09:00:00,2.8095,73.75,26.25
2024-08-16 10:00:00,2.7807,73.55,26.45
2024-08-16 11:00:00,2.8139,73.78,26.22
2024-08-16 12:00:00,2.8052,73.72,26.28
2024-08-16 13:00:00,2.5945,72.18,27.82
2024-08-16 14:00:00,2.3389,70.05,29.95
2024-08-16 15:00:00,2.3058,69.75,30.25
2024-08-16 16:00:00,2.2808,69.52,30.48
2024-08-16 17:00:00,2.3647,70.28,29.72
2024-08-16 18:00:00,2.5261,71.64,28.36
2024-08-16 19:00:00,2.6166,72.35,27.65
2024-08-16 20:00:00,2.7722,73.49,26.51
2024-08-16 21:00:00,3.1135,75.69,24.31
2024-08-16 22:00:00,3.0967,75.59,24.41
2024-08-16 23:00:00,3.1477,75.89,24.11
2024-08-17 00:00:00,3.2017,76.2,23.8
2024-08-17 01:00:00,3.1339,75.81,24.19
2024-08-17 02:00:00,2.9904,74.94,25.06
2024-08-17 03:00:00,2.8536,74.05,25.95
2024-08-17 04:00:00,2.8344,73.92,26.08
2024-08-17 05:00:00,2.8402,73.96,26.04
2024-08-17 06:00:00,2.8491,74.02,25.98
2024-08-17 07:00:00,3.0193,75.12,24.88
2024-08-17 08:00:00,3.0274,75.17,24.83
2024-08-17 09:00:00,2.992,74.95,25.05
2024-08-17 10:00:00,3.0469,75.29,24.71
2024-08-17 11:00:00,3.0766,75.47,24.53
2024-08-17 12:00:00,3.065,75.4,24.6
2024-08-17 13:00:00,3.08,75.49,24.51
2024-08-17 14:00:00,3.08,75.49,24.51
2024-08-17 15:00:00,3.0634,75.39,24.61
2024-08-17 16:00:00,3.1,75.61,24.39
2024-08-17 17:00:00,3.0984,75.6,24.4
2024-08-17 18:00:00,3.0404,75.25,24.75
2024-08-17 19:00:00,3.0032,75.02,24.98
2024-08-17 20:00:00,2.9761,74.85,25.15
2024-08-17 21:00:00,2.882,74.24,25.76
2024-08-17 22:00:00,2.7793,73.54,26.46
2024-08-17 23:00:00,2.7908,73.62,26.38
2024-08-18 00:00:00,2.785,73.58,26.42
2024-08-18 01:00:00,2.7651,73.44,26.56
2024-08-18 02:00:00,2.7523,73.35,26.65
2024-08-18 03:00:00,2.7244,73.15,26.85
2024-08-18 04:00:00,2.7467,73.31,26.69
2024-08-18 05:00:00,2.7216,73.13,26.87
2024-08-18 06:00:00,2.7258,73.16,26.84
2024-08-18 07:00:00,2.7722,73.49,26.51
2024-08-18 08:00:00,2.8052,73.72,26.28
2024-08-18 09:00:00,2.827,73.87,26.13
2024-08-18 10:00:00,2.8373,73.94,26.06
2024-08-18 11:00:00,2.8491,74.02,25.98
2024-08-18 12:00:00,2.8432,73.98,26.02
2024-08-18 13:00:00,2.8388,73.95,26.05
2024-08-18 14:00:00,2.8314,73.9,26.1
2024-08-18 15:00:00,2.7951,73.65,26.35
2024-08-18 16:00:00,2.6643,72.71,27.29
2024-08-18 17:00:00,2.5638,71.94,28.06
2024-08-18 18:00:00,2.6324,72.47,27.53
2024-08-18 19:00:00,2.5386,71.74,28.26
2024-08-18 20:00:00,2.4758,71.23,28.77
2024-08-18 21:00:00,2.4807,71.27,28.73
2024-08-18 22:00:00,2.4211,70.77,29.23
2024-08-18 23:00:00,2.3979,70.57,29.43
2024-08-19 00:00:00,2.413,70.7,29.3
2024-08-19 01:00:00,2.4258,70.81,29.19
2024-08-19 02:00:00,2.3179,69.86,30.14
2024-08-19 03:00:00,2.2916,69.62,30.38
2024-08-19 04:00:00,2.3367,70.03,29.97
2024-08-19 05:00:00,2.4211,70.77,29.23
2024-08-19 06:00:00,2.4435,70.96,29.04
2024-08-19 07:00:00,2.5261,71.64,28.36
2024-08-19 08:00:00,2.6443,72.56,27.44
2024-08-19 09:00:00,2.7651,73.44,26.56
2024-08-19 10:00:00,2.7736,73.5,26.5
2024-08-19 11:00:00,2.7538,73.36,26.64
2024-08-19 12:00:00,2.8081,73.74,26.26
2024-08-19 13:00:00,2.7202,73.12,26.88
2024-08-19 14:00:00,2.7836,73.57,26.43
2024-08-19 15:00:00,2.8052,73.72,26.28
2024-08-19 16:00:00,2.7864,73.59,26.41
2024-08-19 17:00:00,2.8037,73.71,26.29
2024-08-19 18:00:00,2.8124,73.77,26.23
2024-08-19 19:00:00,2.6403,72.53,27.47
2024-08-19 20:00:00,2.592,72.16,27.84
2024-08-19 21:00:00,2.643,72.55,27.45
2024-08-19 22:00:00,2.4447,70.97,29.03
2024-08-19 23:00:00,2.4364,70.9,29.1
2024-08-20 00:00:00,2.614,72.33,27.67
2024-08-20 01:00:00,2.6603,72.68,27.32
2024-08-20 02:00:00,2.7495,73.33,26.67
2024-08-20 03:00:00,2.7064,73.02,26.98
