2024-06-20 03:00:00,4533483,4537968,4518581,4521928
2024-06-20 04:00:00,4522079,4552816,4521042,4549804
2024-06-20 05:00:00,4549783,4551021,4534427,4534427
2024-06-20 06:00:00,4533465,4537173,4523820,4524611
2024-06-20 07:00:00,4524386,4524386,4467665,4473004
2024-06-20 08:00:00,4473381,4505632,4467232,4504637
2024-06-20 09:00:00,4504688,4537356,4500948,4511167
2024-06-20 10:00:00,4511501,4531957,4511363,4526953
2024-06-20 11:00:00,4526984,4528775,4509460,4512030
2024-06-20 12:00:00,4511838,4546043,4506208,4529573
2024-06-20 13:00:00,4529402,4628445,4526786,4627302
2024-06-20 14:00:00,4627893,4628254,4597515,4619648
2024-06-20 15:00:00,4621449,4621449,4597389,4604764
2024-06-20 16:00:00,4605121,4614098,4581174,4581295
2024-06-20 17:00:00,4580303,4581999,4505052,4505313
2024-06-20 18:00:00,4505500,4505500,4471934,4481034
2024-06-20 19:00:00,4480796,4577327,4460947,4576434
2024-06-20 20:00:00,4576744,4607450,4528968,4543727
2024-06-20 21:00:00,4543675,4558266,4537237,4556782
2024-06-20 22:00:00,4556847,4592984,4554425,4580658
2024-06-20 23:00:00,4580592,4603270,4580592,4593650
2024-06-21 00:00:00,4593585,4593907,4545927,4578631
2024-06-21 01:00:00,4579534,4592861,4577263,4588282
2024-06-21 02:00:00,4588324,4600692,4582504,4586734
2024-06-21 03:00:00,4586691,4586691,4567489,4567489
2024-06-21 04:00:00,4567390,4584740,4567198,4584462
2024-06-21 05:00:00,4584369,4586014,4575612,4582229
2024-06-21 06:00:00,4582186,4583584,4566802,4567102
2024-06-21 07:00:00,4566967,4571296,4545418,4550868
2024-06-21 08:00:00,4550625,4564387,4545260,4564206
2024-06-21 09:00:00,4564148,4596853,4561650,4595179
2024-06-21 10:00:00,4597841,4619148,4596869,4617064
2024-06-21 11:00:00,4616969,4629055,4614292,4627887
2024-06-21 12:00:00,4628375,4659004,4628375,4658991
2024-06-21 13:00:00,4658996,4682891,4652748,4682891
2024-06-21 14:00:00,4682795,4692325,4675259,4675259
2024-06-21 15:00:00,4675338,4691321,4653182,4668498
2024-06-21 16:00:00,4668381,4676067,4662642,4665443
2024-06-21 17:00:00,4665306,4666720,4654671,4658219
2024-06-21 18:00:00,4655371,4673063,4650463,4668203
2024-06-21 19:00:00,4668372,4714266,4667175,4712116
2024-06-21 20:00:00,4711808,4715495,4649425,4654726
2024-06-21 21:00:00,4654909,4681869,4639572,4675064
2024-06-21 22:00:00,4674699,4717467,4674699,4716234
2024-06-21 23:00:00,4716480,4764017,4716480,4763775
2024-06-22 00:00:00,4763711,4789155,4735558,4735558
2024-06-22 01:00:00,4735582,4741144,4687811,4694980
2024-06-22 02:00:00,4694567,4705064,4624450,4624590
2024-06-22 03:00:00,4624593,4624593,4570453,4578148
2024-06-22 04:00:00,4578207,4606124,4574617,4603520
2024-06-22 05:00:00,4603842,4608403,4576156,4577362
2024-06-22 06:00:00,4577555,4578116,4551681,4567456
2024-06-22 07:00:00,4567427,4572871,4562695,4572870
2024-06-22 08:00:00,4572821,4583074,4572821,4582459
2024-06-22 09:00:00,4582999,4591477,4582483,4590145
2024-06-22 10:00:00,4590377,4590743,4579734,4583368
2024-06-22 11:00:00,4583354,4615684,4583290,4615684
2024-06-22 12:00:00,4615766,4624868,4586075,4586261
2024-06-22 13:00:00,4586263,4588972,4576599,4578050
2024-06-22 14:00:00,4578055,4578397,4564065,4574032
2024-06-22 15:00:00,4574067,4578522,4570401,4576192
2024-06-22 16:00:00,4576200,4585517,4573953,4579979
2024-06-22 17:00:00,4579888,4588165,4577110,4585858
2024-06-22 18:00:00,4585428,4592123,4584364,4589103
2024-06-22 19:00:00,4589027,4597167,4584031,4592552
2024-06-22 20:00:00,4592554,4595827,4588621,4594800
2024-06-22 21:00:00,4594195,4601827,4590632,4599052
2024-06-22 22:00:00,4599468,4599692,4585326,4587537
2024-06-22 23:00:00,4587179,4587204,4578404,4580972
2024-06-23 00:00:00,4581005,4586229,4579351,4584739
2024-06-23 01:00:00,4584739,4588911,4579233,4588841
2024-06-23 02:00:00,4588983,4591537,4580561,4580646
2024-06-23 03:00:00,4580414,4580886,4563052,4563053
2024-06-23 04:00:00,4563016,4569880,4561786,4568859
2024-06-23 05:00:00,4568844,4569028,4549418,4549636
2024-06-23 06:00:00,4549640,4552937,4537618,4539458
2024-06-23 07:00:00,4539426,4544291,4534234,4535643
2024-06-23 08:00:00,4535678,4535891,4526361,4532465
2024-06-23 09:00:00,4533230,4537201,4531409,4535271
2024-06-23 10:00:00,4534847,4537985,4534036,4535929
2024-06-23 11:00:00,4535937,4540154,4529922,4536462
2024-06-23 12:00:00,4535958,4539001,4530783,4535407
2024-06-23 13:00:00,4535413,4549116,4535090,4548198
2024-06-23 14:00:00,4548194,4550834,4544216,4548359
2024-06-23 15:00:00,4548357,4560142,4544319,4560036
2024-06-23 16:00:00,4560037,4560731,4535456,4540255
2024-06-23 17:00:00,4541582,4567767,4539297,4564326
2024-06-23 18:00:00,4563946,4571834,4559221,4565814
2024-06-23 19:00:00,4565824,4576436,4555403,4575827
2024-06-23 20:00:00,4575878,4598206,4551504,4597983
2024-06-23 21:00:00,4597894,4605087,4590422,4604358
2024-06-23 22:00:00,4604644,4619324,4592380,4618031
2024-06-23 23:00:00,4618072,4634659,4617798,4626976
2024-06-24 00:00:00,4626829,4631794,4622171,4629849
2024-06-24 01:00:00,4629911,4643474,4629876,4642969
2024-06-24 02:00:00,4642678,4653061,4620005,4629321
2024-06-24 03:00:00,4628736,4628736,4613331,4617880
2024-06-24 04:00:00,4617628,4690654,4617628,4689833
2024-06-24 05:00:00,4689806,4726646,4689306,4726509
2024-06-24 06:00:00,4726533,4749116,4722790,4737900
2024-06-24 07:00:00,4738024,4816104,4738024,4795802
2024-06-24 08:00:00,4795788,4847932,4788659,4846546
2024-06-24 09:00:00,4847004,4856871,4836844,4845510
2024-06-24 10:00:00,4846441,4879820,4843937,4863105
2024-06-24 11:00:00,4863330,4943827,4844999,4943827
2024-06-24 12:00:00,4946067,4968065,4940391,4949953
2024-06-24 13:00:00,4949812,4949812,4865597,4867792
2024-06-24 14:00:00,4867780,4877945,4850869,4872863
2024-06-24 15:00:00,4872382,4909115,4861090,4864836
2024-06-24 16:00:00,4866009,4873937,4835408,4837353
2024-06-24 17:00:00,4837395,4840644,4824402,4831677
2024-06-24 18:00:00,4830962,4830962,4767469,4796081
2024-06-24 19:00:00,4795722,4799440,4768543,4768543
2024-06-24 20:00:00,4768203,4776978,4733599,4735067
2024-06-24 21:00:00,4735495,4743778,4712629,4712629
2024-06-24 22:00:00,4713052,4766297,4682870,4765901
2024-06-24 23:00:00,4765876,4796314,4715833,4715932
2024-06-25 00:00:00,4715307,4716805,4685407,4685656
2024-06-25 01:00:00,4683499,4683545,4623194,4624591
2024-06-25 02:00:00,4623460,4624564,4578926,4581079
2024-06-25 03:00:00,4581373,4582969,4515466,4517296
2024-06-25 04:00:00,4516417,4559756,4515544,4558756
2024-06-25 05:00:00,4558938,4575407,4558914,4560246
2024-06-25 06:00:00,4560206,4560896,4531014,4536262
2024-06-25 07:00:00,4536055,4540137,4522670,4524149
2024-06-25 08:00:00,4523819,4544679,4523535,4540912
2024-06-25 09:00:00,4541439,4568541,4518395,4561573
2024-06-25 10:00:00,4561507,4582669,4558154,4567997
2024-06-25 11:00:00,4567685,4617636,4567685,4587477
2024-06-25 12:00:00,4587460,4614896,4586354,4613752
2024-06-25 13:00:00,4610987,4611735,4561151,4563141
2024-06-25 14:00:00,4562984,4563692,4495633,4498029
2024-06-25 15:00:00,4498593,4525010,4486255,4486473
2024-06-25 16:00:00,4487912,4634958,4482308,4633173
2024-06-25 17:00:00,4633088,4647726,4630858,4632526
2024-06-25 18:00:00,4632019,4634124,4592270,4593157
2024-06-25 19:00:00,4593161,4596169,4584571,4588863
2024-06-25 20:00:00,4588741,4611128,4582762,4594531
2024-06-25 21:00:00,4594389,4606322,4568487,4592453
2024-06-25 22:00:00,4592467,4599242,4560356,4561084
2024-06-25 23:00:00,4561038,4575459,4557023,4559741
2024-06-26 00:00:00,4559623,4560204,4533679,4533871
2024-06-26 01:00:00,4533900,4537697,4519130,4520004
2024-06-26 02:00:00,4520043,4520043,4500841,4500841
2024-06-26 03:00:00,4500772,4509124,4488572,4491453
2024-06-26 04:00:00,4491813,4525692,4491813,4525409
2024-06-26 05:00:00,4525400,4557677,4525030,4555471
2024-06-26 06:00:00,4555473,4555473,4522470,4526515
2024-06-26 07:00:00,4528409,4533600,4521058,4521905
2024-06-26 08:00:00,4522047,4522047,4488079,4513717
2024-06-26 09:00:00,4513558,4521189,4508087,4515083
2024-06-26 10:00:00,4515077,4515912,4496280,4505816
2024-06-26 11:00:00,4505906,4519738,4504379,4519081
2024-06-26 12:00:00,4518811,4523538,4516017,4523538
2024-06-26 13:00:00,4523460,4525735,4520483,4521066
2024-06-26 14:00:00,4521051,4529322,4517777,4524823
2024-06-26 15:00:00,4524877,4560059,4524877,4555835
2024-06-26 16:00:00,4556106,4567562,4551150,4567143
2024-06-26 17:00:00,4567147,4569342,4560777,4564213
2024-06-26 18:00:00,4563975,4572294,4560587,4571389
2024-06-26 19:00:00,4572044,4576581,4557233,4560906
2024-06-26 20:00:00,4561080,4561825,4522600,4527913
2024-06-26 21:00:00,4527890,4559383,4514192,4552730
2024-06-26 22:00:00,4552786,4591260,4552786,4574215
2024-06-26 23:00:00,4574222,4638597,4567691,4634961
2024-06-27 00:00:00,4634964,4659222,4632633,4659158
2024-06-27 01:00:00,4659256,4669042,4636556,4638743
2024-06-27 02:00:00,4638398,4638845,4622834,4625310
2024-06-27 03:00:00,4625281,4625913,4605791,4606266
2024-06-27 04:00:00,4606297,4635436,4605955,4627119
2024-06-27 05:00:00,4627029,4643942,4624726,4643122
2024-06-27 06:00:00,4643477,4653285,4643256,4646833
2024-06-27 07:00:00,4646897,4650440,4635892,4636169
2024-06-27 08:00:00,4636140,4645400,4627205,4644727
2024-06-27 09:00:00,4644727,4646383,4634116,4637612
2024-06-27 10:00:00,4637571,4641411,4633232,4633232
2024-06-27 11:00:00,4633069,4638222,4626270,4635941
2024-06-27 12:00:00,4635261,4651630,4633837,4651630
2024-06-27 13:00:00,4651658,4672474,4651596,4672302
2024-06-27 14:00:00,4672950,4683164,4671523,4680318
2024-06-27 15:00:00,4680381,4694210,4663460,4679487
2024-06-27 16:00:00,4679734,4714459,4679262,4714311
2024-06-27 17:00:00,4714381,4748322,4714381,4743729
2024-06-27 18:00:00,4745198,4751276,4709973,4723473
2024-06-27 19:00:00,4723124,4978511,4721768,4812961
2024-06-27 20:00:00,4808698,4808698,4679185,4694399
2024-06-27 21:00:00,4695183,4712125,4691332,4708280
2024-06-27 22:00:00,4708243,4739790,4708243,4737570
2024-06-27 23:00:00,4736946,4736946,4698594,4698789
2024-06-28 00:00:00,4697471,4698376,4663268,4666076
2024-06-28 01:00:00,4666035,4668812,4636864,4640260
2024-06-28 02:00:00,4640510,4648360,4624875,4625091
2024-06-28 03:00:00,4624947,4625256,4569759,4572510
2024-06-28 04:00:00,4573214,4634261,4569206,4634244
2024-06-28 05:00:00,4634216,4637390,4624511,4625664
2024-06-28 06:00:00,4625668,4634038,4597829,4602298
2024-06-28 07:00:00,4602466,4613268,4575829,4585312
2024-06-28 08:00:00,4585463,4589116,4531833,4532772
2024-06-28 09:00:00,4532753,4550355,4531330,4545163
2024-06-28 10:00:00,4545154,4580131,4543728,4579987
2024-06-28 11:00:00,4580294,4620759,4577174,4617329
2024-06-28 12:00:00,4617387,4623973,4574285,4574285
2024-06-28 13:00:00,4574773,4574780,4557225,4557942
2024-06-28 14:00:00,4557551,4557551,4542553,4543745
2024-06-28 15:00:00,4543709,4545655,4515219,4516370
2024-06-28 16:00:00,4515968,4515968,4501491,4504732
2024-06-28 17:00:00,4504675,4509446,4496325,4497540
2024-06-28 18:00:00,4497573,4518619,4496233,4514058
2024-06-28 19:00:00,4513916,4534422,4507070,4507405
2024-06-28 20:00:00,4507854,4628313,4506846,4627982
2024-06-28 21:00:00,4627763,4718747,4603446,4629117
2024-06-28 22:00:00,4630778,4643517,4599318,4600858
2024-06-28 23:00:00,4600776,4611543,4586793,4602090
2024-06-29 00:00:00,4602106,4624155,4602106,4623635
2024-06-29 01:00:00,4623519,4648996,4617801,4647674
2024-06-29 02:00:00,4647719,4668258,4647306,4650538
2024-06-29 03:00:00,4650733,4651046,4620381,4626672
2024-06-29 04:00:00,4626715,4651604,4626715,4651346
2024-06-29 05:00:00,4651550,4652195,4643809,4648615
2024-06-29 06:00:00,4648577,4660973,4556922,4557901
2024-06-29 07:00:00,4557826,4559375,4514053,4516748
2024-06-29 08:00:00,4516988,4516990,4504123,4504155
2024-06-29 09:00:00,4504125,4505750,4497361,4504145
2024-06-29 10:00:00,4504144,4504891,4498747,4501558
2024-06-29 11:00:00,4501646,4507146,4494580,4496385
2024-06-29 12:00:00,4496173,4497087,4486744,4490980
2024-06-29 13:00:00,4491516,4496491,4482296,4488133
2024-06-29 14:00:00,4488142,4499572,4485780,4486524
2024-06-29 15:00:00,4486725,4498070,4483379,4496775
2024-06-29 16:00:00,4495506,4513106,4488933,4509540
2024-06-29 17:00:00,4509540,4524783,4502501,4524407
2024-06-29 18:00:00,4524091,4532901,4517394,4520235
2024-06-29 19:00:00,4520215,4523438,4516851,4519865
2024-06-29 20:00:00,4518998,4519140,4497454,4499072
2024-06-29 21:00:00,4499159,4518511,4499157,4518459
2024-06-29 22:00:00,4518677,4519326,4503869,4504467
2024-06-29 23:00:00,4504282,4509351,4497278,4509282
2024-06-30 00:00:00,4509329,4510211,4497816,4502557
2024-06-30 01:00:00,4502372,4508232,4499582,4508161
2024-06-30 02:00:00,4508502,4512444,4506773,4510717
2024-06-30 03:00:00,4510697,4510861,4479416,4479532
2024-06-30 04:00:00,4479509,4500690,4479509,4500690
2024-06-30 05:00:00,4500738,4513668,4500496,4511092
2024-06-30 06:00:00,4511121,4523114,4508441,4522878
2024-06-30 07:00:00,4522861,4528929,4521559,4526402
2024-06-30 08:00:00,4526349,4537654,4503288,4510617
2024-06-30 09:00:00,4510512,4530713,4506224,4530706
2024-06-30 10:00:00,4530757,4538027,4499486,4536703
2024-06-30 11:00:00,4536694,4564127,4534830,4564122
2024-06-30 12:00:00,4564235,4575223,4563931,4568236
2024-06-30 13:00:00,4568794,4584934,4554060,4565401
2024-06-30 14:00:00,4565436,4576413,4555422,4568894
2024-06-30 15:00:00,4569068,4575132,4564643,4565365
2024-06-30 16:00:00,4565329,4580019,4560024,4573427
2024-06-30 17:00:00,4573421,4583879,4569615,4583879
2024-06-30 18:00:00,4584035,4602107,4583736,4590546
2024-06-30 19:00:00,4590530,4610370,4590530,4599944
2024-06-30 20:00:00,4600112,4609899,4588454,4604482
2024-06-30 21:00:00,4604463,4619620,4573931,4619490
2024-06-30 22:00:00,4619491,4620560,4605716,4611694
2024-06-30 23:00:00,4611820,4613752,4598107,4600186
2024-07-01 00:00:00,4600549,4602812,4561525,4571807
2024-07-01 01:00:00,4571744,4572107,4550097,4558729
2024-07-01 02:00:00,4559280,4587500,4550761,4562615
2024-07-01 03:00:00,4562114,4562391,4509542,4510642
2024-07-01 04:00:00,4510794,4525849,4495077,4495317
2024-07-01 05:00:00,4494920,4509689,4493743,4504023
2024-07-01 06:00:00,4503983,4507117,4479474,4488476
2024-07-01 07:00:00,4488587,4492110,4465004,4476495
2024-07-01 08:00:00,4476585,4482708,4466808,4477057
2024-07-01 09:00:00,4477352,4479862,4472691,4478481
2024-07-01 10:00:00,4478492,4482538,4472045,4472598
2024-07-01 11:00:00,4472624,4500396,4472624,4499316
2024-07-01 12:00:00,4499318,4520836,4499269,4520557
2024-07-01 13:00:00,4520563,4531750,4516122,4528269
2024-07-01 14:00:00,4528366,4535000,4509662,4525003
2024-07-01 15:00:00,4525008,4552150,4525008,4551274
2024-07-01 16:00:00,4551039,4567848,4550902,4554290
2024-07-01 17:00:00,4554210,4555071,4535211,4546232
2024-07-01 18:00:00,4546233,4546653,4528741,4538556
2024-07-01 19:00:00,4538650,4566874,4527468,4566544
2024-07-01 20:00:00,4566605,4568071,4536707,4550664
2024-07-01 21:00:00,4550932,4550932,4537576,4546815
2024-07-01 22:00:00,4546811,4547379,4503633,4509770
2024-07-01 23:00:00,4509765,4519831,4496596,4518069
2024-07-02 00:00:00,4517940,4524594,4496179,4497810
2024-07-02 01:00:00,4497701,4506008,4484334,4488236
2024-07-02 02:00:00,4490467,4495974,4485157,4489499
2024-07-02 03:00:00,4489325,4489373,4474601,4478290
2024-07-02 04:00:00,4478255,4491479,4478255,4483503
2024-07-02 05:00:00,4483400,4502484,4481509,4501097
2024-07-02 06:00:00,4501103,4526697,4501103,4526697
2024-07-02 07:00:00,4526788,4538052,4526705,4534477
2024-07-02 08:00:00,4534480,4559874,4531268,4555937
2024-07-02 09:00:00,4555979,4579802,4551581,4578279
2024-07-02 10:00:00,4578277,4593424,4574414,4574589
2024-07-02 11:00:00,4574397,4578838,4570713,4578046
2024-07-02 12:00:00,4578028,4581665,4567968,4568943
2024-07-02 13:00:00,4568869,4569841,4549945,4550479
2024-07-02 14:00:00,4550402,4559302,4547176,4554298
2024-07-02 15:00:00,4554240,4566504,4554037,4565261
2024-07-02 16:00:00,4565205,4573654,4560305,4572864
2024-07-02 17:00:00,4572880,4606672,4569642,4606407
2024-07-02 18:00:00,4606460,4617613,4583046,4597060
2024-07-02 19:00:00,4597655,4613271,4582055,4590326
2024-07-02 20:00:00,4590302,4603591,4539894,4567162
2024-07-02 21:00:00,4567432,4616846,4567432,4614929
2024-07-02 22:00:00,4614918,4618148,4598172,4600554
2024-07-02 23:00:00,4600675,4604066,4576026,4603007
2024-07-03 00:00:00,4602735,4602735,4524975,4558328
2024-07-03 01:00:00,4557782,4597923,4554113,4596283
2024-07-03 02:00:00,4596777,4627849,4596777,4624482
2024-07-03 03:00:00,4624429,4636748,4618454,4632721
2024-07-03 04:00:00,4633775,4654849,4626056,4648253
2024-07-03 05:00:00,4648148,4662711,4647794,4659850
2024-07-03 06:00:00,4659635,4665492,4647050,4658117
2024-07-03 07:00:00,4658153,4687388,4642764,4643455
2024-07-03 08:00:00,4643075,4671890,4642976,4671687
2024-07-03 09:00:00,4671802,4703062,4632585,4703051
2024-07-03 10:00:00,4702812,4728693,4699633,4706943
2024-07-03 11:00:00,4706942,4706942,4668121,4668683
2024-07-03 12:00:00,4668142,4669694,4652582,4661739
2024-07-03 13:00:00,4661235,4713296,4652115,4712835
2024-07-03 14:00:00,4712200,4749671,4695362,4707914
2024-07-03 15:00:00,4708972,4712958,4691279,4703600
2024-07-03 16:00:00,4703414,4710199,4575696,4576457
2024-07-03 17:00:00,4575604,4585689,4565099,4580948
2024-07-03 18:00:00,4580532,4629299,4570154,4628468
2024-07-03 19:00:00,4628687,4690619,4605725,4605725
2024-07-03 20:00:00,4604496,4605260,4578257,4586924
2024-07-03 21:00:00,4587080,4595310,4577508,4580093
2024-07-03 22:00:00,4580820,4589273,4571054,4582106
2024-07-03 23:00:00,4582061,4582523,4560790,4581630
2024-07-04 00:00:00,4581683,4584022,4561620,4562274
2024-07-04 01:00:00,4562268,4584677,4547213,4584677
2024-07-04 02:00:00,4584910,4599414,4561446,4573077
2024-07-04 03:00:00,4574051,4591250,4534731,4535628
2024-07-04 04:00:00,4535426,4546981,4524849,4542451
2024-07-04 05:00:00,4542391,4545666,4528146,4529931
2024-07-04 06:00:00,4529908,4536814,4497772,4499690
2024-07-04 07:00:00,4499804,4501572,4350630,4358936
2024-07-04 08:00:00,4358932,4427856,4347196,4414760
2024-07-04 09:00:00,4414804,4421386,4406315,4419292
2024-07-04 10:00:00,4418890,4434653,4412649,4430396
2024-07-04 11:00:00,4430647,4462544,4430012,4462393
2024-07-04 12:00:00,4462540,4529787,4462529,4529289
2024-07-04 13:00:00,4529270,4568257,4529270,4568072
2024-07-04 14:00:00,4568143,4608252,4556208,4597266
2024-07-04 15:00:00,4597081,4680802,4593822,4641361
2024-07-04 16:00:00,4640440,4640440,4596652,4601582
2024-07-04 17:00:00,4600876,4604081,4592731,4601489
2024-07-04 18:00:00,4600988,4644815,4597429,4644627
2024-07-04 19:00:00,4645449,4663809,4545583,4549986
2024-07-04 20:00:00,4549831,4625180,4549831,4615027
2024-07-04 21:00:00,4615082,4674233,4613320,4644495
2024-07-04 22:00:00,4642969,4649257,4625252,4648578
2024-07-04 23:00:00,4648500,4648500,4633802,4636086
2024-07-05 00:00:00,4636056,4636056,4606030,4618597
2024-07-05 01:00:00,4618968,4624419,4601199,4601725
2024-07-05 02:00:00,4601709,4602574,4575719,4602479
2024-07-05 03:00:00,4602373,4604618,4572240,4575900
2024-07-05 04:00:00,4576022,4597309,4576013,4578067
2024-07-05 05:00:00,4577500,4608966,4530571,4598820
2024-07-05 06:00:00,4599746,4606695,4551026,4592173
2024-07-05 07:00:00,4593368,4623793,4579334,4607570
2024-07-05 08:00:00,4607599,4645675,4533117,4545456
2024-07-05 09:00:00,4551636,4575151,4526599,4548192
2024-07-05 10:00:00,4548082,4626308,4468250,4469764
2024-07-05 11:00:00,4469940,4484369,4439939,4464094
2024-07-05 12:00:00,4464098,4465847,4419887,4419887
2024-07-05 13:00:00,4420152,4482545,4413328,4474912
2024-07-05 14:00:00,4474734,4478455,4413673,4416054
2024-07-05 15:00:00,4412940,4434755,4394999,4395176
2024-07-05 16:00:00,4394622,4481025,4364600,4479994
2024-07-05 17:00:00,4480876,4526322,4480876,4519704
2024-07-05 18:00:00,4519479,4582600,4489113,4545882
2024-07-05 19:00:00,4541146,4594466,4511543,4594466
2024-07-05 20:00:00,4594816,4605823,4565834,4605370
2024-07-05 21:00:00,4605604,4630640,4592082,4626512
2024-07-05 22:00:00,4627049,4632327,4576909,4613738
2024-07-05 23:00:00,4613818,4638038,4607181,4626060
2024-07-06 00:00:00,4626084,4634851,4568604,4568604
2024-07-06 01:00:00,4568916,4570437,4546372,4547637
2024-07-06 02:00:00,4547531,4547531,4519377,4520876
2024-07-06 03:00:00,4520885,4525985,4492463,4495758
2024-07-06 04:00:00,4496535,4528911,4496535,4515820
2024-07-06 05:00:00,4515826,4515826,4498216,4499187
2024-07-06 06:00:00,4498907,4501011,4459334,4474956
2024-07-06 07:00:00,4474937,4489748,4470584,4477690
2024-07-06 08:00:00,4477965,4480501,4461834,4470038
2024-07-06 09:00:00,4469969,4478451,4468601,4473901
2024-07-06 10:00:00,4473895,4488211,4470909,4487788
2024-07-06 11:00:00,4487757,4496422,4486004,4494118
2024-07-06 12:00:00,4494099,4529505,4493625,4517021
2024-07-06 13:00:00,4517039,4529546,4514339,4524778
2024-07-06 14:00:00,4524758,4540110,4522706,4538858
2024-07-06 15:00:00,4538912,4563845,4538912,4550474
2024-07-06 16:00:00,4550320,4578655,4533180,4577688
2024-07-06 17:00:00,4577910,4588046,4569823,4577441
2024-07-06 18:00:00,4577462,4601310,4576952,4593110
2024-07-06 19:00:00,4593288,4611154,4593288,4610503
2024-07-06 20:00:00,4613209,4652680,4612920,4651471
2024-07-06 21:00:00,4651425,4658203,4638945,4644390
2024-07-06 22:00:00,4643419,4645436,4606267,4625254
2024-07-06 23:00:00,4626038,4637461,4618093,4619577
2024-07-07 00:00:00,4618486,4628695,4610555,4618807
2024-07-07 01:00:00,4618794,4621670,4609174,4614699
2024-07-07 02:00:00,4614737,4622225,4595330,4595335
2024-07-07 03:00:00,4593355,4593355,4465128,4465927
2024-07-07 04:00:00,4465821,4487015,4464589,4487015
2024-07-07 05:00:00,4487123,4509050,4487123,4495030
2024-07-07 06:00:00,4495185,4495611,4447462,4448504
2024-07-07 07:00:00,4448447,4469696,4442436,4455516
2024-07-07 08:00:00,4455441,4465246,4440047,4454363
2024-07-07 09:00:00,4454516,4457669,4442493,4444551
2024-07-07 10:00:00,4444688,4449557,4402088,4404735
2024-07-07 11:00:00,4404525,4408572,4384222,4387423
2024-07-07 12:00:00,4387439,4389851,4375272,4384786
2024-07-07 13:00:00,4384907,4418727,4380853,4416157
2024-07-07 14:00:00,4416136,4424417,4412086,4423544
2024-07-07 15:00:00,4423485,4433049,4402618,4404338
2024-07-07 16:00:00,4404202,4405004,4392672,4400029
2024-07-07 17:00:00,4399950,4410204,4399762,4409987
2024-07-07 18:00:00,4409677,4410609,4394360,4395499
2024-07-07 19:00:00,4395559,4398398,4326363,4326437
2024-07-07 20:00:00,4326899,4357667,4324339,4347124
2024-07-07 21:00:00,4347104,4362861,4332917,4361855
2024-07-07 22:00:00,4361852,4373972,4357592,4371703
2024-07-07 23:00:00,4371659,4384986,4364658,4380574
2024-07-08 00:00:00,4380448,4392444,4367748,4368039
2024-07-08 01:00:00,4367712,4371438,4364865,4370779
2024-07-08 02:00:00,4370782,4371454,4354404,4354812
2024-07-08 03:00:00,4354844,4356170,4302204,4348732
2024-07-08 04:00:00,4348503,4379538,4348503,4373110
2024-07-08 05:00:00,4373788,4374311,4327369,4340115
2024-07-08 06:00:00,4340053,4371291,4300416,4318245
2024-07-08 07:00:00,4318159,4342686,4287765,4288328
2024-07-08 08:00:00,4287902,4291750,4209997,4287412
2024-07-08 09:00:00,4287417,4293626,4247016,4257550
2024-07-08 10:00:00,4256361,4289907,4241481,4289907
2024-07-08 11:00:00,4290388,4316231,4290388,4299290
2024-07-08 12:00:00,4299487,4327023,4295672,4322213
2024-07-08 13:00:00,4322213,4322690,4298854,4300522
2024-07-08 14:00:00,4300525,4387969,4281824,4368147
2024-07-08 15:00:00,4367800,4378730,4267907,4284684
2024-07-08 16:00:00,4284682,4318166,4247675,4247675
2024-07-08 17:00:00,4247522,4322615,4241932,4287734
2024-07-08 18:00:00,4287741,4293639,4264934,4269679
2024-07-08 19:00:00,4269500,4310707,4264378,4298047
2024-07-08 20:00:00,4298730,4332387,4233396,4278992
2024-07-08 21:00:00,4279089,4320487,4277895,4320214
2024-07-08 22:00:00,4319978,4377855,4319470,4377819
2024-07-08 23:00:00,4377765,4380471,4367508,4374526
2024-07-09 00:00:00,4374659,4380377,4363048,4364206
2024-07-09 01:00:00,4364259,4378440,4363756,4374958
2024-07-09 02:00:00,4374989,4457449,4365346,4365589
2024-07-09 03:00:00,4365483,4374505,4351710,4374505
2024-07-09 04:00:00,4374921,4400620,4374150,4397492
2024-07-09 05:00:00,4397598,4400929,4392076,4398530
2024-07-09 06:00:00,4398884,4400238,4381592,4384636
2024-07-09 07:00:00,4384587,4385288,4346814,4372912
2024-07-09 08:00:00,4372906,4397835,4372552,4387301
2024-07-09 09:00:00,4386819,4396760,4378590,4393978
2024-07-09 10:00:00,4393965,4396130,4341954,4342085
2024-07-09 11:00:00,4342083,4390159,4341868,4390159
2024-07-09 12:00:00,4390046,4395482,4346912,4373089
2024-07-09 13:00:00,4372965,4394256,4364474,4394152
2024-07-09 14:00:00,4393961,4415685,4389276,4397543
2024-07-09 15:00:00,4396985,4414525,4380969,4386025
2024-07-09 16:00:00,4385745,4385745,4348495,4363255
2024-07-09 17:00:00,4363495,4372004,4354086,4369536
2024-07-09 18:00:00,4369628,4374829,4365966,4371101
2024-07-09 19:00:00,4371049,4388610,4368794,4386254
2024-07-09 20:00:00,4387804,4391138,4333147,4388160
2024-07-09 21:00:00,4385991,4406411,4376815,4400980
2024-07-09 22:00:00,4400473,4402658,4358204,4358674
2024-07-09 23:00:00,4359344,4368414,4350836,4354924
2024-07-10 00:00:00,4355172,4361206,4344466,4359919
2024-07-10 01:00:00,4360013,4364256,4348773,4349256
2024-07-10 02:00:00,4349178,4350415,4329079,4329079
2024-07-10 03:00:00,4328570,4328570,4288693,4293521
2024-07-10 04:00:00,4294040,4329600,4293402,4323833
2024-07-10 05:00:00,4323809,4337169,4321792,4332760
2024-07-10 06:00:00,4332302,4374707,4330891,4371841
2024-07-10 07:00:00,4372184,4372236,4352981,4355843
2024-07-10 08:00:00,4355768,4377132,4354267,4370522
2024-07-10 09:00:00,4370613,4373209,4367358,4369533
2024-07-10 10:00:00,4369523,4369523,4320898,4364293
2024-07-10 11:00:00,4364333,4380106,4363937,4374145
2024-07-10 12:00:00,4374485,4391612,4374485,4391210
2024-07-10 13:00:00,4391423,4399594,4380365,4389261
2024-07-10 14:00:00,4389261,4403377,4389261,4402408
2024-07-10 15:00:00,4402421,4402421,4376395,4379604
2024-07-10 16:00:00,4379225,4399141,4379127,4399141
2024-07-10 17:00:00,4399212,4433605,4397766,4420412
2024-07-10 18:00:00,4420570,4430776,4383697,4427185
2024-07-10 19:00:00,4428663,4461401,4428271,4449166
2024-07-10 20:00:00,4449481,4497140,4449481,4496828
2024-07-10 21:00:00,4496519,4510704,4489354,4500654
2024-07-10 22:00:00,4500583,4510940,4487895,4501656
2024-07-10 23:00:00,4501683,4503297,4494054,4499730
2024-07-11 00:00:00,4499635,4499878,4482088,4482093
2024-07-11 01:00:00,4482101,4483317,4460218,4460946
2024-07-11 02:00:00,4460933,4471572,4459811,4461411
2024-07-11 03:00:00,4461631,4461631,4441393,4444519
2024-07-11 04:00:00,4444514,4473986,4444512,4473716
2024-07-11 05:00:00,4473711,4482136,4472446,4481035
2024-07-11 06:00:00,4481075,4485064,4459250,4459342
2024-07-11 07:00:00,4458904,4473966,4442787,4443330
2024-07-11 08:00:00,4443289,4476943,4442621,4455479
2024-07-11 09:00:00,4455178,4459807,4436080,4442687
2024-07-11 10:00:00,4442867,4446588,4437589,4439013
2024-07-11 11:00:00,4438860,4439354,4419586,4423687
2024-07-11 12:00:00,4423486,4428990,4418550,4423016
2024-07-11 13:00:00,4422993,4443060,4405394,4435297
2024-07-11 14:00:00,4434840,4434840,4405240,4408427
2024-07-11 15:00:00,4408558,4412348,4401626,4406859
2024-07-11 16:00:00,4406708,4410192,4370719,4381869
2024-07-11 17:00:00,4382186,4389401,4368723,4386745
2024-07-11 18:00:00,4386286,4423992,4349091,4352490
2024-07-11 19:00:00,4352470,4385893,4328704,4380872
2024-07-11 20:00:00,4383208,4448306,4380465,4435773
2024-07-11 21:00:00,4435449,4441752,4390660,4411696
2024-07-11 22:00:00,4411614,4497842,4411614,4495528
2024-07-11 23:00:00,4495581,4500181,4491735,4495710
2024-07-12 00:00:00,4495453,4499458,4488887,4493971
2024-07-12 01:00:00,4493958,4494572,4454804,4456372
2024-07-12 02:00:00,4456022,4483215,4445443,4449974
2024-07-12 03:00:00,4449990,4452131,4420233,4422788
2024-07-12 04:00:00,4423191,4466522,4423191,4443756
2024-07-12 05:00:00,4443757,4467558,4441500,4459472
2024-07-12 06:00:00,4459273,4468346,4441930,4462483
2024-07-12 07:00:00,4462629,4507730,4462264,4499423
2024-07-12 08:00:00,4498800,4516757,4473148,4482244
2024-07-12 09:00:00,4482500,4484054,4396310,4396310
2024-07-12 10:00:00,4396146,4431944,4396146,4430948
2024-07-12 11:00:00,4431007,4491204,4430872,4491021
2024-07-12 12:00:00,4491104,4498645,4475571,4489921
2024-07-12 13:00:00,4489975,4505574,4485874,4491017
2024-07-12 14:00:00,4491006,4499486,4489797,4490828
2024-07-12 15:00:00,4490972,4505638,4482236,4484069
2024-07-12 16:00:00,4484222,4533591,4484222,4518061
2024-07-12 17:00:00,4518220,4518220,4508504,4515074
2024-07-12 18:00:00,4514973,4514973,4489995,4490770
2024-07-12 19:00:00,4490863,4503833,4447077,4448018
2024-07-12 20:00:00,4447556,4452403,4426324,4427300
2024-07-12 21:00:00,4427432,4445061,4423703,4429826
2024-07-12 22:00:00,4429835,4431032,4405959,4418975
2024-07-12 23:00:00,4418856,4430677,4411173,4429480
2024-07-13 00:00:00,4429464,4429655,4366515,4376618
2024-07-13 01:00:00,4376585,4376626,4352217,4357490
2024-07-13 02:00:00,4357481,4357813,4290827,4294393
2024-07-13 03:00:00,4294387,4299765,4279020,4299438
2024-07-13 04:00:00,4299468,4355406,4299439,4354053
2024-07-13 05:00:00,4354127,4362188,4351349,4355660
2024-07-13 06:00:00,4355655,4364453,4354071,4361063
2024-07-13 07:00:00,4361011,4364787,4357856,4362956
2024-07-13 08:00:00,4363148,4364727,4351588,4353526
2024-07-13 09:00:00,4353603,4363070,4352809,4362116
2024-07-13 10:00:00,4362068,4370501,4357424,4359624
2024-07-13 11:00:00,4359465,4368301,4358155,4367206
2024-07-13 12:00:00,4367224,4385498,4366634,4379904
2024-07-13 13:00:00,4379953,4400900,4374654,4396975
2024-07-13 14:00:00,4396908,4402219,4384840,4390842
2024-07-13 15:00:00,4389504,4395971,4369967,4374690
2024-07-13 16:00:00,4374827,4375130,4329381,4331441
2024-07-13 17:00:00,4331339,4347554,4330744,4347497
2024-07-13 18:00:00,4347870,4367170,4347870,4366137
2024-07-13 19:00:00,4366177,4381073,4364012,4379307
2024-07-13 20:00:00,4379338,4381523,4363210,4371331
2024-07-13 21:00:00,4371273,4371273,4351303,4356042
2024-07-13 22:00:00,4355720,4360121,4294122,4296365
2024-07-13 23:00:00,4296366,4306512,4295683,4302529
2024-07-14 00:00:00,4302380,4307490,4302309,4307490
2024-07-14 01:00:00,4307488,4311935,4300032,4300541
2024-07-14 02:00:00,4300199,4300275,4284269,4284287
2024-07-14 03:00:00,4284271,4284271,4264712,4265460
2024-07-14 04:00:00,4265162,4309150,4261867,4296573
2024-07-14 05:00:00,4296269,4309582,4295024,4297282
2024-07-14 06:00:00,4297136,4408494,4293617,4407507
2024-07-14 07:00:00,4407706,4409503,4362980,4401474
2024-07-14 08:00:00,4401468,4408452,4386844,4393267
2024-07-14 09:00:00,4393306,4399999,4387635,4387651
2024-07-14 10:00:00,4387485,4435691,4382151,4423073
2024-07-14 11:00:00,4422981,4453463,4422324,4449059
2024-07-14 12:00:00,4449638,4454879,4440459,4442926
2024-07-14 13:00:00,4442931,4447052,4439957,4445832
2024-07-14 14:00:00,4445841,4482725,4445841,4482339
2024-07-14 15:00:00,4482349,4592294,4481329,4592244
2024-07-14 16:00:00,4592285,4596943,4565879,4566830
2024-07-14 17:00:00,4566809,4580885,4544062,4544105
2024-07-14 18:00:00,4544501,4544501,4485731,4492358
2024-07-14 19:00:00,4492286,4508408,4489118,4507099
2024-07-14 20:00:00,4507104,4512483,4491509,4505890
2024-07-14 21:00:00,4505779,4513640,4499864,4512933
2024-07-14 22:00:00,4512783,4534140,4512214,4532969
2024-07-14 23:00:00,4532843,4532871,4499911,4501103
2024-07-15 00:00:00,4501072,4505126,4494168,4494351
2024-07-15 01:00:00,4493377,4494089,4487138,4488201
2024-07-15 02:00:00,4488318,4504791,4488318,4488943
2024-07-15 03:00:00,4488691,4490317,4457199,4478564
2024-07-15 04:00:00,4478875,4515024,4478811,4495911
2024-07-15 05:00:00,4495956,4523453,4494003,4516086
2024-07-15 06:00:00,4516240,4518863,4445620,4453609
2024-07-15 07:00:00,4453740,4453993,4416965,4445357
2024-07-15 08:00:00,4446429,4470179,4442618,4470179
2024-07-15 09:00:00,4470163,4489337,4458616,4481834
2024-07-15 10:00:00,4481834,4502927,4481834,4502817
2024-07-15 11:00:00,4502759,4544248,4502759,4541173
2024-07-15 12:00:00,4541252,4587747,4541236,4586179
2024-07-15 13:00:00,4586206,4606522,4583972,4605853
2024-07-15 14:00:00,4605853,4617700,4574073,4574303
2024-07-15 15:00:00,4574562,4575457,4543452,4547843
2024-07-15 16:00:00,4548759,4551548,4516870,4516870
2024-07-15 17:00:00,4515764,4521967,4504338,4521452
2024-07-15 18:00:00,4521393,4528866,4508091,4522050
2024-07-15 19:00:00,4522072,4544839,4510743,4544270
2024-07-15 20:00:00,4544081,4547737,4526202,4535072
2024-07-15 21:00:00,4534852,4553510,4525393,4547037
2024-07-15 22:00:00,4547009,4568550,4546099,4552638
2024-07-15 23:00:00,4552472,4602627,4549186,4602379
2024-07-16 00:00:00,4602292,4602560,4552876,4559722
2024-07-16 01:00:00,4559294,4561203,4534341,4548997
2024-07-16 02:00:00,4548987,4565337,4548454,4550695
2024-07-16 03:00:00,4550584,4553713,4526479,4526524
2024-07-16 04:00:00,4526415,4538150,4505483,4510849
2024-07-16 05:00:00,4510957,4541398,4501093,4540366
2024-07-16 06:00:00,4540498,4555306,4519508,4533052
2024-07-16 07:00:00,4533087,4557502,4526150,4557502
2024-07-16 08:00:00,4557953,4585792,4557839,4564513
2024-07-16 09:00:00,4564149,4593202,4561632,4593202
2024-07-16 10:00:00,4593207,4621381,4593207,4607059
2024-07-16 11:00:00,4607057,4607057,4499804,4516192
2024-07-16 12:00:00,4515399,4528701,4502215,4513638
2024-07-16 13:00:00,4513444,4548028,4502234,4537075
2024-07-16 14:00:00,4537017,4575353,4536841,4568220
2024-07-16 15:00:00,4568259,4581230,4535300,4542376
2024-07-16 16:00:00,4542591,4548129,4496479,4519501
2024-07-16 17:00:00,4519883,4523312,4497616,4500489
2024-07-16 18:00:00,4500666,4501288,4445859,4463316
2024-07-16 19:00:00,4463237,4545909,4463237,4543529
2024-07-16 20:00:00,4544030,4586815,4538998,4585988
2024-07-16 21:00:00,4585104,4600777,4576436,4586027
2024-07-16 22:00:00,4586352,4594030,4545414,4592494
2024-07-16 23:00:00,4592389,4630830,4590216,4622380
2024-07-17 00:00:00,4622704,4626556,4597038,4613443
2024-07-17 01:00:00,4613374,4626391,4601521,4610688
2024-07-17 02:00:00,4610546,4620013,4595702,4595702
2024-07-17 03:00:00,4595988,4596373,4578691,4581129
2024-07-17 04:00:00,4581671,4632069,4581083,4632069
2024-07-17 05:00:00,4631933,4648419,4631933,4634855
2024-07-17 06:00:00,4634850,4659816,4634850,4659200
2024-07-17 07:00:00,4659039,4673149,4655364,4657916
2024-07-17 08:00:00,4657947,4677496,4657845,4674686
2024-07-17 09:00:00,4674623,4674623,4652586,4669366
2024-07-17 10:00:00,4669230,4697953,4669181,4692835
2024-07-17 11:00:00,4692856,4711501,4690874,4707038
2024-07-17 12:00:00,4707183,4710213,4687631,4691820
2024-07-17 13:00:00,4691894,4702936,4669375,4669426
2024-07-17 14:00:00,4669397,4669499,4627098,4646202
2024-07-17 15:00:00,4645812,4654658,4633086,4643572
2024-07-17 16:00:00,4644402,4661578,4638682,4661486
2024-07-17 17:00:00,4661210,4661709,4602680,4627996
2024-07-17 18:00:00,4628245,4639451,4622113,4638017
2024-07-17 19:00:00,4637894,4660033,4633773,4633773
2024-07-17 20:00:00,4634085,4668433,4631042,4668430
2024-07-17 21:00:00,4668556,4718952,4663326,4669503
2024-07-17 22:00:00,4669632,4744211,4667713,4724706
2024-07-17 23:00:00,4723977,4724466,4687307,4695246
2024-07-18 00:00:00,4695311,4697267,4689058,4694523
2024-07-18 01:00:00,4694561,4695574,4669248,4671718
2024-07-18 02:00:00,4671617,4672552,4647638,4647638
2024-07-18 03:00:00,4647674,4650966,4620895,4621552
2024-07-18 04:00:00,4621926,4647027,4621926,4640302
2024-07-18 05:00:00,4640298,4645748,4634191,4645393
2024-07-18 06:00:00,4645358,4672936,4645102,4647165
2024-07-18 07:00:00,4647211,4652459,4635050,4647654
2024-07-18 08:00:00,4647679,4649143,4611404,4614676
2024-07-18 09:00:00,4614773,4624458,4614122,4620784
2024-07-18 10:00:00,4622487,4627749,4609758,4627745
2024-07-18 11:00:00,4627887,4659755,4617864,4654940
2024-07-18 12:00:00,4655021,4665525,4649852,4662233
2024-07-18 13:00:00,4662311,4679295,4662099,4671102
2024-07-18 14:00:00,4670976,4688957,4668635,4675420
2024-07-18 15:00:00,4675656,4695793,4675503,4695601
2024-07-18 16:00:00,4695612,4696649,4681615,4692052
2024-07-18 17:00:00,4691760,4704307,4690057,4703277
2024-07-18 18:00:00,4703175,4712747,4694911,4709943
2024-07-18 19:00:00,4709992,4728112,4702902,4707577
2024-07-18 20:00:00,4707534,4711281,4644051,4670653
2024-07-18 21:00:00,4670790,4672144,4613092,4621285
2024-07-18 22:00:00,4622165,4624250,4601041,4605592
2024-07-18 23:00:00,4605507,4608399,4600810,4602224
2024-07-19 00:00:00,4602066,4611412,4592621,4595417
2024-07-19 01:00:00,4595161,4600037,4591492,4595341
2024-07-19 02:00:00,4595547,4619867,4595207,4611825
2024-07-19 03:00:00,4611674,4611816,4583618,4586673
2024-07-19 04:00:00,4586632,4606427,4586408,4606226
2024-07-19 05:00:00,4606106,4606106,4598028,4599377
2024-07-19 06:00:00,4599377,4611174,4599008,4601193
2024-07-19 07:00:00,4601126,4602170,4564468,4566261
2024-07-19 08:00:00,4566181,4592325,4565546,4591541
2024-07-19 09:00:00,4591609,4666473,4591431,4666473
2024-07-19 10:00:00,4666829,4719797,4666829,4719003
2024-07-19 11:00:00,4718947,4756679,4718947,4751557
2024-07-19 12:00:00,4751774,4896856,4751498,4892866
2024-07-19 13:00:00,4892899,4900621,4814447,4815137
2024-07-19 14:00:00,4815096,4816046,4775257,4814755
2024-07-19 17:00:00,4814822,4838142,4806628,4811906
2024-07-19 17:00:00,4814822,4838142,4806628,4811906
2024-07-19 17:00:00,4814822,4838142,4806628,4811906
2024-07-19 18:00:00,4817592,4845015,4809929,4845015
2024-07-19 19:00:00,4844909,4910356,4808480,4903090
2024-07-19 20:00:00,4903468,4960117,4891867,4960117
2024-07-19 21:00:00,4960457,5018208,4950434,5013314
2024-07-19 22:00:00,5013730,5027577,4960236,4967971
2024-07-19 23:00:00,4966288,4967482,4941844,4952504
2024-07-20 00:00:00,4952824,4965183,4940162,4964928
2024-07-20 01:00:00,4964827,4971851,4940899,4942345
2024-07-20 02:00:00,4941354,4946305,4923721,4923721
2024-07-20 03:00:00,4923899,4925713,4911497,4911751
2024-07-20 04:00:00,4912735,4954876,4912046,4954843
2024-07-20 05:00:00,4954917,4969897,4954917,4961563
2024-07-20 06:00:00,4961563,5014394,4961563,5014394
2024-07-20 07:00:00,5014586,5046814,5013636,5046426
2024-07-20 08:00:00,5046444,5076735,5046444,5066458
2024-07-20 09:00:00,5066259,5075093,5007592,5008008
2024-07-20 10:00:00,5007903,5007909,5002567,5004694
2024-07-20 11:00:00,5004701,5005973,4994573,5003193
2024-07-20 12:00:00,5003152,5012260,5001738,5004029
2024-07-20 13:00:00,5004805,5016156,4982256,4984299
2024-07-20 14:00:00,4984299,4984365,4953957,4957129
2024-07-20 15:00:00,4957635,4958783,4939607,4939691
2024-07-20 16:00:00,4939430,4939455,4932099,4937119
2024-07-20 17:00:00,4937126,4937152,4908104,4910693
2024-07-20 18:00:00,4911191,4916347,4910721,4912332
2024-07-20 19:00:00,4912918,4924519,4910942,4917812
2024-07-20 20:00:00,4917948,4917948,4900836,4903238
2024-07-20 21:00:00,4903196,4903196,4890334,4890493
2024-07-20 22:00:00,4890496,4891643,4863484,4863927
2024-07-20 23:00:00,4863852,4917510,4856564,4917398
2024-07-21 00:00:00,4915085,4946719,4914793,4946470
2024-07-21 01:00:00,4946110,4948232,4909497,4912694
2024-07-21 02:00:00,4912677,4949407,4912397,4946383
2024-07-21 03:00:00,4946343,4953007,4921501,4952946
2024-07-21 04:00:00,4953367,4965508,4936962,4940354
2024-07-21 05:00:00,4940382,4960450,4940347,4957330
2024-07-21 06:00:00,4957144,4966347,4946838,4950091
2024-07-21 07:00:00,4950109,4984206,4950109,4982658
2024-07-21 08:00:00,4982701,5025536,4982495,5001122
2024-07-21 09:00:00,5000936,5000936,4984968,4987533
2024-07-21 10:00:00,4987679,4989360,4983899,4986255
2024-07-21 11:00:00,4986146,5003719,4981672,5003714
2024-07-21 12:00:00,5003446,5008569,4978042,4982527
2024-07-21 13:00:00,4983006,5000368,4983006,4988750
2024-07-21 14:00:00,4988711,4991241,4980312,4982531
2024-07-21 15:00:00,4982615,4989238,4978161,4989238
2024-07-21 16:00:00,4989238,5010336,4989238,5009522
2024-07-21 17:00:00,5009909,5009909,4998831,4998998
2024-07-21 18:00:00,4998888,5002626,4993320,5002008
2024-07-21 19:00:00,5001983,5009659,4998485,5007866
2024-07-21 20:00:00,5007868,5008914,4979816,4987443
2024-07-21 21:00:00,4987395,5008691,4981478,5002677
2024-07-21 22:00:00,5002602,5044434,5000358,5025615
2024-07-21 23:00:00,5025564,5051821,4997083,5001993
2024-07-22 00:00:00,5001795,5051986,4962435,5034837
2024-07-22 01:00:00,5035054,5065486,5031126,5062816
2024-07-22 02:00:00,5062656,5164550,5045171,5134489
2024-07-22 03:00:00,5134330,5169155,5108405,5168789
2024-07-22 04:00:00,5169530,5214174,5169530,5212415
2024-07-22 05:00:00,5212498,5275598,5212498,5275208
2024-07-22 06:00:00,5275215,5300140,5273045,5296690
2024-07-22 07:00:00,5296727,5299650,5272009,5281208
2024-07-22 08:00:00,5281170,5312605,5279649,5302435
2024-07-22 09:00:00,5302529,5318146,5302395,5308888
2024-07-22 10:00:00,5309088,5318976,5306855,5318970
2024-07-22 11:00:00,5318975,5326593,5265861,5276064
2024-07-22 12:00:00,5276248,5278012,5255541,5271865
2024-07-22 13:00:00,5271802,5276360,5252408,5261163
2024-07-22 14:00:00,5261232,5263322,5224097,5235187
2024-07-22 15:00:00,5235018,5244476,5231022,5232241
2024-07-22 16:00:00,5232303,5250598,5203240,5248807
2024-07-22 17:00:00,5248771,5251372,5245120,5245516
2024-07-22 18:00:00,5245448,5245549,5227054,5232983
2024-07-22 19:00:00,5232933,5240906,5187569,5191274
2024-07-22 20:00:00,5191483,5216191,5155816,5156934
2024-07-22 21:00:00,5156813,5161993,5130545,5157865
2024-07-22 22:00:00,5157880,5163589,5139048,5153866
2024-07-22 23:00:00,5154342,5154342,5131201,5150034
2024-07-23 00:00:00,5150292,5173212,5142855,5173212
2024-07-23 01:00:00,5173192,5199217,5171352,5189903
2024-07-23 02:00:00,5189637,5244705,5185402,5223376
2024-07-23 03:00:00,5223640,5224639,5162959,5166886
2024-07-23 04:00:00,5167326,5186920,5158870,5186124
2024-07-23 05:00:00,5186296,5194785,5174241,5193812
2024-07-23 06:00:00,5193811,5204345,5188752,5190793
2024-07-23 07:00:00,5190698,5190897,5171651,5180825
2024-07-23 08:00:00,5181054,5195814,5178781,5182117
2024-07-23 09:00:00,5182119,5189710,5181393,5183068
2024-07-23 10:00:00,5182922,5188962,5147828,5169822
2024-07-23 11:00:00,5169311,5193438,5164394,5193438
2024-07-23 12:00:00,5193401,5194893,5168350,5174418
2024-07-23 13:00:00,5174423,5185836,5170451,5179721
2024-07-23 14:00:00,5179767,5194761,5158656,5194761
2024-07-23 15:00:00,5194914,5197571,5181773,5183450
2024-07-23 16:00:00,5183015,5184282,5162924,5162924
2024-07-23 17:00:00,5162505,5166621,5117604,5120507
2024-07-23 18:00:00,5120522,5127757,5105710,5125009
2024-07-23 19:00:00,5125008,5125284,5073369,5075651
2024-07-23 20:00:00,5075784,5130143,5075118,5128191
2024-07-23 21:00:00,5129106,5137389,5112984,5114108
2024-07-23 22:00:00,5114067,5118648,5063525,5064754
2024-07-23 23:00:00,5063652,5089125,5048070,5048677
2024-07-24 00:00:00,5048886,5052868,5033055,5041320
2024-07-24 01:00:00,5041362,5052381,5037740,5050618
2024-07-24 02:00:00,5050642,5060751,5035681,5036893
2024-07-24 03:00:00,5036565,5036565,4996185,4996390
2024-07-24 04:00:00,4996507,5012634,4995564,5007913
2024-07-24 05:00:00,5007812,5008510,4986399,4988297
2024-07-24 06:00:00,4988222,5006304,4988178,5006304
2024-07-24 07:00:00,5007508,5015949,5001607,5014172
2024-07-24 08:00:00,5014193,5031759,5013093,5026930
2024-07-24 09:00:00,5027150,5080469,5027085,5080425
2024-07-24 10:00:00,5080441,5094602,5079932,5090153
2024-07-24 11:00:00,5090730,5094559,5069849,5070207
2024-07-24 12:00:00,5070230,5100544,5069989,5100403
2024-07-24 13:00:00,5100429,5108923,5091412,5108885
2024-07-24 14:00:00,5108982,5110533,5073117,5092807
2024-07-24 15:00:00,5092947,5102838,5088288,5100820
2024-07-24 16:00:00,5101034,5109136,5091610,5109136
2024-07-24 17:00:00,5109387,5170712,5109172,5165754
2024-07-24 18:00:00,5165752,5193279,5162068,5182790
2024-07-24 19:00:00,5182735,5226070,5182735,5218949
2024-07-24 20:00:00,5219170,5256035,5210138,5237699
2024-07-24 21:00:00,5237144,5237887,5169658,5183741
2024-07-24 22:00:00,5183335,5214325,5175673,5189803
2024-07-24 23:00:00,5190435,5244764,5190435,5236075
2024-07-25 00:00:00,5236139,5238049,5192994,5195257
2024-07-25 01:00:00,5196573,5231195,5191937,5226904
2024-07-25 02:00:00,5226894,5232981,5210408,5217933
2024-07-25 03:00:00,5217938,5217993,5127380,5128533
2024-07-25 04:00:00,5128717,5157620,5128717,5152712
2024-07-25 05:00:00,5153582,5156005,5129767,5143683
2024-07-25 06:00:00,5143585,5152797,5138437,5146426
2024-07-25 07:00:00,5146325,5149711,5086968,5101186
2024-07-25 08:00:00,5100297,5105677,5070502,5097474
2024-07-25 09:00:00,5097433,5101697,5076963,5101014
2024-07-25 10:00:00,5101182,5115476,5052988,5061261
2024-07-25 11:00:00,5061183,5091017,5059763,5091017
2024-07-25 12:00:00,5091048,5121935,5090910,5100820
2024-07-25 13:00:00,5100834,5135205,5097246,5135205
2024-07-25 14:00:00,5135389,5164874,5132070,5156022
2024-07-25 15:00:00,5156008,5171676,5152051,5171554
2024-07-25 16:00:00,5171661,5203969,5171560,5198267
2024-07-25 17:00:00,5198393,5198894,5166593,5167718
2024-07-25 18:00:00,5167646,5178690,5151848,5169337
2024-07-25 19:00:00,5169561,5192722,5164848,5189948
2024-07-25 20:00:00,5191152,5210919,5109363,5124779
2024-07-25 21:00:00,5125366,5149928,5123489,5147566
2024-07-25 22:00:00,5147443,5166084,5136880,5140778
2024-07-25 23:00:00,5140709,5156890,5132781,5150479
2024-07-26 00:00:00,5150401,5155035,5112353,5126417
2024-07-26 01:00:00,5126104,5142954,5117420,5140773
2024-07-26 02:00:00,5141289,5150023,5095817,5102615
2024-07-26 03:00:00,5100293,5100293,5069042,5076741
2024-07-26 04:00:00,5076693,5104018,5076352,5102758
2024-07-26 05:00:00,5102519,5119193,5097904,5116556
2024-07-26 06:00:00,5116439,5131983,5096741,5129869
2024-07-26 07:00:00,5129514,5135445,5118195,5126708
2024-07-26 08:00:00,5126966,5138414,5126944,5135229
2024-07-26 09:00:00,5135627,5152196,5132244,5142277
2024-07-26 10:00:00,5142169,5157587,5133040,5151160
2024-07-26 11:00:00,5150948,5166679,5135421,5147278
2024-07-26 12:00:00,5147122,5158007,5139793,5156881
2024-07-26 13:00:00,5156741,5156837,5135336,5135681
2024-07-26 14:00:00,5135653,5158761,5135525,5154566
2024-07-26 15:00:00,5154618,5217951,5153986,5211289
2024-07-26 16:00:00,5210735,5238583,5210723,5224638
2024-07-26 17:00:00,5224643,5224665,5212548,5223611
2024-07-26 18:00:00,5223662,5238324,5217635,5217961
2024-07-26 19:00:00,5218183,5253148,5217312,5238368
2024-07-26 20:00:00,5234161,5251357,5198813,5212380
2024-07-26 21:00:00,5213560,5246928,5213560,5246720
2024-07-26 22:00:00,5246720,5257773,5243730,5245757
2024-07-26 23:00:00,5245603,5245639,5231061,5241300
2024-07-27 00:00:00,5241505,5262422,5240449,5262422
2024-07-27 01:00:00,5262094,5278740,5260813,5278257
2024-07-27 02:00:00,5278960,5281978,5256660,5256681
2024-07-27 03:00:00,5256553,5256557,5229101,5230546
2024-07-27 04:00:00,5230517,5251795,5230137,5251795
2024-07-27 05:00:00,5251510,5252654,5232238,5245978
2024-07-27 06:00:00,5246012,5252852,5235601,5250973
2024-07-27 07:00:00,5250984,5251627,5235895,5238381
2024-07-27 08:00:00,5238997,5251817,5230640,5251817
2024-07-27 09:00:00,5251958,5288394,5250033,5286726
2024-07-27 10:00:00,5286736,5302552,5285002,5296477
2024-07-27 11:00:00,5296677,5349273,5296618,5336592
2024-07-27 12:00:00,5336777,5364616,5336696,5363515
2024-07-27 13:00:00,5363428,5389801,5356732,5389801
2024-07-27 14:00:00,5389990,5450990,5388935,5450990
2024-07-27 15:00:00,5450836,5481707,5450788,5481680
2024-07-27 16:00:00,5481668,5485740,5470274,5478946
2024-07-27 17:00:00,5479818,5506929,5457255,5506306
2024-07-27 18:00:00,5506725,5539395,5503835,5539393
2024-07-27 19:00:00,5539083,5540893,5474884,5475574
2024-07-27 20:00:00,5475669,5481664,5427623,5439860
2024-07-27 21:00:00,5439945,5448595,5324007,5360092
2024-07-27 22:00:00,5360114,5361798,5318975,5321791
2024-07-27 23:00:00,5321960,5321960,5249257,5249295
2024-07-28 00:00:00,5249245,5249292,5191711,5191932
2024-07-28 01:00:00,5192064,5222869,5191777,5192462
2024-07-28 02:00:00,5192583,5201010,5125840,5138289
2024-07-28 03:00:00,5137127,5164098,5092394,5146305
2024-07-28 04:00:00,5146042,5164729,5141836,5161200
2024-07-28 05:00:00,5161185,5161417,5136457,5151960
2024-07-28 06:00:00,5154341,5163790,5128636,5153340
2024-07-28 07:00:00,5153376,5221572,5153325,5217437
2024-07-28 08:00:00,5217436,5224816,5217182,5223081
2024-07-28 09:00:00,5223682,5224313,5218163,5223334
2024-07-28 10:00:00,5223767,5242667,5202908,5204610
2024-07-28 11:00:00,5204674,5215370,5201505,5212258
2024-07-28 12:00:00,5212286,5224816,5211668,5224467
2024-07-28 13:00:00,5224527,5238695,5212946,5215043
2024-07-28 14:00:00,5218702,5277402,5214860,5273012
2024-07-28 15:00:00,5273019,5299989,5273019,5298324
2024-07-28 16:00:00,5298281,5303226,5275916,5280355
2024-07-28 17:00:00,5280293,5299289,5274522,5293192
2024-07-28 18:00:00,5293343,5332065,5293343,5326707
2024-07-28 19:00:00,5326775,5376124,5326754,5375512
2024-07-28 20:00:00,5376079,5386361,5363465,5363465
2024-07-28 21:00:00,5363474,5363870,5351137,5353653
2024-07-28 22:00:00,5353639,5357712,5350774,5357608
2024-07-28 23:00:00,5357417,5358321,5330533,5331011
2024-07-29 00:00:00,5331075,5332358,5306186,5309141
2024-07-29 01:00:00,5308660,5319313,5307851,5314607
2024-07-29 02:00:00,5314692,5330050,5314027,5329808
2024-07-29 03:00:00,5329733,5330035,5283795,5284872
2024-07-29 04:00:00,5284910,5297992,5264677,5267253
2024-07-29 05:00:00,5267213,5269637,5262419,5264647
2024-07-29 06:00:00,5264618,5430027,5245591,5427678
2024-07-29 07:00:00,5427672,5473971,5419043,5473720
2024-07-29 08:00:00,5474657,5582240,5462954,5582225
2024-07-29 09:00:00,5581834,5616145,5560162,5615047
2024-07-29 10:00:00,5615047,5673021,5615047,5668092
2024-07-29 11:00:00,5667886,5698759,5666981,5693216
2024-07-29 12:00:00,5692909,5709733,5688561,5705230
2024-07-29 13:00:00,5705320,5737576,5704682,5731860
2024-07-29 14:00:00,5731828,5732775,5715173,5728724
2024-07-29 15:00:00,5729579,5731940,5721287,5723549
2024-07-29 16:00:00,5723620,5724206,5671348,5671522
2024-07-29 17:00:00,5671706,5676230,5666818,5672899
2024-07-29 18:00:00,5672877,5688076,5649436,5677536
2024-07-29 19:00:00,5676362,5676362,5621119,5622090
2024-07-29 20:00:00,5621961,5625920,5542515,5542596
2024-07-29 21:00:00,5542542,5542796,5507544,5532964
2024-07-29 22:00:00,5532793,5561527,5467087,5470674
2024-07-29 23:00:00,5470748,5499109,5465699,5497735
2024-07-30 00:00:00,5497812,5528520,5496707,5512881
2024-07-30 01:00:00,5512767,5512853,5499129,5505054
2024-07-30 02:00:00,5504263,5507510,5486614,5487159
2024-07-30 03:00:00,5487163,5487314,5402067,5402142
2024-07-30 04:00:00,5401981,5448260,5401569,5432322
2024-07-30 05:00:00,5432544,5433430,5332693,5332693
2024-07-30 06:00:00,5332693,5367045,5331991,5361866
2024-07-30 07:00:00,5361878,5362005,5306394,5306394
2024-07-30 08:00:00,5306106,5316883,5291356,5305499
2024-07-30 09:00:00,5304044,5308312,5281426,5288888
2024-07-30 10:00:00,5289046,5351498,5282594,5351498
2024-07-30 11:00:00,5352688,5383145,5321418,5383118
2024-07-30 12:00:00,5383229,5407017,5383057,5402771
2024-07-30 13:00:00,5403059,5427524,5402709,5427323
2024-07-30 14:00:00,5428763,5444434,5428431,5439459
2024-07-30 15:00:00,5439615,5441566,5420529,5420943
2024-07-30 16:00:00,5421072,5426343,5400051,5408036
2024-07-30 17:00:00,5407914,5412447,5402644,5412311
2024-07-30 18:00:00,5412543,5429330,5412308,5421327
2024-07-30 19:00:00,5421156,5434253,5406783,5434225
2024-07-30 20:00:00,5434571,5435352,5402603,5429016
2024-07-30 21:00:00,5428967,5428967,5382112,5384964
2024-07-30 22:00:00,5385190,5386032,5367165,5367505
2024-07-30 23:00:00,5367321,5382952,5363591,5382923
2024-07-31 00:00:00,5382891,5389624,5339206,5339221
2024-07-31 01:00:00,5339251,5339330,5297992,5297992
2024-07-31 02:00:00,5297599,5299227,5242575,5243794
2024-07-31 03:00:00,5243692,5243741,5208613,5208613
2024-07-31 04:00:00,5208738,5235309,5208519,5229949
2024-07-31 05:00:00,5229991,5230942,5204862,5225149
2024-07-31 06:00:00,5225209,5257332,5221995,5238411
2024-07-31 07:00:00,5238034,5260635,5237136,5247926
2024-07-31 08:00:00,5247879,5277823,5247879,5277810
2024-07-31 09:00:00,5277805,5278105,5268972,5272153
2024-07-31 10:00:00,5272127,5291226,5234244,5240689
2024-07-31 11:00:00,5240772,5273254,5240772,5256582
2024-07-31 12:00:00,5256152,5280813,5249483,5279328
2024-07-31 13:00:00,5279527,5314590,5274411,5314590
2024-07-31 14:00:00,5314585,5317548,5301545,5303236
2024-07-31 15:00:00,5303240,5310601,5288292,5302101
2024-07-31 16:00:00,5302318,5305175,5276147,5279651
2024-07-31 17:00:00,5281674,5282321,5252309,5252824
2024-07-31 18:00:00,5252747,5264672,5250804,5256614
2024-07-31 19:00:00,5256305,5270657,5240942,5244755
2024-07-31 20:00:00,5245022,5263983,5232595,5263467
2024-07-31 21:00:00,5263469,5264230,5238726,5239098
2024-07-31 22:00:00,5239173,5240691,5216271,5222207
2024-07-31 23:00:00,5222149,5223824,5204801,5208949
2024-08-01 00:00:00,5209689,5216797,5126540,5135107
2024-08-01 01:00:00,5134750,5145007,5116580,5142844
2024-08-01 02:00:00,5142748,5156291,5106661,5120206
2024-08-01 03:00:00,5122249,5165413,5121665,5156319
2024-08-01 04:00:00,5156726,5185933,5155837,5168154
2024-08-01 05:00:00,5168248,5189007,5161728,5189007
2024-08-01 06:00:00,5190795,5232740,5190047,5228676
2024-08-01 07:00:00,5228476,5235743,5209890,5230255
2024-08-01 08:00:00,5230268,5286897,5217680,5286897
2024-08-01 09:00:00,5287283,5347440,5273070,5346728
2024-08-01 10:00:00,5346810,5461815,5346032,5461797
2024-08-01 11:00:00,5462956,5573591,5460643,5522905
2024-08-01 12:00:00,5522902,5526236,5514474,5514811
2024-08-01 13:00:00,5515063,5533944,5515063,5524825
2024-08-01 14:00:00,5524982,5544285,5524164,5534772
2024-08-01 15:00:00,5534768,5553973,5521885,5526778
2024-08-01 16:00:00,5526912,5541106,5514905,5540192
2024-08-01 17:00:00,5541220,5543297,5532700,5539473
2024-08-01 18:00:00,5539494,5539494,5510574,5519521
2024-08-01 19:00:00,5519506,5527800,5501412,5521613
2024-08-01 20:00:00,5521716,5526382,5484363,5485938
2024-08-01 21:00:00,5470562,5470719,5296486,5296486
2024-08-01 22:00:00,5296171,5298611,5245722,5295903
2024-08-01 23:00:00,5295913,5298910,5270254,5289718
2024-08-02 00:00:00,5290278,5290906,5222546,5242204
2024-08-02 01:00:00,5242004,5269881,5204158,5205845
2024-08-02 02:00:00,5205768,5208075,5154770,5201880
2024-08-02 03:00:00,5202302,5209919,5161314,5163826
2024-08-02 04:00:00,5164409,5196557,5164409,5184145
2024-08-02 05:00:00,5184409,5196558,5172773,5193534
2024-08-02 06:00:00,5193541,5198887,5157507,5157507
2024-08-02 07:00:00,5157618,5158753,5100335,5111536
2024-08-02 08:00:00,5112270,5124366,5085318,5087234
2024-08-02 09:00:00,5087318,5098444,5075471,5098042
2024-08-02 10:00:00,5098184,5124329,5097263,5117194
2024-08-02 11:00:00,5118106,5136194,5115979,5136194
2024-08-02 12:00:00,5136235,5152293,5133196,5134959
2024-08-02 13:00:00,5134682,5143544,5119863,5119866
2024-08-02 14:00:00,5119709,5226050,5111687,5226014
2024-08-02 15:00:00,5225732,5330446,5217343,5327222
2024-08-02 16:00:00,5327186,5340054,5311648,5323263
2024-08-02 17:00:00,5323281,5351899,5323118,5328797
2024-08-02 18:00:00,5328660,5386473,5321387,5379613
2024-08-02 19:00:00,5380538,5382512,5323521,5329440
2024-08-02 20:00:00,5329608,5378007,5305333,5377828
2024-08-02 21:00:00,5378384,5484682,5377375,5428874
2024-08-02 22:00:00,5428744,5447372,5398145,5426906
2024-08-02 23:00:00,5426596,5432848,5424674,5429819
2024-08-03 00:00:00,5430042,5452455,5429457,5444825
2024-08-03 01:00:00,5444892,5460046,5284160,5284320
2024-08-03 02:00:00,5284072,5284072,5235188,5235188
2024-08-03 03:00:00,5235075,5258330,5215279,5216027
2024-08-03 04:00:00,5215741,5234319,5206505,5233905
2024-08-03 05:00:00,5233883,5235890,5207056,5214483
2024-08-03 06:00:00,5214577,5231225,5207055,5211353
2024-08-03 07:00:00,5211917,5212865,5187528,5208321
2024-08-03 08:00:00,5208171,5217069,5197673,5211794
2024-08-03 09:00:00,5212565,5220892,5200651,5211022
2024-08-03 10:00:00,5211019,5244891,5208700,5241234
2024-08-03 11:00:00,5241302,5260581,5238313,5260386
2024-08-03 12:00:00,5260459,5285504,5259032,5285504
2024-08-03 13:00:00,5285509,5298007,5280645,5295274
2024-08-03 14:00:00,5295212,5301950,5261764,5293017
2024-08-03 15:00:00,5293009,5293190,5234691,5272017
2024-08-03 16:00:00,5272477,5292464,5272278,5292464
2024-08-03 17:00:00,5292654,5322808,5292654,5320320
2024-08-03 18:00:00,5320383,5326313,5303462,5315414
2024-08-03 19:00:00,5315284,5341921,5315168,5335942
2024-08-03 20:00:00,5335996,5348286,5331192,5332765
2024-08-03 21:00:00,5332737,5353113,5304839,5352644
2024-08-03 22:00:00,5352635,5368771,5229812,5229812
2024-08-03 23:00:00,5229145,5234461,5194410,5201745
2024-08-04 00:00:00,5202057,5267158,5201852,5222269
2024-08-04 01:00:00,5222487,5241923,5181197,5182494
2024-08-04 02:00:00,5182701,5203365,5141852,5141852
2024-08-04 03:00:00,5141946,5142041,5081744,5082282
2024-08-04 04:00:00,5082641,5099830,5081674,5082066
2024-08-04 05:00:00,5081838,5083520,5026512,5042301
2024-08-04 06:00:00,5042168,5042344,5021751,5042344
2024-08-04 07:00:00,5042073,5071921,5039597,5066896
2024-08-04 08:00:00,5066867,5066867,5038241,5064765
2024-08-04 09:00:00,5064840,5099629,5062711,5099191
2024-08-04 10:00:00,5099161,5129432,5099161,5121427
2024-08-04 11:00:00,5121488,5138735,5119648,5138007
2024-08-04 12:00:00,5137994,5143299,5137571,5140927
2024-08-04 13:00:00,5140939,5147736,5127090,5138055
2024-08-04 14:00:00,5138108,5198656,5100518,5101950
2024-08-04 15:00:00,5102025,5118737,5092300,5116012
2024-08-04 16:00:00,5115966,5143463,5115412,5121488
2024-08-04 17:00:00,5121645,5122315,5095208,5106388
2024-08-04 18:00:00,5106722,5122840,5088859,5091051
2024-08-04 19:00:00,5091036,5112646,5079133,5110140
2024-08-04 20:00:00,5110256,5142768,5067012,5126741
2024-08-04 21:00:00,5126539,5190406,5110430,5187562
2024-08-04 22:00:00,5187541,5196651,5120383,5121306
2024-08-04 23:00:00,5120659,5203138,5074326,5077633
2024-08-05 00:00:00,5075193,5077420,5027402,5035842
2024-08-05 01:00:00,5035764,5065674,5009164,5014585
2024-08-05 02:00:00,5014377,5015522,4942330,4943224
2024-08-05 03:00:00,4943188,4944389,4912325,4943930
2024-08-05 04:00:00,4943647,4962644,4924178,4952279
2024-08-05 05:00:00,4952109,5010682,4951157,5010682
2024-08-05 06:00:00,5010519,5066979,5005021,5043003
2024-08-05 07:00:00,5043311,5046895,4525832,4529512
2024-08-05 08:00:00,4529471,4535030,4500301,4522748
2024-08-05 09:00:00,4522276,4567629,4517662,4559158
2024-08-05 10:00:00,4558770,4679155,4551423,4671067
2024-08-05 11:00:00,4674028,4751129,4540820,4576349
2024-08-05 12:00:00,4576874,4662971,4343529,4360734
2024-08-05 13:00:00,4362411,4365952,4211044,4239940
2024-08-05 14:00:00,4240174,4287015,4212593,4286873
2024-08-05 15:00:00,4287520,4360738,4278495,4350613
2024-08-05 16:00:00,4350482,4428510,4350482,4412251
2024-08-05 17:00:00,4415877,4572200,4408569,4570913
2024-08-05 18:00:00,4571270,4714954,4567801,4682051
2024-08-05 19:00:00,4685121,4733985,4618372,4619416
2024-08-05 20:00:00,4619740,4708204,4588739,4638585
2024-08-05 21:00:00,4638884,4646544,4577901,4611030
2024-08-05 22:00:00,4610786,4639268,4553822,4553822
2024-08-05 23:00:00,4553737,4558611,4511598,4543996
2024-08-06 00:00:00,4544158,4560510,4442195,4446744
2024-08-06 01:00:00,4448007,4465417,4435217,4459035
2024-08-06 02:00:00,4460340,4460340,4357662,4357662
2024-08-06 03:00:00,4357977,4357977,4298086,4319578
2024-08-06 04:00:00,4321244,4345078,4313205,4329565
2024-08-06 05:00:00,4329678,4389852,4321467,4389815
2024-08-06 06:00:00,4389871,4396990,4346218,4372161
2024-08-06 07:00:00,4372829,4397145,4334952,4348343
2024-08-06 08:00:00,4348250,4404757,4348250,4402599
2024-08-06 09:00:00,4402583,4421683,4386793,4416725
2024-08-06 10:00:00,4416872,4446607,4409087,4433281
2024-08-06 11:00:00,4433230,4516746,4412972,4514522
2024-08-06 12:00:00,4515035,4641908,4515035,4637633
2024-08-06 13:00:00,4637576,4688351,4635457,4688342
2024-08-06 14:00:00,4688209,4702499,4556145,4569580
2024-08-06 15:00:00,4569271,4695602,4568039,4695568
2024-08-06 16:00:00,4695669,4731842,4680228,4691166
2024-08-06 17:00:00,4691390,4691390,4631503,4631503
2024-08-06 18:00:00,4631268,4750385,4629577,4747679
2024-08-06 19:00:00,4747806,4763304,4690811,4690811
2024-08-06 20:00:00,4690632,4691720,4604564,4690779
2024-08-06 21:00:00,4690941,4722277,4690941,4708777
2024-08-06 22:00:00,4708794,4791572,4695493,4789731
2024-08-06 23:00:00,4789786,4842250,4787226,4831506
2024-08-07 00:00:00,4831480,4873661,4819681,4873315
2024-08-07 01:00:00,4873707,4874072,4826924,4865361
2024-08-07 02:00:00,4865702,4872805,4778684,4786542
2024-08-07 03:00:00,4786300,4824721,4785711,4812940
2024-08-07 04:00:00,4813753,4839602,4810312,4825388
2024-08-07 05:00:00,4825382,4829184,4736744,4739966
2024-08-07 06:00:00,4739435,4747722,4706532,4739792
2024-08-07 07:00:00,4739419,4813528,4721006,4813528
2024-08-07 08:00:00,4814030,4920745,4814030,4917388
2024-08-07 09:00:00,4917290,4959435,4917290,4959435
2024-08-07 10:00:00,4959076,5039244,4953709,5036124
2024-08-07 11:00:00,5036030,5119137,5033277,5118922
2024-08-07 12:00:00,5118820,5129408,5104133,5111784
2024-08-07 13:00:00,5110544,5110870,5067543,5083126
2024-08-07 14:00:00,5083349,5090519,5073401,5086575
2024-08-07 15:00:00,5086448,5194491,5085979,5192076
2024-08-07 16:00:00,5191574,5230098,5168198,5223580
2024-08-07 17:00:00,5223545,5245595,5203608,5213936
2024-08-07 18:00:00,5213575,5272499,5199418,5250457
2024-08-07 19:00:00,5250431,5304940,5248759,5304940
2024-08-07 20:00:00,5303027,5306540,4980472,4991914
2024-08-07 21:00:00,4991462,5023486,4978274,4998464
2024-08-07 22:00:00,4998353,5025954,4983427,4987606
2024-08-07 23:00:00,4987522,5010948,4894082,4894082
2024-08-08 00:00:00,4894064,4894064,4801904,4848075
2024-08-08 01:00:00,4848157,4848157,4815121,4833285
2024-08-08 02:00:00,4833265,4845710,4723716,4729126
2024-08-08 03:00:00,4729377,4730423,4634988,4642309
2024-08-08 04:00:00,4642556,4671019,4641587,4662122
2024-08-08 05:00:00,4662447,4696892,4661651,4684736
2024-08-08 06:00:00,4684769,4735443,4653863,4719287
2024-08-08 07:00:00,4719440,4720793,4653120,4709626
2024-08-08 08:00:00,4709567,4752546,4679804,4695364
2024-08-08 09:00:00,4695604,4741283,4684357,4729921
2024-08-08 10:00:00,4729140,4756675,4716755,4720862
2024-08-08 11:00:00,4720771,4720771,4699531,4699531
2024-08-08 12:00:00,4699266,4728092,4671839,4727886
2024-08-08 13:00:00,4728018,4742700,4723149,4740344
2024-08-08 14:00:00,4740351,4760831,4733872,4760831
2024-08-08 15:00:00,4760797,4802211,4758362,4792776
2024-08-08 16:00:00,4792246,4795759,4758431,4765351
2024-08-08 17:00:00,4765601,4786081,4763651,4778439
2024-08-08 18:00:00,4778927,4853806,4753492,4804249
2024-08-08 19:00:00,4804475,4861210,4769126,4779977
2024-08-08 20:00:00,4779896,4921025,4759937,4920295
2024-08-08 21:00:00,4920260,4934285,4905185,4906482
2024-08-08 22:00:00,4907291,4971190,4865374,4899965
2024-08-08 23:00:00,4899728,4900186,4824846,4878103
2024-08-09 00:00:00,4878097,4908661,4856327,4893450
2024-08-09 01:00:00,4893452,4893463,4793054,4797145
2024-08-09 02:00:00,4796952,4801304,4787600,4788759
2024-08-09 03:00:00,4788767,4796901,4745692,4779859
2024-08-09 04:00:00,4781897,4800455,4692769,4693465
2024-08-09 05:00:00,4693947,4741978,4672450,4725179
2024-08-09 06:00:00,4725185,4734505,4688774,4691306
2024-08-09 07:00:00,4691282,4696894,4668600,4674204
2024-08-09 08:00:00,4674103,4679938,4649086,4651678
2024-08-09 09:00:00,4651855,4662920,4647848,4660349
2024-08-09 10:00:00,4660383,4662684,4608630,4636261
2024-08-09 11:00:00,4636241,4636270,4615570,4622077
2024-08-09 12:00:00,4622310,4666493,4618458,4665758
2024-08-09 13:00:00,4665382,4667172,4638975,4651491
2024-08-09 14:00:00,4651025,4698720,4647891,4680679
2024-08-09 15:00:00,4680852,4690545,4631007,4632274
2024-08-09 16:00:00,4631057,4657595,4609806,4657580
2024-08-09 17:00:00,4657721,4680673,4654452,4680673
2024-08-09 18:00:00,4680672,4739756,4679613,4739751
2024-08-09 19:00:00,4739795,4782952,4732899,4775057
2024-08-09 20:00:00,4774906,4778491,4685734,4691970
2024-08-09 21:00:00,4690489,4744459,4690489,4744417
2024-08-09 22:00:00,4744417,4796213,4737061,4796213
2024-08-09 23:00:00,4796529,4796529,4712069,4712193
2024-08-10 00:00:00,4711997,4721465,4702629,4710815
2024-08-10 01:00:00,4710692,4711789,4699119,4701578
2024-08-10 02:00:00,4701584,4705216,4666450,4666474
2024-08-10 03:00:00,4666404,4679415,4652061,4669102
2024-08-10 04:00:00,4668955,4686842,4661250,4684811
2024-08-10 05:00:00,4685137,4701278,4671278,4673692
2024-08-10 06:00:00,4673740,4713272,4670640,4705005
2024-08-10 07:00:00,4704841,4706256,4685342,4689374
2024-08-10 08:00:00,4689412,4691427,4669891,4671012
2024-08-10 09:00:00,4671016,4694515,4667415,4684548
2024-08-10 10:00:00,4684417,4685595,4668602,4674767
2024-08-10 11:00:00,4674879,4682787,4674879,4680806
2024-08-10 12:00:00,4680439,4681646,4675923,4680698
2024-08-10 13:00:00,4681200,4684730,4667888,4670155
2024-08-10 14:00:00,4670143,4684836,4663533,4678864
2024-08-10 15:00:00,4678803,4687078,4673004,4680957
2024-08-10 16:00:00,4680931,4691727,4678604,4690959
2024-08-10 17:00:00,4690944,4728265,4690414,4727846
2024-08-10 18:00:00,4728048,4756425,4726978,4756262
2024-08-10 19:00:00,4757072,4793605,4757072,4792974
2024-08-10 20:00:00,4791574,4795899,4782591,4786426
2024-08-10 21:00:00,4787164,4787646,4733457,4733466
2024-08-10 22:00:00,4733491,4788295,4726013,4785625
2024-08-10 23:00:00,4785600,4793424,4777356,4789747
2024-08-11 00:00:00,4789454,4791064,4761612,4761612
2024-08-11 01:00:00,4761607,4765809,4752118,4752118
2024-08-11 02:00:00,4752095,4757427,4745084,4745317
2024-08-11 03:00:00,4745141,4745444,4711874,4713529
2024-08-11 04:00:00,4713496,4750818,4713465,4749080
2024-08-11 05:00:00,4749041,4755217,4746513,4752652
2024-08-11 06:00:00,4752586,4755707,4734010,4734454
2024-08-11 07:00:00,4734398,4753411,4734128,4753269
2024-08-11 08:00:00,4754846,4756219,4746564,4754543
2024-08-11 09:00:00,4754603,4754603,4724531,4731221
2024-08-11 10:00:00,4731255,4739160,4726240,4739160
2024-08-11 11:00:00,4739232,4760780,4739232,4758310
2024-08-11 12:00:00,4758416,4768193,4756563,4768193
2024-08-11 13:00:00,4768204,4784285,4765655,4773514
2024-08-11 14:00:00,4773452,4790400,4773452,4782076
2024-08-11 15:00:00,4782397,4786441,4755501,4768595
2024-08-11 16:00:00,4768477,4780564,4762409,4771569
2024-08-11 17:00:00,4771479,4819572,4762345,4818184
2024-08-11 18:00:00,4817820,4837141,4796751,4837141
2024-08-11 19:00:00,4839133,4915219,4839133,4915038
2024-08-11 20:00:00,4915369,4953801,4910754,4910754
2024-08-11 21:00:00,4910692,4942836,4899766,4928990
2024-08-11 22:00:00,4928998,4957255,4928998,4948870
2024-08-11 23:00:00,4948852,4953879,4935195,4940438
2024-08-12 00:00:00,4938704,4954068,4905315,4909681
2024-08-12 01:00:00,4909526,4914784,4847552,4875305
2024-08-12 02:00:00,4875551,4922850,4875551,4888707
2024-08-12 03:00:00,4888463,4898950,4865345,4867744
2024-08-12 04:00:00,4866924,4909128,4837392,4873162
2024-08-12 05:00:00,4874032,4942600,4874032,4940983
2024-08-12 06:00:00,4941054,4980589,4940670,4961795
2024-08-12 07:00:00,4961788,4992080,4951177,4967585
2024-08-12 08:00:00,4967491,4996745,4965943,4988445
2024-08-12 09:00:00,4988710,5021820,4988710,5020312
2024-08-12 10:00:00,5020360,5023351,5015620,5017761
2024-08-12 11:00:00,5017642,5022617,5001179,5003321
2024-08-12 12:00:00,5003403,5064894,5003116,5062280
2024-08-12 13:00:00,5062215,5105746,4996210,5001232
2024-08-12 14:00:00,5001326,5003484,4895907,4896379
2024-08-12 15:00:00,4896672,4924462,4887410,4924300
2024-08-12 16:00:00,4924170,4963054,4923943,4958783
2024-08-12 17:00:00,4958975,4962188,4835464,4836096
2024-08-12 18:00:00,4836481,4866746,4800320,4861696
2024-08-12 19:00:00,4862267,4863726,4694867,4699355
2024-08-12 20:00:00,4698676,4741866,4695304,4711091
2024-08-12 21:00:00,4710990,4724845,4664497,4692232
2024-08-12 22:00:00,4700248,4701499,4684038,4695242
2024-08-12 23:00:00,4695206,4730318,4682452,4698493
2024-08-13 00:00:00,4699435,4745537,4687658,4736588
2024-08-13 01:00:00,4737272,4748138,4727462,4747254
2024-08-13 02:00:00,4747328,4762640,4735337,4736028
2024-08-13 03:00:00,4735867,4743824,4701645,4743824
2024-08-13 04:00:00,4743863,4785988,4743853,4775232
2024-08-13 05:00:00,4777521,4777568,4674761,4675469
2024-08-13 06:00:00,4675975,4678267,4664335,4669853
2024-08-13 07:00:00,4670095,4687309,4664819,4685502
2024-08-13 08:00:00,4685311,4700017,4679334,4696323
2024-08-13 09:00:00,4696423,4725399,4696402,4718624
2024-08-13 10:00:00,4718630,4745857,4717860,4740293
2024-08-13 11:00:00,4740292,4740823,4716826,4723361
2024-08-13 12:00:00,4723348,4723643,4704523,4706787
2024-08-13 13:00:00,4706819,4729875,4706286,4723179
2024-08-13 14:00:00,4723034,4733395,4715285,4728345
2024-08-13 15:00:00,4728657,4788361,4727294,4787654
2024-08-13 16:00:00,4787657,4824869,4787262,4811972
2024-08-13 17:00:00,4811907,4856466,4803795,4852056
2024-08-13 18:00:00,4852139,4872830,4843345,4868818
2024-08-13 19:00:00,4868784,4874245,4814514,4815767
2024-08-13 20:00:00,4815470,4821040,4775573,4786306
2024-08-13 21:00:00,4786224,4828769,4772333,4805963
2024-08-13 22:00:00,4806018,4806650,4639460,4646978
2024-08-13 23:00:00,4647582,4698016,4635707,4682926
2024-08-14 00:00:00,4682892,4687039,4637290,4639833
2024-08-14 01:00:00,4640202,4643067,4618044,4625023
2024-08-14 02:00:00,4624818,4632212,4616722,4621951
2024-08-14 03:00:00,4621533,4621533,4558073,4560571
2024-08-14 04:00:00,4560799,4591348,4560507,4586943
2024-08-14 05:00:00,4586987,4589042,4563845,4565499
2024-08-14 06:00:00,4565499,4571139,4555807,4561343
2024-08-14 07:00:00,4561179,4590467,4560626,4590324
2024-08-14 08:00:00,4590320,4604227,4590320,4604227
2024-08-14 09:00:00,4604664,4633179,4603591,4608765
2024-08-14 10:00:00,4608998,4625956,4608680,4620999
2024-08-14 11:00:00,4621289,4638322,4618757,4634881
2024-08-14 12:00:00,4634988,4663675,4633975,4663511
2024-08-14 13:00:00,4661288,4661856,4650771,4651316
2024-08-14 14:00:00,4650939,4670599,4646728,4668910
2024-08-14 15:00:00,4669010,4669628,4617629,4617649
2024-08-14 16:00:00,4617665,4618035,4567509,4568117
2024-08-14 17:00:00,4567977,4605110,4563852,4586261
2024-08-14 18:00:00,4586284,4672422,4571522,4644109
2024-08-14 19:00:00,4646130,4649230,4605210,4619143
2024-08-14 20:00:00,4618933,4643519,4597777,4599987
2024-08-14 21:00:00,4600037,4679058,4583360,4648879
2024-08-14 22:00:00,4647928,4650627,4500686,4521460
2024-08-14 23:00:00,4521393,4547615,4521393,4547615
2024-08-15 00:00:00,4547591,4548847,4523531,4523554
2024-08-15 01:00:00,4523496,4524374,4514806,4520278
2024-08-15 02:00:00,4520026,4545350,4519578,4543839
2024-08-15 03:00:00,4543859,4544514,4515611,4518906
2024-08-15 04:00:00,4519442,4521027,4478195,4488533
2024-08-15 05:00:00,4488542,4506287,4488462,4499859
2024-08-15 06:00:00,4499367,4499499,4482705,4495977
2024-08-15 07:00:00,4496024,4519985,4490391,4516318
2024-08-15 08:00:00,4516510,4521594,4485794,4487994
2024-08-15 09:00:00,4488140,4540284,4485704,4540284
2024-08-15 10:00:00,4540327,4540327,4526223,4538430
2024-08-15 11:00:00,4538380,4560362,4526076,4560152
2024-08-15 12:00:00,4560586,4612341,4557444,4608718
2024-08-15 13:00:00,4609236,4669407,4607772,4667952
2024-08-15 14:00:00,4668050,4696206,4667051,4689219
2024-08-15 15:00:00,4688094,4702769,4687554,4700563
2024-08-15 16:00:00,4700550,4751717,4696744,4751587
2024-08-15 17:00:00,4751698,4760647,4747634,4748301
2024-08-15 18:00:00,4748130,4748801,4616565,4617386
2024-08-15 19:00:00,4617306,4659025,4606046,4657621
2024-08-15 20:00:00,4657439,4661440,4576840,4605509
2024-08-15 21:00:00,4606190,4606544,4580467,4595402
2024-08-15 22:00:00,4595316,4642004,4595316,4609612
2024-08-15 23:00:00,4609343,4610901,4566873,4567939
2024-08-16 00:00:00,4568096,4647595,4540230,4647171
2024-08-16 01:00:00,4646397,4654125,4615455,4625898
2024-08-16 02:00:00,4626456,4630505,4547871,4547871
2024-08-16 03:00:00,4548215,4575369,4517878,4575369
2024-08-16 04:00:00,4576640,4603400,4517283,4517434
2024-08-16 05:00:00,4517260,4519194,4494180,4495315
2024-08-16 06:00:00,4495315,4495315,4445278,4446997
2024-08-16 07:00:00,4447006,4482800,4446689,4476640
2024-08-16 08:00:00,4476715,4497198,4434431,4441114
2024-08-16 09:00:00,4438975,4450040,4418917,4421830
2024-08-16 10:00:00,4421883,4426341,4413705,4425870
2024-08-16 11:00:00,4425608,4427270,4397559,4406724
2024-08-16 12:00:00,4406846,4471090,4406846,4465654
2024-08-16 13:00:00,4466122,4471379,4453818,4466468
2024-08-16 14:00:00,4466454,4473496,4448130,4463319
2024-08-16 15:00:00,4463257,4484412,4455780,4483230
2024-08-16 16:00:00,4482967,4483458,4469299,4479789
2024-08-16 17:00:00,4479889,4485242,4467153,4468537
2024-08-16 18:00:00,4468486,4522828,4442252,4522828
2024-08-16 19:00:00,4522973,4551786,4452152,4501436
2024-08-16 20:00:00,4501014,4593217,4494352,4592991
2024-08-16 21:00:00,4593099,4627117,4574815,4582351
2024-08-16 22:00:00,4582168,4597263,4535123,4553074
2024-08-16 23:00:00,4553953,4615274,4551791,4569685
2024-08-17 00:00:00,4569060,4600060,4556714,4589824
2024-08-17 01:00:00,4589514,4592741,4547906,4547906
2024-08-17 02:00:00,4547605,4549741,4482002,4483325
2024-08-17 03:00:00,4488039,4488039,4419689,4420471
2024-08-17 04:00:00,4420450,4448721,4420120,4441009
2024-08-17 05:00:00,4441029,4488436,4440907,4485410
2024-08-17 06:00:00,4485416,4544735,4478690,4543540
2024-08-17 07:00:00,4543646,4547509,4514544,4514544
2024-08-17 08:00:00,4514117,4523240,4491925,4492942
2024-08-17 09:00:00,4492911,4517811,4485896,4512982
2024-08-17 10:00:00,4512591,4537965,4512546,4537963
2024-08-17 11:00:00,4538535,4550543,4534172,4550543
2024-08-17 12:00:00,4550572,4558940,4545490,4551710
2024-08-17 13:00:00,4551789,4564185,4551345,4556433
2024-08-17 14:00:00,4556440,4566349,4554412,4566146
2024-08-17 15:00:00,4567253,4573186,4554427,4560098
2024-08-17 16:00:00,4560192,4586799,4557309,4582463
2024-08-17 17:00:00,4582517,4625230,4582517,4616085
2024-08-17 18:00:00,4616122,4618878,4604897,4604904
2024-08-17 19:00:00,4604900,4610705,4581701,4583929
2024-08-17 20:00:00,4583965,4593578,4520577,4535745
2024-08-17 21:00:00,4534884,4588262,4534884,4572515
2024-08-17 22:00:00,4572703,4578370,4556589,4556589
2024-08-17 23:00:00,4556587,4561510,4547430,4559111
2024-08-18 00:00:00,4558957,4559548,4545839,4556526
2024-08-18 01:00:00,4556481,4566447,4554091,4562791
2024-08-18 02:00:00,4562693,4570823,4562693,4566743
2024-08-18 03:00:00,4566705,4567700,4541867,4543376
2024-08-18 04:00:00,4544080,4572881,4542021,4572393
2024-08-18 05:00:00,4573333,4583354,4573333,4579872
2024-08-18 06:00:00,4579872,4580836,4560042,4560046
2024-08-18 07:00:00,4560021,4567662,4556548,4564409
2024-08-18 08:00:00,4564305,4570163,4527169,4529603
2024-08-18 09:00:00,4529636,4545176,4518004,4541973
2024-08-18 10:00:00,4542129,4558411,4538116,4558348
2024-08-18 11:00:00,4558485,4560867,4555798,4558525
2024-08-18 12:00:00,4558393,4561836,4552685,4552851
2024-08-18 13:00:00,4552846,4558433,4548961,4553341
2024-08-18 14:00:00,4553408,4555397,4547257,4553089
2024-08-18 15:00:00,4553141,4558965,4541566,4543924
2024-08-18 16:00:00,4543904,4667986,4444620,4457304
2024-08-18 17:00:00,4457733,4481375,4456451,4477606
2024-08-18 18:00:00,4477616,4502295,4469708,4474217
2024-08-18 19:00:00,4474070,4487199,4426818,4426933
2024-08-18 20:00:00,4427293,4431459,4406542,4408555
2024-08-18 21:00:00,4408643,4409991,4385838,4385933
2024-08-18 22:00:00,4385994,4399409,4379906,4395157
2024-08-18 23:00:00,4394910,4395517,4359350,4359737
2024-08-19 00:00:00,4359524,4361860,4336282,4336282
2024-08-19 01:00:00,4336702,4345261,4333649,4341137
2024-08-19 02:00:00,4341114,4345682,4326643,4326861
2024-08-19 03:00:00,4326841,4326857,4298714,4306405
2024-08-19 04:00:00,4306896,4328928,4305766,4321098
2024-08-19 05:00:00,4321013,4326092,4288817,4302129
2024-08-19 06:00:00,4301934,4310677,4278061,4304831
2024-08-19 07:00:00,4304859,4343176,4299389,4343176
2024-08-19 08:00:00,4343186,4368189,4343186,4367962
2024-08-19 09:00:00,4367701,4388656,4367381,4388074
2024-08-19 10:00:00,4388372,4396853,4382032,4385458
2024-08-19 11:00:00,4385459,4390918,4367949,4376004
2024-08-19 12:00:00,4375992,4379934,4353659,4358764
2024-08-19 13:00:00,4358766,4370171,4357366,4362088
2024-08-19 14:00:00,4361947,4387545,4361907,4386047
2024-08-19 15:00:00,4386221,4412939,4381312,4404150
2024-08-19 16:00:00,4405972,4430139,4391328,4428126
2024-08-19 17:00:00,4428219,4435707,4421517,4429011
2024-08-19 18:00:00,4429110,4429110,4412897,4419098
2024-08-19 19:00:00,4419214,4435919,4377998,4379714
2024-08-19 20:00:00,4379514,4466186,4375330,4466001
2024-08-19 21:00:00,4466826,4497107,4462447,4494915
2024-08-19 22:00:00,4494820,4509269,4478552,4499335
2024-08-19 23:00:00,4499369,4506431,4347028,4347808
2024-08-20 00:00:00,4347700,4351806,4337171,4345539
2024-08-20 01:00:00,4345507,4375703,4345123,4372946
2024-08-20 02:00:00,4372987,4388737,4333511,4333547
2024-08-20 03:00:00,4333714,4333714,4305117,4314525
