2024-06-20 03:00:00,0.013,0.9740000000000001
2024-06-20 04:00:00,0.391,0
2024-06-20 05:00:00,0.947,0
2024-06-20 06:00:00,0.006,0.7070000000000001
2024-06-20 07:00:00,0.8109999999999999,3.1139999999999994
2024-06-20 08:00:00,0.789,0.069
2024-06-20 09:00:00,0.134,0.242
2024-06-20 10:00:00,0.11900000000000001,0.8470000000000001
2024-06-20 11:00:00,0.07300000000000001,13.670999999999998
2024-06-20 12:00:00,0.063,1.856
2024-06-20 13:00:00,0.004,3.759999999999999
2024-06-20 14:00:00,1.6169999999999998,0.189
2024-06-20 15:00:00,0.20700000000000002,0.003
2024-06-20 16:00:00,0.329,2.962999999999999
2024-06-20 17:00:00,0.86,11.145999999999995
2024-06-20 18:00:00,8.035999999999998,0.059
2024-06-20 19:00:00,12.129999999999995,0.493
2024-06-20 20:00:00,16.496999999999993,1.175
2024-06-20 21:00:00,0.268,1.063
2024-06-20 22:00:00,5.9539999999999935,6.599
2024-06-20 23:00:00,0.076,1.452
2024-06-21 00:00:00,0.11199999999999999,3.565999999999999
2024-06-21 01:00:00,1.4639999999999997,0.22299999999999998
2024-06-21 02:00:00,0.05,0.55
2024-06-21 03:00:00,0.002,0.047
2024-06-21 04:00:00,0.167,0
2024-06-21 05:00:00,1.3499999999999999,0
2024-06-21 06:00:00,24.021000000000004,0.607
2024-06-21 07:00:00,0.045,5.376
2024-06-21 08:00:00,0.4390000000000001,0.43300000000000005
2024-06-21 09:00:00,5.377999999999999,0.32099999999999995
2024-06-21 10:00:00,1.004,0.9490000000000001
2024-06-21 11:00:00,0.178,0.037
2024-06-21 12:00:00,0.10099999999999999,0.015000000000000001
2024-06-21 13:00:00,5.7719999999999985,0
2024-06-21 14:00:00,25.729999999999993,0.011
2024-06-21 15:00:00,0.667,9.916
2024-06-21 16:00:00,1.4140000000000004,0.034
2024-06-21 17:00:00,3.255,0.025
2024-06-21 18:00:00,5.909999999999998,0.795
2024-06-21 19:00:00,6.341999999999997,6.343
2024-06-21 20:00:00,0.781,7.893999999999997
2024-06-21 21:00:00,12.051999999999996,0.41400000000000003
2024-06-21 22:00:00,0.362,0.17500000000000002
2024-06-21 23:00:00,2.945999999999999,1.7239999999999998
2024-06-22 00:00:00,0.038,12.286999999999997
2024-06-22 01:00:00,0,7.899
2024-06-22 02:00:00,1.014,1.538
2024-06-22 03:00:00,3.4439999999999995,0.125
2024-06-22 04:00:00,0,0.133
2024-06-22 05:00:00,0.012,0.026
2024-06-22 06:00:00,2.531,0.065
2024-06-22 07:00:00,0,0.079
2024-06-22 08:00:00,0.002,1.2189999999999999
2024-06-22 09:00:00,0.024,0.025
2024-06-22 10:00:00,0.024,0.026
2024-06-22 11:00:00,0.002,0.275
2024-06-22 12:00:00,0.046,1.5799999999999998
2024-06-22 13:00:00,0.001,0.04
2024-06-22 14:00:00,0.165,0.034999999999999996
2024-06-22 15:00:00,1.1099999999999999,0.056999999999999995
2024-06-22 18:00:00,0.013000000000000001,0.018
2024-06-22 18:00:00,0.013000000000000001,0.018
2024-06-22 18:00:00,0.013000000000000001,0.018
2024-06-22 19:00:00,0.009000000000000001,0
2024-06-22 20:00:00,0,0.34400000000000003
2024-06-22 21:00:00,0.051000000000000004,0
2024-06-22 22:00:00,0.875,0.17900000000000002
2024-06-23 00:00:00,0.187,0
2024-06-23 00:00:00,0.187,0
2024-06-23 01:00:00,0.067,0.168
2024-06-23 02:00:00,0.41200000000000003,0
2024-06-23 03:00:00,0,0.018
2024-06-23 05:00:00,0.41100000000000003,0.008
2024-06-23 05:00:00,0.41100000000000003,0.008
2024-06-23 06:00:00,0.022,1.422
2024-06-23 07:00:00,0.36499999999999994,0.09799999999999999
2024-06-23 08:00:00,0.14,0.036
2024-06-23 09:00:00,0.037000000000000005,0
2024-06-23 10:00:00,0.071,0
2024-06-23 11:00:00,0.065,0.08600000000000001
2024-06-23 12:00:00,0.005,0
2024-06-23 13:00:00,0.004,0
2024-06-23 14:00:00,0,0.01
2024-06-23 15:00:00,0.34500000000000003,0.026000000000000002
2024-06-23 16:00:00,0.661,0
2024-06-23 17:00:00,0.397,0.031
2024-06-23 18:00:00,0.02,0
2024-06-23 19:00:00,0.056,0.016
2024-06-23 20:00:00,2.175,0.08499999999999999
2024-06-23 21:00:00,5.736999999999998,0.005
2024-06-23 22:00:00,12.270000000000001,0
2024-06-23 23:00:00,0,0.156
2024-06-24 00:00:00,0.076,0
2024-06-24 01:00:00,0,0.775
2024-06-24 02:00:00,7.326999999999999,0.019999999999999997
2024-06-24 03:00:00,2.4559999999999995,0.576
2024-06-24 04:00:00,0.568,0
2024-06-24 05:00:00,6.101999999999998,0
2024-06-24 06:00:00,28.291000000000004,0.375
2024-06-24 07:00:00,3.453999999999999,1.812
2024-06-24 08:00:00,5.249,4.704
2024-06-24 09:00:00,1.4439999999999997,0.173
2024-06-24 10:00:00,15.027999999999997,0.401
2024-06-24 11:00:00,29.384,0.009000000000000001
2024-06-24 12:00:00,4.748999999999998,0.043000000000000003
2024-06-24 13:00:00,0.012,7.877
2024-06-24 14:00:00,1.7369999999999997,8.981
2024-06-24 15:00:00,140.9199999999999,3.107999999999997
2024-06-24 16:00:00,4.733999999999999,0.6130000000000001
2024-06-24 17:00:00,8.054999999999998,3.9130000000000003
2024-06-24 18:00:00,251.517,2.2319999999999993
2024-06-24 19:00:00,10.506,5.543999999999999
2024-06-24 20:00:00,4.9629999999999965,0.663
2024-06-24 21:00:00,13.892000000000003,0
2024-06-24 22:00:00,28.727000000000007,10.778
2024-06-24 23:00:00,12.164999999999997,5.2139999999999995
2024-06-25 00:00:00,7.360999999999996,19.227
2024-06-25 01:00:00,26.358999999999998,0.10300000000000001
2024-06-25 02:00:00,4.3909999999999965,10.264
2024-06-25 03:00:00,0.43,14.462
2024-06-25 04:00:00,0.003,14.340999999999998
2024-06-25 05:00:00,0.09300000000000001,1.7729999999999995
2024-06-25 06:00:00,0.004,18.930999999999997
2024-06-25 07:00:00,0.044,0.899
2024-06-25 08:00:00,0.066,0.9850000000000001
2024-06-25 09:00:00,0.668,24.86500000000001
2024-06-25 10:00:00,1.037,0.07
2024-06-25 11:00:00,9.546999999999999,0
2024-06-25 12:00:00,0.07400000000000001,0.088
2024-06-25 13:00:00,4.451999999999996,0.22
2024-06-25 14:00:00,0.784,0.34700000000000003
2024-06-25 15:00:00,0,11.477
2024-06-25 16:00:00,0.788,0.049
2024-06-25 17:00:00,0.43900000000000006,1.125
2024-06-25 18:00:00,1.9789999999999996,0.16599999999999998
2024-06-25 19:00:00,1.251,2.006
2024-06-25 20:00:00,10.115000000000002,18.635999999999996
2024-06-25 21:00:00,5.289999999999999,2.2279999999999998
2024-06-25 22:00:00,5.024999999999999,0
2024-06-25 23:00:00,1.8050000000000002,2.1309999999999993
2024-06-26 00:00:00,4.391999999999999,8.231999999999998
2024-06-26 01:00:00,1.475,1.0739999999999998
2024-06-26 02:00:00,0.065,0
2024-06-26 03:00:00,1.068,0.002
2024-06-26 04:00:00,1.9440000000000002,0.936
2024-06-26 05:00:00,3.6619999999999973,0
2024-06-26 06:00:00,0.8620000000000001,0.019
2024-06-26 07:00:00,0.241,2.2729999999999984
2024-06-26 08:00:00,1.111,5.306
2024-06-26 09:00:00,0.274,0.01
2024-06-26 10:00:00,0.9900000000000002,0.021
2024-06-26 11:00:00,2.934999999999999,0
2024-06-26 12:00:00,0.616,0
2024-06-26 13:00:00,0,0.7190000000000001
2024-06-26 14:00:00,3.5080000000000005,0
2024-06-26 15:00:00,2.3899999999999997,0
2024-06-26 16:00:00,1.4529999999999996,0.002
2024-06-26 17:00:00,0.002,1.003
2024-06-26 18:00:00,0.006,0.37599999999999995
2024-06-26 19:00:00,0.006,5.541999999999999
2024-06-26 20:00:00,1.8960000000000001,3.2039999999999993
2024-06-26 21:00:00,5.7719999999999985,0.347
2024-06-26 22:00:00,1.716,0.17800000000000002
2024-06-26 23:00:00,4.616999999999999,4.108
2024-06-27 00:00:00,0.32300000000000006,0.023
2024-06-27 01:00:00,1.8909999999999998,0.9880000000000001
2024-06-27 02:00:00,5.997,1.79
2024-06-27 03:00:00,0.005,0.8540000000000001
2024-06-27 04:00:00,0.5720000000000001,0.019
2024-06-27 05:00:00,0.5609999999999999,0
2024-06-27 06:00:00,1.474,0.508
2024-06-27 07:00:00,0.017,3.425
2024-06-27 08:00:00,0.038000000000000006,0.002
2024-06-27 10:00:00,0.007,1.5439999999999998
2024-06-27 10:00:00,0.007,1.5439999999999998
2024-06-27 11:00:00,3.103999999999999,0.027
2024-06-27 12:00:00,4.403999999999998,0
2024-06-27 14:00:00,0,0.35700000000000004
2024-06-27 14:00:00,0,0.35700000000000004
2024-06-27 15:00:00,0.033,4.881999999999997
2024-06-27 16:00:00,0.098,2.3819999999999992
2024-06-27 17:00:00,0.038000000000000006,0.002
2024-06-27 18:00:00,2.950999999999999,19.293
2024-06-27 19:00:00,5.09,8.145999999999992
2024-06-27 20:00:00,5.2139999999999995,6.561999999999998
2024-06-27 21:00:00,4.554,0
2024-06-27 22:00:00,1.0789999999999997,0.513
2024-06-27 23:00:00,0.006,1.7550000000000001
2024-06-28 00:00:00,0.069,0.006
2024-06-28 01:00:00,3.3069999999999986,0
2024-06-28 02:00:00,1.129,0.003
2024-06-28 03:00:00,0,0.007
2024-06-28 04:00:00,0.003,1.389
2024-06-28 05:00:00,0,0.034
2024-06-28 06:00:00,1.1680000000000001,0
2024-06-28 07:00:00,2.785,10.336999999999996
2024-06-28 08:00:00,8.75,0.295
2024-06-28 09:00:00,0,0.107
2024-06-28 10:00:00,2.349,0.002
2024-06-28 11:00:00,2.694,0
2024-06-28 12:00:00,0.182,0
2024-06-28 13:00:00,3.993,0.015
2024-06-28 14:00:00,0.049999999999999996,0.037
2024-06-28 15:00:00,0.001,3.8600000000000003
2024-06-28 16:00:00,0.031,0.015
2024-06-28 17:00:00,0.022,20.899999999999995
2024-06-28 18:00:00,1.6009999999999998,1.636
2024-06-28 19:00:00,17.265,3.958
2024-06-28 20:00:00,174.58199999999997,0
2024-06-28 21:00:00,0.7460000000000001,1.6249999999999998
2024-06-28 22:00:00,6.697999999999999,0.215
2024-06-28 23:00:00,3.2089999999999987,8.982999999999999
2024-06-29 00:00:00,0.254,0
2024-06-29 01:00:00,6.466999999999996,0
2024-06-29 02:00:00,1.259,0.141
2024-06-29 03:00:00,6.598000000000001,0.6220000000000001
2024-06-29 04:00:00,0.10899999999999999,0.6539999999999999
2024-06-29 05:00:00,0.005,0.507
2024-06-29 06:00:00,0.037,4.0649999999999995
2024-06-29 07:00:00,0,1.093
2024-06-29 10:00:00,0.092,0
2024-06-29 10:00:00,0.092,0
2024-06-29 10:00:00,0.092,0
2024-06-29 11:00:00,0.078,0
2024-06-29 12:00:00,0.011,0
2024-06-29 15:00:00,0.012,0.4780000000000002
2024-06-29 15:00:00,0.012,0.4780000000000002
2024-06-29 15:00:00,0.012,0.4780000000000002
2024-06-29 16:00:00,0.023,0.006
2024-06-29 17:00:00,0.016,5.196
2024-06-29 18:00:00,0.016,0
2024-06-29 19:00:00,0.07200000000000001,0.13
2024-06-29 20:00:00,0.17900000000000002,0
2024-06-29 21:00:00,0.262,0.008
2024-06-29 22:00:00,0.178,0
2024-06-29 23:00:00,0.08,0.002
2024-06-30 00:00:00,0.47200000000000003,0
2024-06-30 02:00:00,1.9480000000000002,0.426
2024-06-30 02:00:00,1.9480000000000002,0.426
2024-06-30 03:00:00,0.069,0.003
2024-06-30 05:00:00,1.5489999999999995,0
2024-06-30 05:00:00,1.5489999999999995,0
2024-06-30 06:00:00,0.124,0.024
2024-06-30 07:00:00,1.0550000000000002,0.016
2024-06-30 08:00:00,7.609999999999997,0.29900000000000004
2024-06-30 09:00:00,0.001,0
2024-06-30 10:00:00,0.267,0
2024-06-30 11:00:00,2.159999999999999,0
2024-06-30 12:00:00,0,1.5450000000000002
2024-06-30 13:00:00,1.3969999999999998,12.183
2024-06-30 14:00:00,0,0.01
2024-06-30 15:00:00,0,0.4630000000000001
2024-06-30 16:00:00,0.023,0
2024-06-30 17:00:00,0.016,0.01
2024-06-30 18:00:00,2.34,0.004
2024-06-30 19:00:00,0,0.7330000000000001
2024-06-30 20:00:00,0.346,2.080999999999999
2024-06-30 21:00:00,0.028,0.07200000000000001
2024-06-30 22:00:00,0.125,0.018
2024-06-30 23:00:00,0,0.6060000000000001
2024-07-01 00:00:00,0.006,2.2839999999999994
2024-07-01 01:00:00,0.002,0.41200000000000003
2024-07-01 02:00:00,1.077,9.310999999999996
2024-07-01 03:00:00,4.296,0.108
2024-07-01 04:00:00,0.061,18.89599999999999
2024-07-01 05:00:00,0.139,3.383
2024-07-01 06:00:00,2.7469999999999994,2.325
2024-07-01 07:00:00,0.008,56.047000000000004
2024-07-01 08:00:00,1.6019999999999996,2.8729999999999998
2024-07-01 09:00:00,0,0.002
2024-07-01 11:00:00,4.275999999999999,0
2024-07-01 11:00:00,4.275999999999999,0
2024-07-01 12:00:00,0.061,0.45
2024-07-01 13:00:00,0.018,2.735
2024-07-01 14:00:00,15.614000000000008,0
2024-07-01 15:00:00,3.08,0
2024-07-01 16:00:00,0.515,0.014
2024-07-01 17:00:00,8.604999999999997,0.035
2024-07-01 18:00:00,0,0.16400000000000003
2024-07-01 19:00:00,2.4629999999999983,8.986000000000004
2024-07-01 20:00:00,0.043,0.7240000000000001
2024-07-01 21:00:00,0.09,6.807999999999998
2024-07-01 22:00:00,0.29500000000000004,4.6259999999999994
2024-07-01 23:00:00,0.007,7.241
2024-07-02 00:00:00,1.2280000000000002,6.931999999999998
2024-07-02 01:00:00,13.674000000000001,0.8590000000000001
2024-07-02 02:00:00,0,0.16699999999999998
2024-07-02 03:00:00,2.626,0
2024-07-02 04:00:00,3.167,0.059
2024-07-02 05:00:00,0.028,0.003
2024-07-02 06:00:00,0.7169999999999999,0.013999999999999999
2024-07-02 07:00:00,0.015,0
2024-07-02 08:00:00,0.062,0.554
2024-07-02 09:00:00,0,2.1940000000000004
2024-07-02 10:00:00,0.005,0.29000000000000004
2024-07-02 11:00:00,0.026,0
2024-07-02 12:00:00,3.5069999999999997,0
2024-07-02 13:00:00,5.6179999999999986,0
2024-07-02 14:00:00,1.5719999999999996,0.148
2024-07-02 15:00:00,0,1.414
2024-07-02 16:00:00,0.372,0.078
2024-07-02 17:00:00,0.002,0.42700000000000005
2024-07-02 18:00:00,0,5.828
2024-07-02 19:00:00,8.123999999999999,3.579999999999999
2024-07-02 20:00:00,17.604999999999997,0.023
2024-07-02 21:00:00,2.1459999999999995,0.14600000000000002
2024-07-02 22:00:00,1.547,0.008
2024-07-02 23:00:00,0.017,1.6849999999999998
2024-07-03 00:00:00,0,5.675999999999998
2024-07-03 01:00:00,4.833999999999999,0.006
2024-07-03 02:00:00,0.155,0
2024-07-03 03:00:00,0.706,0
2024-07-03 04:00:00,0.012,0
2024-07-03 05:00:00,0,0.6880000000000001
2024-07-03 06:00:00,0,0.529
2024-07-03 07:00:00,12.255999999999998,0.6990000000000001
2024-07-03 08:00:00,53.11099999999999,0
2024-07-03 09:00:00,12.818999999999999,1.7249999999999999
2024-07-03 10:00:00,0.093,0
2024-07-03 11:00:00,0,2.5679999999999996
2024-07-03 12:00:00,0,2.1119999999999988
2024-07-03 13:00:00,1.4199999999999995,0.005
2024-07-03 14:00:00,5.124999999999998,0.077
2024-07-03 15:00:00,1.0510000000000002,0
2024-07-03 16:00:00,14.781000000000004,9.050000000000002
2024-07-03 17:00:00,9.825000000000001,1.8889999999999998
2024-07-03 18:00:00,19.472,0.11
2024-07-03 19:00:00,7.244999999999998,13.626999999999997
2024-07-03 20:00:00,2.634999999999999,0.43100000000000005
2024-07-03 21:00:00,3.8339999999999983,2.599999999999999
2024-07-03 22:00:00,0.282,8.013999999999998
2024-07-03 23:00:00,3.6909999999999985,0.066
2024-07-04 00:00:00,0.21100000000000002,0.020999999999999998
2024-07-04 01:00:00,30.663999999999998,0.026000000000000002
2024-07-04 02:00:00,0.9960000000000002,0.002
2024-07-04 03:00:00,0.15300000000000002,10.142999999999999
2024-07-04 04:00:00,0.017,0.791
2024-07-04 05:00:00,0.016,0
2024-07-04 06:00:00,0,13.810000000000004
2024-07-04 07:00:00,41.00000000000002,1.298
2024-07-04 08:00:00,13.476999999999997,7.003999999999999
2024-07-04 09:00:00,1.0730000000000002,1.2449999999999999
2024-07-04 10:00:00,0.9470000000000001,2.3219999999999996
2024-07-04 11:00:00,0.10200000000000001,0.01
2024-07-04 12:00:00,9.23,3.076999999999999
2024-07-04 13:00:00,62.299000000000014,0.054000000000000006
2024-07-04 14:00:00,27.076,4.332999999999999
2024-07-04 15:00:00,6.021999999999997,6.645999999999999
2024-07-04 16:00:00,1.533999999999999,2.3269999999999995
2024-07-04 17:00:00,3.3459999999999996,2.977999999999999
2024-07-04 18:00:00,15.625999999999994,1.4249999999999996
2024-07-04 19:00:00,223.19399999999993,4.763999999999997
2024-07-04 20:00:00,5.5859999999999985,9.913
2024-07-04 21:00:00,0.067,21.318000000000005
2024-07-04 22:00:00,4.1069999999999975,9.748000000000001
2024-07-04 23:00:00,0.10800000000000001,0.5990000000000001
2024-07-05 00:00:00,4.373999999999998,5.638
2024-07-05 01:00:00,1.4929999999999999,4.627999999999999
2024-07-05 02:00:00,1.0939999999999999,0.020999999999999998
2024-07-05 03:00:00,0.329,6.275999999999998
2024-07-05 04:00:00,8.351999999999999,3.1609999999999996
2024-07-05 05:00:00,742.9309999999998,0.9510000000000002
2024-07-05 06:00:00,18.360999999999994,6.469999999999995
2024-07-05 07:00:00,11.417000000000002,6.068999999999999
2024-07-05 08:00:00,47.60700000000001,5.223999999999999
2024-07-05 09:00:00,7.764999999999995,19.509999999999998
2024-07-05 10:00:00,41.82299999999999,12.623999999999999
2024-07-05 11:00:00,2.032,18.203
2024-07-05 12:00:00,17.334999999999994,6.427
2024-07-05 13:00:00,9.463000000000003,5.120000000000001
2024-07-05 14:00:00,6.671999999999997,0.158
2024-07-05 15:00:00,5.889999999999998,15.141000000000007
2024-07-05 16:00:00,2.794,6.775999999999997
2024-07-05 17:00:00,0.977,11.608999999999996
2024-07-05 18:00:00,6.104999999999999,16.258
2024-07-05 19:00:00,11.146000000000004,13.827000000000002
2024-07-05 20:00:00,3.007,3.2889999999999997
2024-07-05 21:00:00,1.353,22.277
2024-07-05 22:00:00,4.674,4.099999999999999
2024-07-05 23:00:00,3.0080000000000005,5.377
2024-07-06 00:00:00,10.973999999999995,4.029
2024-07-06 01:00:00,0.6900000000000001,3.2779999999999996
2024-07-06 02:00:00,0.7710000000000001,0.063
2024-07-06 03:00:00,0.041999999999999996,0.9500000000000002
2024-07-06 04:00:00,0.5110000000000001,0.048
2024-07-06 05:00:00,0.03900000000000001,0.56
2024-07-06 06:00:00,7.646,15.959000000000001
2024-07-06 07:00:00,5.963999999999996,0.221
2024-07-06 08:00:00,0.36600000000000005,1.538
2024-07-06 09:00:00,0.279,0.91
2024-07-06 10:00:00,3.6409999999999987,0.003
2024-07-06 11:00:00,2.118,1.218
2024-07-06 12:00:00,0.31,21.776999999999997
2024-07-06 13:00:00,0.024000000000000004,0.613
2024-07-06 14:00:00,0.038000000000000006,0.35500000000000004
2024-07-06 15:00:00,0.129,1.9969999999999992
2024-07-06 16:00:00,0.032,17.369000000000003
2024-07-06 17:00:00,0.012,0.16799999999999998
2024-07-06 18:00:00,5.632999999999998,0.951
2024-07-06 19:00:00,0.615,2.3849999999999993
2024-07-06 20:00:00,1.7089999999999992,1.6879999999999997
2024-07-06 21:00:00,0,2.6019999999999994
2024-07-06 22:00:00,0.276,46.469000000000015
2024-07-06 23:00:00,0.43800000000000006,0.8490000000000001
2024-07-07 00:00:00,0.128,0.188
2024-07-07 01:00:00,0.276,1.019
2024-07-07 02:00:00,0.7020000000000001,3.235999999999998
2024-07-07 03:00:00,1.8840000000000001,3.1359999999999992
2024-07-07 04:00:00,0.002,0.5910000000000002
2024-07-07 05:00:00,0.988,4.915
2024-07-07 06:00:00,2.168,0.014
2024-07-07 07:00:00,9.644999999999998,1.3099999999999998
2024-07-07 08:00:00,0.058,4.232
2024-07-07 09:00:00,10.479,0
2024-07-07 10:00:00,7.508999999999997,0
2024-07-07 11:00:00,4.907999999999997,5.852000000000001
2024-07-07 12:00:00,0.028999999999999998,0.036000000000000004
2024-07-07 13:00:00,16.242000000000008,0.38200000000000006
2024-07-07 14:00:00,0.174,2.284
2024-07-07 15:00:00,0.023,2.0119999999999996
2024-07-07 16:00:00,3.3090000000000006,2.6289999999999996
2024-07-07 17:00:00,2.031999999999999,0
2024-07-07 18:00:00,7.0989999999999975,0.657
2024-07-07 19:00:00,18.412000000000003,0.006
2024-07-07 20:00:00,31.777000000000005,3.4419999999999997
2024-07-07 21:00:00,0.44499999999999995,4.9239999999999995
2024-07-07 22:00:00,0.19300000000000003,1.544
2024-07-07 23:00:00,3.1590000000000003,13.101
2024-07-08 00:00:00,0.864,18.765000000000004
2024-07-08 01:00:00,1.0619999999999998,0
2024-07-08 02:00:00,0.022,0.311
2024-07-08 03:00:00,28.788,1.3359999999999996
2024-07-08 04:00:00,2.8549999999999986,2.0869999999999997
2024-07-08 05:00:00,19.091000000000005,0.317
2024-07-08 06:00:00,23.396,4.88
2024-07-08 07:00:00,68.95700000000001,6.957999999999998
2024-07-08 08:00:00,2.996999999999999,5.853999999999996
2024-07-08 09:00:00,8.493,7.2189999999999985
2024-07-08 10:00:00,1.618,5.9469999999999965
2024-07-08 11:00:00,2.062,5.034999999999999
2024-07-08 12:00:00,2.271,9.532999999999994
2024-07-08 13:00:00,0.735,1.2920000000000003
2024-07-08 14:00:00,0.122,30.278000000000002
2024-07-08 15:00:00,7.088999999999999,169.9979999999999
2024-07-08 16:00:00,17.357000000000003,1.6999999999999995
2024-07-08 17:00:00,0.6020000000000001,3.6460000000000004
2024-07-08 18:00:00,4.498999999999999,8.150999999999998
2024-07-08 19:00:00,11.779,1.6989999999999998
2024-07-08 20:00:00,120.76700000000004,64.262
2024-07-08 21:00:00,17.888,2.5199999999999996
2024-07-08 22:00:00,9.565999999999999,5.528999999999998
2024-07-08 23:00:00,0.9690000000000001,1.7469999999999999
2024-07-09 00:00:00,0.23,2.154
2024-07-09 01:00:00,0.915,1.8529999999999998
2024-07-09 02:00:00,1.5550000000000002,1.049
2024-07-09 03:00:00,0.308,2.0989999999999993
2024-07-09 04:00:00,0.08099999999999999,2.644999999999999
2024-07-09 05:00:00,0,0.33199999999999996
2024-07-09 06:00:00,4.954999999999997,0.914
2024-07-09 07:00:00,6.692999999999997,9.111999999999997
2024-07-09 08:00:00,18.878,8.594999999999997
2024-07-09 09:00:00,0.6240000000000001,0.333
2024-07-09 10:00:00,0.012,0.78
2024-07-09 11:00:00,0,0.28900000000000003
2024-07-09 12:00:00,0.035,5.537999999999999
2024-07-09 13:00:00,8.649000000000003,0
2024-07-09 14:00:00,0.296,13.373000000000001
2024-07-09 15:00:00,0.17500000000000002,0
2024-07-09 16:00:00,3.256,0.12100000000000001
2024-07-09 17:00:00,0.685,0.49
2024-07-09 18:00:00,0.256,0.31600000000000006
2024-07-09 19:00:00,3.3279999999999985,0.49200000000000005
2024-07-09 20:00:00,4.7429999999999986,13.048999999999998
2024-07-09 21:00:00,1.648,24.157999999999994
2024-07-09 22:00:00,0.201,2.1229999999999998
2024-07-09 23:00:00,2.2119999999999997,1.318
2024-07-10 00:00:00,0.7730000000000001,7.127999999999999
2024-07-10 01:00:00,3.656,0
2024-07-10 02:00:00,0,0.6590000000000001
2024-07-10 03:00:00,0.11100000000000002,0.002
2024-07-10 04:00:00,0.948,1.3549999999999998
2024-07-10 05:00:00,0,0.034
2024-07-10 06:00:00,17.960999999999995,0.043
2024-07-10 07:00:00,3.2909999999999995,4.38
2024-07-10 08:00:00,0,0.10900000000000001
2024-07-10 09:00:00,0,5.674999999999999
2024-07-10 10:00:00,0.31800000000000006,99.068
2024-07-10 11:00:00,3.3949999999999982,2.3789999999999996
2024-07-10 12:00:00,0.114,2.539
2024-07-10 13:00:00,2.919999999999999,0.009000000000000001
2024-07-10 14:00:00,2.9749999999999996,0.002
2024-07-10 15:00:00,2.8849999999999985,0.037
2024-07-10 16:00:00,0.401,0.9670000000000002
2024-07-10 17:00:00,3.736999999999999,0
2024-07-10 18:00:00,6.634999999999999,0.632
2024-07-10 19:00:00,16.145,5.859999999999999
2024-07-10 20:00:00,3.845,2.3949999999999987
2024-07-10 21:00:00,1.9299999999999997,1.5119999999999993
2024-07-10 22:00:00,25.248999999999985,1.2659999999999998
2024-07-10 23:00:00,2.52,0.182
2024-07-11 00:00:00,0.28800000000000003,0.060000000000000005
2024-07-11 01:00:00,1.0030000000000001,0.002
2024-07-11 02:00:00,2.033,0.059000000000000004
2024-07-11 03:00:00,0.15000000000000002,5.879
2024-07-11 04:00:00,0.034,3.8449999999999998
2024-07-11 05:00:00,0,0.332
2024-07-11 06:00:00,3.8250000000000006,0.187
2024-07-11 07:00:00,0.014,2.041999999999998
2024-07-11 08:00:00,6.905999999999999,0.096
2024-07-11 09:00:00,12.998999999999997,4.566999999999999
2024-07-11 10:00:00,0.027,0.6590000000000001
2024-07-11 11:00:00,0.022,8.043999999999999
2024-07-11 12:00:00,0.003,0.022
2024-07-11 13:00:00,0,4.1979999999999995
2024-07-11 14:00:00,0.12,0.42800000000000005
2024-07-11 15:00:00,0.394,2.2419999999999995
2024-07-11 16:00:00,0.044,3.541
2024-07-11 17:00:00,0,7.326
2024-07-11 18:00:00,18.21399999999999,3.534999999999999
2024-07-11 19:00:00,9.385999999999997,1.372
2024-07-11 20:00:00,14.023000000000005,2.617999999999999
2024-07-11 21:00:00,26.563000000000013,1.449
2024-07-11 22:00:00,6.394000000000001,4.8969999999999985
2024-07-11 23:00:00,0.014,2.5849999999999995
2024-07-12 00:00:00,0.17099999999999999,0.751
2024-07-12 01:00:00,6.103999999999999,0.005
2024-07-12 02:00:00,3.458,0.273
2024-07-12 03:00:00,0.5920000000000001,0.3400000000000001
2024-07-12 04:00:00,2.351,0.098
2024-07-12 05:00:00,0.201,0.14600000000000002
2024-07-12 06:00:00,2.430999999999999,1.9609999999999999
2024-07-12 07:00:00,21.397000000000006,1.6669999999999991
2024-07-12 08:00:00,0,7.047999999999998
2024-07-12 09:00:00,2.1869999999999994,0
2024-07-12 10:00:00,1.2750000000000004,0.2
2024-07-12 11:00:00,0.085,0.069
2024-07-12 12:00:00,0,1.9489999999999996
2024-07-12 13:00:00,18.507999999999996,0.32
2024-07-12 14:00:00,0.035,2.4219999999999997
2024-07-12 15:00:00,3.6169999999999995,0
2024-07-12 16:00:00,1.7069999999999999,3.7920000000000003
2024-07-12 17:00:00,0,0.21
2024-07-12 18:00:00,4.925,2.033
2024-07-12 19:00:00,1.9429999999999996,13.100999999999996
2024-07-12 20:00:00,0.7100000000000001,1.5350000000000001
2024-07-12 21:00:00,0.8840000000000001,14.447000000000003
2024-07-12 22:00:00,3.4689999999999994,16.707
2024-07-12 23:00:00,0.002,1.267
2024-07-13 00:00:00,0.024,4.223999999999999
2024-07-13 01:00:00,13.328999999999997,0.002
2024-07-13 02:00:00,17.156999999999996,0.6270000000000001
2024-07-13 03:00:00,0.051,0.7010000000000001
2024-07-13 04:00:00,0.353,10.813000000000002
2024-07-13 05:00:00,0.005,0.11000000000000001
2024-07-13 06:00:00,0,0.8950000000000001
2024-07-13 07:00:00,0.20500000000000002,1.294
2024-07-13 08:00:00,0.016,0.052
2024-07-13 09:00:00,0.004,0.2
2024-07-13 10:00:00,0.069,0.007
2024-07-13 11:00:00,0.955,3.2479999999999998
2024-07-13 12:00:00,0.05,12.923000000000004
2024-07-13 13:00:00,0.017,0.079
2024-07-13 14:00:00,0.039,0
2024-07-13 15:00:00,1.031,5.826
2024-07-13 16:00:00,1.4969999999999997,0.6819999999999999
2024-07-13 17:00:00,0.028,0.188
2024-07-13 18:00:00,0.078,2.8699999999999997
2024-07-13 19:00:00,0.10000000000000002,0.033
2024-07-13 20:00:00,0.48500000000000004,1.841
2024-07-13 21:00:00,0.025,1.8770000000000002
2024-07-13 22:00:00,0.6260000000000001,1.11
2024-07-13 23:00:00,0.443,0
2024-07-14 00:00:00,0.193,0.261
2024-07-14 01:00:00,0.41000000000000003,0.6320000000000002
2024-07-14 02:00:00,0.007,0.015
2024-07-14 03:00:00,0.049,0
2024-07-14 04:00:00,3.8569999999999984,24.871000000000006
2024-07-14 05:00:00,4.634999999999999,8.857
2024-07-14 06:00:00,0.317,9.300999999999998
2024-07-14 07:00:00,0.687,1.6019999999999996
2024-07-14 08:00:00,3.340999999999999,0.031
2024-07-14 09:00:00,0.004,1.3690000000000002
2024-07-14 10:00:00,0.7040000000000001,18.667000000000005
2024-07-14 11:00:00,0.6770000000000002,6.510999999999998
2024-07-14 12:00:00,2.06,1.5869999999999997
2024-07-14 13:00:00,0.092,0.8250000000000001
2024-07-14 14:00:00,0.033,5.116
2024-07-14 15:00:00,0.018,0.841
2024-07-14 17:00:00,2.5969999999999986,0.131
2024-07-14 17:00:00,2.5969999999999986,0.131
2024-07-14 18:00:00,9.258999999999995,0.012
2024-07-14 19:00:00,0.299,0.031
2024-07-14 20:00:00,1.475,4.357999999999998
2024-07-14 21:00:00,0.23399999999999999,0.35900000000000004
2024-07-14 22:00:00,0,0.021
2024-07-14 23:00:00,0,0.294
2024-07-15 00:00:00,0.002,0.002
2024-07-15 01:00:00,0.22599999999999998,0
2024-07-15 02:00:00,0.033,0.331
2024-07-15 03:00:00,0.8400000000000001,16.549999999999997
2024-07-15 04:00:00,1.684,0.017
2024-07-15 05:00:00,0.4750000000000001,1.447
2024-07-15 06:00:00,3.2250000000000005,10.924999999999999
2024-07-15 07:00:00,3.069999999999999,27.85300000000001
2024-07-15 08:00:00,0.062,36.196000000000005
2024-07-15 09:00:00,0.094,3.7019999999999986
2024-07-15 10:00:00,0.6709999999999999,2.594
2024-07-15 11:00:00,0.032,4.485999999999999
2024-07-15 12:00:00,0,2.9179999999999984
2024-07-15 13:00:00,0.134,3.3759999999999986
2024-07-15 14:00:00,1.7719999999999998,0.765
2024-07-15 15:00:00,6.575999999999999,2.5239999999999996
2024-07-15 16:00:00,2.823,0
2024-07-15 17:00:00,7.279999999999999,0.10500000000000001
2024-07-15 18:00:00,0.041,2.3100000000000005
2024-07-15 19:00:00,11.295000000000002,5.052
2024-07-15 20:00:00,0.248,6.548999999999993
2024-07-15 21:00:00,3.6139999999999994,4.821
2024-07-15 22:00:00,0.1,9.973999999999998
2024-07-15 23:00:00,4.126999999999999,1.8869999999999993
2024-07-16 00:00:00,0.893,6.589999999999998
2024-07-16 01:00:00,8.251999999999995,3.253
2024-07-16 02:00:00,0,3.6349999999999993
2024-07-16 03:00:00,0.64,3.8539999999999988
2024-07-16 04:00:00,1.1239999999999999,174.12199999999996
2024-07-16 05:00:00,0.10900000000000001,8.657999999999998
2024-07-16 06:00:00,21.188000000000013,9.328999999999999
2024-07-16 07:00:00,0.358,2.251
2024-07-16 08:00:00,0.31200000000000006,0.596
2024-07-16 09:00:00,0.08,0.542
2024-07-16 10:00:00,1.4729999999999996,0.8570000000000001
2024-07-16 11:00:00,30.04699999999999,0.137
2024-07-16 12:00:00,24.32299999999999,0.695
2024-07-16 13:00:00,3.9519999999999995,4.645999999999999
2024-07-16 14:00:00,11.726999999999997,2.7919999999999994
2024-07-16 15:00:00,0,5.003999999999998
2024-07-16 16:00:00,0.035,6.147999999999999
2024-07-16 17:00:00,2.5909999999999997,10.905000000000001
2024-07-16 18:00:00,1.9389999999999996,10.897999999999998
2024-07-16 19:00:00,6.283000000000001,1.9569999999999996
2024-07-16 20:00:00,2.522999999999999,2.878999999999999
2024-07-16 21:00:00,1.263,24.507000000000012
2024-07-16 22:00:00,9.157999999999998,8.502
2024-07-16 23:00:00,0.993,1.4349999999999992
2024-07-17 00:00:00,0.8210000000000001,2.9319999999999977
2024-07-17 01:00:00,3.902999999999999,9.988999999999997
2024-07-17 02:00:00,2.1479999999999997,0
2024-07-17 03:00:00,0.839,0.304
2024-07-17 04:00:00,5.226999999999998,0.557
2024-07-17 05:00:00,0.396,7.265999999999996
2024-07-17 06:00:00,0.244,3.655999999999999
2024-07-17 07:00:00,1.9939999999999998,12.009999999999993
2024-07-17 08:00:00,1.8239999999999996,0.9060000000000001
2024-07-17 09:00:00,10.662999999999998,0.17800000000000005
2024-07-17 10:00:00,0.109,2.757999999999999
2024-07-17 11:00:00,0.30800000000000005,4.265000000000001
2024-07-17 12:00:00,1.4020000000000004,0.257
2024-07-17 13:00:00,8.142999999999997,1.0829999999999997
2024-07-17 14:00:00,21.892,19.66
2024-07-17 15:00:00,0.16499999999999998,2.316
2024-07-17 16:00:00,0.8680000000000001,0.42200000000000004
2024-07-17 17:00:00,20.79300000000001,0.255
2024-07-17 18:00:00,0.241,2.5479999999999996
2024-07-17 19:00:00,1.575,19.483999999999998
2024-07-17 20:00:00,3.5589999999999997,3.1620000000000004
2024-07-17 21:00:00,14.254999999999999,1.6150000000000002
2024-07-17 22:00:00,68.44899999999998,2.4139999999999997
2024-07-17 23:00:00,1.555,4.976999999999998
2024-07-18 00:00:00,0,2.2699999999999996
2024-07-18 01:00:00,0.097,2.654999999999999
2024-07-18 02:00:00,0.006,0.008
2024-07-18 03:00:00,8.540999999999999,3.2609999999999992
2024-07-18 04:00:00,0.463,0.2
2024-07-18 05:00:00,10.005000000000003,0.053000000000000005
2024-07-18 06:00:00,4.073999999999999,2.6449999999999996
2024-07-18 07:00:00,0,3.395999999999999
2024-07-18 08:00:00,8.095999999999998,17.694
2024-07-18 09:00:00,0,0.8340000000000003
2024-07-18 10:00:00,0.9670000000000001,0.002
2024-07-18 11:00:00,4.276,9.962000000000002
2024-07-18 12:00:00,0.037,8.024999999999999
2024-07-18 13:00:00,1.566,0
2024-07-18 14:00:00,0.8720000000000001,1.746
2024-07-18 15:00:00,0.073,0.109
2024-07-18 16:00:00,2.69,0.003
2024-07-18 17:00:00,1.5719999999999998,0.37800000000000006
2024-07-18 18:00:00,0,3.8630000000000004
2024-07-18 19:00:00,4.27,2.804999999999999
2024-07-18 20:00:00,25.028,0.547
2024-07-18 21:00:00,34.82600000000001,5.133999999999999
2024-07-18 22:00:00,4.584999999999999,7.829999999999996
2024-07-18 23:00:00,3.583999999999999,0.241
2024-07-19 00:00:00,2.662999999999999,0.471
2024-07-19 01:00:00,1.102,1.6939999999999995
2024-07-19 02:00:00,0.179,0.6590000000000001
2024-07-19 03:00:00,0.019,2.135
2024-07-19 05:00:00,0,2.652
2024-07-19 05:00:00,0,2.652
2024-07-19 06:00:00,16.860999999999997,0.01
2024-07-19 07:00:00,7.949999999999999,5.791999999999999
2024-07-19 08:00:00,0.24,0.41300000000000003
2024-07-19 09:00:00,0,13.057000000000004
2024-07-19 10:00:00,0,0.09200000000000001
2024-07-19 11:00:00,0.47900000000000004,0.528
2024-07-19 12:00:00,0.054,3.743
2024-07-19 13:00:00,62.038000000000004,0
2024-07-19 14:00:00,18.938000000000002,1.9709999999999999
2024-07-19 15:00:00,1.964,8.265
2024-07-19 16:00:00,0.005,10.942
2024-07-19 17:00:00,0,0.08700000000000001
2024-07-19 18:00:00,0,11.624
2024-07-19 19:00:00,1.4389999999999998,18.67799999999999
2024-07-19 20:00:00,2.2049999999999996,11.741
2024-07-19 21:00:00,6.833000000000001,5.731
2024-07-19 22:00:00,0.07100000000000001,4.888999999999997
2024-07-19 23:00:00,0.767,9.511999999999995
2024-07-20 00:00:00,1.0090000000000001,0.52
2024-07-20 01:00:00,1.0899999999999999,22.642000000000007
2024-07-20 02:00:00,1.701,114.543
2024-07-20 03:00:00,1.4219999999999997,8.082999999999998
2024-07-20 04:00:00,2.8369999999999984,0.55
2024-07-20 05:00:00,0.42600000000000005,0.5810000000000001
2024-07-20 06:00:00,9.811999999999998,0.398
2024-07-20 07:00:00,0.7220000000000001,2.2159999999999997
2024-07-20 08:00:00,0,1.5759999999999998
2024-07-20 09:00:00,0,3.575
2024-07-20 10:00:00,0.253,0.16899999999999998
2024-07-20 11:00:00,0.017,0.003
2024-07-20 12:00:00,0.004,0.381
2024-07-20 13:00:00,0.218,1.692
2024-07-20 14:00:00,0.748,0.052000000000000005
2024-07-20 15:00:00,0.181,0.14600000000000002
2024-07-20 16:00:00,0.004,0.03
2024-07-20 17:00:00,0.065,0
2024-07-20 18:00:00,0.002,0.069
2024-07-20 19:00:00,7.086999999999998,1.568
2024-07-20 20:00:00,0,0.44400000000000006
2024-07-20 21:00:00,0.043,1.7929999999999997
2024-07-20 22:00:00,0.21800000000000003,3.708999999999999
2024-07-20 23:00:00,0.888,13.389
2024-07-21 00:00:00,0.075,4.3790000000000004
2024-07-21 01:00:00,3.6429999999999993,0.052
2024-07-21 02:00:00,0,1.2329999999999999
2024-07-21 03:00:00,3.3239999999999994,1.1400000000000001
2024-07-21 04:00:00,1.5090000000000001,1.097
2024-07-21 05:00:00,0.004,0.23199999999999998
2024-07-21 06:00:00,0.799,4.675
2024-07-21 07:00:00,0,2.1229999999999998
2024-07-21 08:00:00,0.044,0.6240000000000001
2024-07-21 09:00:00,0.136,0.002
2024-07-21 10:00:00,0.644,0.006
2024-07-21 11:00:00,2.193999999999999,0.28800000000000003
2024-07-21 12:00:00,1.9029999999999994,0.14600000000000002
2024-07-21 13:00:00,1.5819999999999999,0.063
2024-07-21 14:00:00,0.419,0.375
2024-07-21 15:00:00,0.002,1.1409999999999998
2024-07-21 16:00:00,0.417,1.346
2024-07-21 17:00:00,0.138,0.003
2024-07-21 18:00:00,0,0.791
2024-07-21 19:00:00,2.9289999999999994,0.134
2024-07-21 20:00:00,0.064,3.6639999999999984
2024-07-21 21:00:00,2.0860000000000003,2.1489999999999996
2024-07-21 22:00:00,3.381,3.7989999999999973
2024-07-21 23:00:00,170.09500000000003,1.5319999999999996
2024-07-22 00:00:00,14.919999999999998,8.035999999999998
2024-07-22 01:00:00,1.11,6.181
2024-07-22 02:00:00,3.252,45.98400000000002
2024-07-22 03:00:00,7.829999999999999,5.849999999999999
2024-07-22 04:00:00,0.335,2.7909999999999995
2024-07-22 05:00:00,0.137,0.886
2024-07-22 06:00:00,0.763,5.294999999999997
2024-07-22 07:00:00,3.145999999999999,0.217
2024-07-22 08:00:00,1.86,5.284000000000001
2024-07-22 09:00:00,0.255,0.002
2024-07-22 10:00:00,0.7979999999999999,0
2024-07-22 11:00:00,4.081999999999998,0.34600000000000003
2024-07-22 12:00:00,5.857999999999998,0
2024-07-22 13:00:00,0.109,0.006
2024-07-22 14:00:00,1.1159999999999999,0.001
2024-07-22 15:00:00,1.146,0.9980000000000002
2024-07-22 16:00:00,0.064,11.058999999999997
2024-07-22 17:00:00,0,0.8860000000000001
2024-07-22 18:00:00,0,1.5169999999999995
2024-07-22 19:00:00,19.383000000000003,4.9159999999999995
2024-07-22 20:00:00,7.516999999999996,0.932
2024-07-22 21:00:00,1.1679999999999997,3.788
2024-07-22 22:00:00,0.449,1.2169999999999999
2024-07-22 23:00:00,0.083,1.903
2024-07-23 00:00:00,0.09,6.431999999999999
2024-07-23 01:00:00,0,9.286999999999999
2024-07-23 02:00:00,1.0590000000000002,0.961
2024-07-23 03:00:00,2.328999999999998,1.249
2024-07-23 04:00:00,3.7550000000000003,0.004
2024-07-23 05:00:00,3.32,3.430999999999999
2024-07-23 06:00:00,0,1.4
2024-07-23 07:00:00,3.0099999999999993,0.009
2024-07-23 08:00:00,0.209,1.589
2024-07-23 09:00:00,0,0.705
2024-07-23 10:00:00,10.695999999999996,0.002
2024-07-23 11:00:00,17.200000000000006,0.496
2024-07-23 12:00:00,0.183,3.8489999999999993
2024-07-23 13:00:00,2,1.514
2024-07-23 14:00:00,0.015,9.374
2024-07-23 15:00:00,0,1.2999999999999998
2024-07-23 16:00:00,1.0859999999999996,0
2024-07-23 17:00:00,6.1099999999999985,0.044
2024-07-23 18:00:00,6.739999999999999,0
2024-07-23 19:00:00,14.841000000000005,9.104
2024-07-23 20:00:00,0.134,18.218999999999994
2024-07-23 21:00:00,6.387999999999997,0.14200000000000002
2024-07-23 22:00:00,34.24899999999998,1.845
2024-07-23 23:00:00,2.873999999999999,0.4230000000000001
2024-07-24 00:00:00,0.037,3.4650000000000003
2024-07-24 01:00:00,9.722999999999997,0.10200000000000001
2024-07-24 02:00:00,0.16,1.85
2024-07-24 03:00:00,0.002,4.476
2024-07-24 04:00:00,0,0.01
2024-07-24 05:00:00,0.015,0.002
2024-07-24 06:00:00,0.274,0.219
2024-07-24 07:00:00,4.0569999999999995,0.6620000000000001
2024-07-24 08:00:00,2.726999999999999,3.1749999999999994
2024-07-24 09:00:00,0,2.6159999999999997
2024-07-24 10:00:00,0.42400000000000004,0
2024-07-24 11:00:00,1.6540000000000001,0.018
2024-07-24 12:00:00,0,0.44
2024-07-24 13:00:00,0,0.28200000000000003
2024-07-24 14:00:00,0.197,18.098
2024-07-24 15:00:00,0,0.821
2024-07-24 16:00:00,0,0.6490000000000001
2024-07-24 17:00:00,0.019,0.06
2024-07-24 18:00:00,0.7660000000000001,0.005
2024-07-24 19:00:00,2.9389999999999987,6.754
2024-07-24 20:00:00,0.735,7.649999999999999
2024-07-24 21:00:00,18.055999999999997,0.016
2024-07-24 22:00:00,4.142999999999999,0.8440000000000002
2024-07-24 23:00:00,0.019999999999999997,2.2869999999999995
2024-07-25 00:00:00,19.983999999999998,0.5880000000000001
2024-07-25 01:00:00,19.59,5.04
2024-07-25 02:00:00,0.004,0.377
2024-07-25 03:00:00,9.015999999999998,1.5239999999999996
2024-07-25 04:00:00,1.59,0.059
2024-07-25 05:00:00,8.122,0.008
2024-07-25 06:00:00,0.017,0.5380000000000001
2024-07-25 07:00:00,25.549000000000014,2.6209999999999996
2024-07-25 08:00:00,195.601,0.679
2024-07-25 09:00:00,4.768000000000001,0.111
2024-07-25 10:00:00,1.6260000000000001,1.741
2024-07-25 11:00:00,0.014,0.889
2024-07-25 12:00:00,0.011,0.112
2024-07-25 13:00:00,0.948,0.507
2024-07-25 14:00:00,10.616000000000003,1.8189999999999993
2024-07-25 15:00:00,0.063,0.09500000000000001
2024-07-25 16:00:00,3.1389999999999993,0.002
2024-07-25 17:00:00,0.002,0.315
2024-07-25 18:00:00,2.333,0.28700000000000003
2024-07-25 19:00:00,13.189,2.327999999999999
2024-07-25 20:00:00,8.433,18.994000000000003
2024-07-25 21:00:00,2.681,11.838
2024-07-25 22:00:00,4.694999999999999,6.7059999999999995
2024-07-25 23:00:00,0.024,0.19999999999999998
2024-07-26 00:00:00,7.686999999999996,2.5309999999999997
2024-07-26 01:00:00,1.0510000000000002,3.011
2024-07-26 02:00:00,3.7499999999999996,7.524999999999998
2024-07-26 03:00:00,0.269,38.971000000000025
2024-07-26 04:00:00,1.115,8.91
2024-07-26 05:00:00,0.012,0
2024-07-26 06:00:00,0.093,11.898999999999997
2024-07-26 07:00:00,0.077,5.5009999999999994
2024-07-26 08:00:00,0.354,8.455999999999996
2024-07-26 09:00:00,2.8239999999999994,3.353999999999999
2024-07-26 10:00:00,1.306,0
2024-07-26 11:00:00,0.053000000000000005,0.017
2024-07-26 12:00:00,0.001,0.601
2024-07-26 13:00:00,0.303,0.476
2024-07-26 14:00:00,0,0.027999999999999997
2024-07-26 15:00:00,0.019,5.1129999999999995
2024-07-26 16:00:00,0.968,0.014
2024-07-26 17:00:00,0,0.045
2024-07-26 18:00:00,0.67,0.044
2024-07-26 19:00:00,1.698,10.769999999999996
2024-07-26 20:00:00,23.008000000000003,2.1979999999999995
2024-07-26 21:00:00,0.04,3.4379999999999997
2024-07-26 22:00:00,0.653,0.11599999999999999
2024-07-26 23:00:00,0.761,0.387
2024-07-27 00:00:00,0.011,0.403
2024-07-27 01:00:00,0.303,20.411000000000012
2024-07-27 02:00:00,11.148,0.008
2024-07-27 03:00:00,0.144,7.897999999999998
2024-07-27 04:00:00,0.21300000000000002,0.812
2024-07-27 05:00:00,0,0.443
2024-07-27 06:00:00,0.303,0.31600000000000006
2024-07-27 07:00:00,1.3129999999999997,0
2024-07-27 08:00:00,0,1.3540000000000003
2024-07-27 09:00:00,0.07500000000000001,0.089
2024-07-27 10:00:00,0.002,0.068
2024-07-27 11:00:00,0,0.289
2024-07-27 12:00:00,0,1.522
2024-07-27 13:00:00,0,4.006999999999998
2024-07-27 14:00:00,1.492,0.244
2024-07-27 15:00:00,0,1.1640000000000001
2024-07-27 16:00:00,0,1.055
2024-07-27 17:00:00,0.011,0
2024-07-27 18:00:00,0,6.933999999999998
2024-07-27 19:00:00,0.007,17.83299999999999
2024-07-27 20:00:00,7.467,2.281
2024-07-27 21:00:00,3.708999999999998,0.89
2024-07-27 22:00:00,0.7460000000000001,1.028
2024-07-27 23:00:00,7.210000000000001,0.6010000000000001
2024-07-28 00:00:00,1.2269999999999996,4.704999999999999
2024-07-28 01:00:00,4.631999999999999,10.794999999999998
2024-07-28 02:00:00,94.62100000000001,19.007
2024-07-28 03:00:00,1.2590000000000001,15.938
2024-07-28 04:00:00,2.656,0.111
2024-07-28 05:00:00,15.429999999999996,0.045
2024-07-28 06:00:00,11.186000000000002,3.474999999999999
2024-07-28 07:00:00,0,1.058
2024-07-28 08:00:00,0.008,0.047
2024-07-28 09:00:00,0.004,0
2024-07-28 10:00:00,14.831999999999995,0.017
2024-07-28 11:00:00,7.188999999999999,1.0759999999999996
2024-07-28 12:00:00,0.032,1.133
2024-07-28 13:00:00,0.001,0.003
2024-07-28 14:00:00,1.165,0.019
2024-07-28 15:00:00,0,0.378
2024-07-28 16:00:00,0.038,1.5349999999999997
2024-07-28 17:00:00,0,8.921000000000001
2024-07-28 18:00:00,0.004,1.6429999999999998
2024-07-28 19:00:00,0,0.52
2024-07-28 20:00:00,2.1689999999999996,0.421
2024-07-28 22:00:00,0.188,0
2024-07-28 22:00:00,0.188,0
2024-07-28 23:00:00,0,0.761
2024-07-29 00:00:00,0.05,5.002999999999998
2024-07-29 01:00:00,0,0.022
2024-07-29 02:00:00,0.32300000000000006,0
2024-07-29 03:00:00,3.5349999999999997,0.491
2024-07-29 04:00:00,0.42100000000000004,2.665
2024-07-29 05:00:00,0,1.2570000000000001
2024-07-29 06:00:00,0.278,7.9789999999999965
2024-07-29 07:00:00,4.233,1.783
2024-07-29 08:00:00,0.592,56.51100000000003
2024-07-29 09:00:00,1.376,10.213000000000003
2024-07-29 10:00:00,0.106,0.08600000000000001
2024-07-29 11:00:00,0.029,6.520999999999997
2024-07-29 12:00:00,0.002,2.9720000000000004
2024-07-29 13:00:00,0.49900000000000005,0.045
2024-07-29 14:00:00,0.756,0.422
2024-07-29 15:00:00,0.009000000000000001,0.019
2024-07-29 16:00:00,0.011,0.6080000000000001
2024-07-29 17:00:00,0.009,0.29500000000000004
2024-07-29 18:00:00,1.811,1.254
2024-07-29 19:00:00,15.060999999999998,1.5199999999999994
2024-07-29 20:00:00,17.286,0.9430000000000001
2024-07-29 21:00:00,4.633999999999999,1.9099999999999997
2024-07-29 22:00:00,23.012000000000018,0.129
2024-07-29 23:00:00,5.767,2.9319999999999977
2024-07-30 00:00:00,0.033,3.3329999999999997
2024-07-30 01:00:00,0.134,0.634
2024-07-30 02:00:00,0.32899999999999996,0.002
2024-07-30 03:00:00,1.9109999999999996,3.045
2024-07-30 04:00:00,0.5110000000000001,5.474000000000001
2024-07-30 05:00:00,6.508999999999997,0.934
2024-07-30 06:00:00,9.65,3.2219999999999995
2024-07-30 07:00:00,14.376000000000001,3.8039999999999994
2024-07-30 08:00:00,1.6519999999999995,1.9069999999999996
2024-07-30 09:00:00,0,2.2620000000000005
2024-07-30 10:00:00,0.015000000000000001,0.7810000000000001
2024-07-30 11:00:00,3.0779999999999994,1.095
2024-07-30 12:00:00,0.001,1.5080000000000002
2024-07-30 13:00:00,0,2.735999999999999
2024-07-30 14:00:00,0.156,0.7889999999999999
2024-07-30 15:00:00,3.7299999999999978,0.006
2024-07-30 17:00:00,1.8219999999999998,0.04
2024-07-30 17:00:00,1.8219999999999998,0.04
2024-07-30 18:00:00,4.970999999999999,3.032
2024-07-30 19:00:00,7.004999999999997,0.9850000000000001
2024-07-30 20:00:00,8.029999999999998,0
2024-07-30 21:00:00,2.094,3.29
2024-07-30 22:00:00,2.227,3.574
2024-07-30 23:00:00,13.078999999999997,0.311
2024-07-31 00:00:00,3.4429999999999987,0.36200000000000004
2024-07-31 01:00:00,3.3349999999999986,1.6959999999999997
2024-07-31 02:00:00,4.29,6.3969999999999985
2024-07-31 03:00:00,0.29000000000000004,3.4089999999999994
2024-07-31 05:00:00,0.071,1.676
2024-07-31 05:00:00,0.071,1.676
2024-07-31 06:00:00,2.3890000000000002,3.2909999999999995
2024-07-31 07:00:00,0.39399999999999996,0.13
2024-07-31 08:00:00,0.32200000000000006,1.4259999999999997
2024-07-31 09:00:00,0.24,0
2024-07-31 10:00:00,15.545000000000002,1.6700000000000002
2024-07-31 11:00:00,0.744,5.464999999999996
2024-07-31 12:00:00,0.347,5.662999999999999
2024-07-31 13:00:00,0.5790000000000001,0.588
2024-07-31 14:00:00,1.7780000000000005,0.487
2024-07-31 15:00:00,1,0.007
2024-07-31 16:00:00,3.6499999999999995,0.01
2024-07-31 17:00:00,0.476,0.017
2024-07-31 18:00:00,0.005,0.895
2024-07-31 19:00:00,2.126,8.103999999999997
2024-07-31 20:00:00,5.874999999999998,6.791999999999998
2024-07-31 21:00:00,0.059,0.521
2024-07-31 22:00:00,2.4849999999999994,0.9510000000000002
2024-07-31 23:00:00,0.003,3.0229999999999992
2024-08-01 00:00:00,3.797999999999999,3.1109999999999998
2024-08-01 01:00:00,21.58500000000001,1.0030000000000001
2024-08-01 02:00:00,13.051999999999987,0.734
2024-08-01 03:00:00,2.291,5.119999999999998
2024-08-01 04:00:00,0.8050000000000003,0.507
2024-08-01 05:00:00,1.28,0
2024-08-01 06:00:00,7.196,0.36499999999999994
2024-08-01 07:00:00,18.249,2.235
2024-08-01 08:00:00,15.460999999999999,0.868
2024-08-01 09:00:00,8.691000000000004,0.9590000000000001
2024-08-01 10:00:00,52.624000000000024,0.101
2024-08-01 11:00:00,4.567,6.563999999999997
2024-08-01 12:00:00,0,4.262
2024-08-01 13:00:00,0,0.17700000000000002
2024-08-01 14:00:00,0,10.052000000000001
2024-08-01 15:00:00,0.027,3.0819999999999994
2024-08-01 16:00:00,1.052,0.065
2024-08-01 17:00:00,0.031000000000000003,2.694
2024-08-01 18:00:00,0,15.116999999999997
2024-08-01 19:00:00,2.935,1.7369999999999999
2024-08-01 20:00:00,18.913999999999998,1.666
2024-08-01 21:00:00,25.253,6.3759999999999994
2024-08-01 22:00:00,9.623999999999995,4.543999999999998
2024-08-01 23:00:00,18.315999999999995,7.489999999999999
2024-08-02 00:00:00,8.303999999999998,2.286999999999999
2024-08-02 01:00:00,0,9.914000000000001
2024-08-02 02:00:00,0.109,30.66600000000001
2024-08-02 03:00:00,1.702,17.90299999999999
2024-08-02 04:00:00,1.7429999999999997,16.456
2024-08-02 05:00:00,1.9689999999999994,9.754000000000005
2024-08-02 06:00:00,5.057999999999999,4.410999999999999
2024-08-02 07:00:00,17.25,1.305
2024-08-02 08:00:00,32.05,12.626999999999999
2024-08-02 09:00:00,0.001,0.5220000000000001
2024-08-02 10:00:00,0.046,0.044
2024-08-02 11:00:00,2.861,0.02
2024-08-02 12:00:00,8.741999999999997,14.945999999999998
2024-08-02 13:00:00,1.2350000000000003,0.6930000000000001
2024-08-02 14:00:00,1.763,4.2010000000000005
2024-08-02 15:00:00,0,0.278
2024-08-02 16:00:00,0,2.3469999999999995
2024-08-02 17:00:00,0.22699999999999998,0.921
2024-08-02 18:00:00,8.241999999999996,1.8889999999999991
2024-08-02 19:00:00,2.843,10.976
2024-08-02 20:00:00,30.865000000000013,2.1219999999999994
2024-08-02 21:00:00,11.217999999999996,17.048000000000002
2024-08-02 22:00:00,10.366000000000001,2.9979999999999993
2024-08-02 23:00:00,9.322999999999999,0.505
2024-08-03 00:00:00,8.578999999999999,0.08800000000000001
2024-08-03 01:00:00,51.289000000000016,1.153
2024-08-03 02:00:00,5.409999999999999,3.313
2024-08-03 03:00:00,24.426000000000013,16.345
2024-08-03 04:00:00,20.163,0.434
2024-08-03 05:00:00,2.375000000000001,2.7589999999999995
2024-08-03 06:00:00,18.087999999999994,0.891
2024-08-03 07:00:00,14.453999999999997,12.580999999999998
2024-08-03 08:00:00,0.494,5.610999999999999
2024-08-03 09:00:00,0,5.789999999999999
2024-08-03 10:00:00,1.9749999999999996,0.003
2024-08-03 11:00:00,0,0.14300000000000002
2024-08-03 12:00:00,0,0.46299999999999997
2024-08-03 13:00:00,0.8280000000000001,0.8800000000000001
2024-08-03 14:00:00,1.8399999999999996,0.11399999999999999
2024-08-03 15:00:00,0.16000000000000003,0.17400000000000002
2024-08-03 16:00:00,0.013000000000000001,4.3149999999999995
2024-08-03 17:00:00,0,1.3479999999999999
2024-08-03 18:00:00,0.365,3.1609999999999987
2024-08-03 19:00:00,2.0839999999999996,0
2024-08-03 20:00:00,0.18200000000000002,1.533
2024-08-03 21:00:00,74.40000000000005,0.08100000000000002
2024-08-03 22:00:00,46.00199999999998,17.139999999999997
2024-08-03 23:00:00,7.145,0.778
2024-08-04 00:00:00,6.244999999999998,4.004
2024-08-04 01:00:00,14.164,3.7479999999999998
2024-08-04 02:00:00,4.958,7.162999999999999
2024-08-04 03:00:00,6.3519999999999985,3.31
2024-08-04 04:00:00,0.7430000000000001,0.05499999999999999
2024-08-04 05:00:00,0.671,1.6119999999999999
2024-08-04 06:00:00,0.006,0.008
2024-08-04 07:00:00,2.8839999999999995,1.962
2024-08-04 08:00:00,0.17600000000000002,5.599999999999997
2024-08-04 09:00:00,0.16500000000000004,0
2024-08-04 10:00:00,1.535999999999999,0
2024-08-04 12:00:00,0,0.514
2024-08-04 12:00:00,0,0.514
2024-08-04 13:00:00,4.800999999999999,0.007
2024-08-04 14:00:00,2.0879999999999996,2.834999999999999
2024-08-04 15:00:00,0.022,2.404
2024-08-04 16:00:00,0,0.719
2024-08-04 17:00:00,0,1.043
2024-08-04 18:00:00,0.004,1.05
2024-08-04 19:00:00,0.019000000000000003,0
2024-08-04 20:00:00,36.057,1.9640000000000002
2024-08-04 21:00:00,15.433999999999989,0.742
2024-08-04 22:00:00,49.849000000000025,1.8859999999999997
2024-08-04 23:00:00,64.675,21.078999999999997
2024-08-05 00:00:00,1.454,9.590999999999994
2024-08-05 01:00:00,3.7709999999999995,10.259
2024-08-05 02:00:00,6.070999999999998,3.3280000000000003
2024-08-05 03:00:00,15.992999999999999,0.366
2024-08-05 04:00:00,2.169,8.228000000000002
2024-08-05 05:00:00,12.271999999999997,0.23900000000000005
2024-08-05 06:00:00,77.73000000000006,71.55399999999999
2024-08-05 07:00:00,151.96399999999994,41.66500000000004
2024-08-05 08:00:00,20.08799999999999,13.315000000000001
2024-08-05 09:00:00,62.92000000000001,5.8829999999999965
2024-08-05 10:00:00,12.775999999999998,8.131999999999994
2024-08-05 11:00:00,43.99200000000002,7.729999999999997
2024-08-05 12:00:00,156.3599999999997,36.91799999999999
2024-08-05 13:00:00,20.579,24.522000000000006
2024-08-05 14:00:00,10.077999999999989,5.562999999999995
2024-08-05 15:00:00,39.63600000000002,7.567
2024-08-05 16:00:00,28.948999999999998,15.523000000000001
2024-08-05 17:00:00,14.685000000000002,14.349000000000007
2024-08-05 18:00:00,191.30799999999994,20.526000000000007
2024-08-05 19:00:00,17.647999999999996,32.281
2024-08-05 20:00:00,20.428000000000004,127.10900000000001
2024-08-05 21:00:00,21.528,11.658
2024-08-05 22:00:00,16.502,14.076999999999993
2024-08-05 23:00:00,8.536999999999997,56.04500000000005
2024-08-06 00:00:00,21.764000000000014,2.0259999999999994
2024-08-06 01:00:00,21.140999999999995,9.328999999999995
2024-08-06 02:00:00,7.403999999999999,7.820999999999995
2024-08-06 03:00:00,7.266999999999996,10.758999999999997
2024-08-06 04:00:00,5.254,27.738000000000007
2024-08-06 05:00:00,7.366999999999997,1.8729999999999998
2024-08-06 06:00:00,1.685,82.58999999999999
2024-08-06 07:00:00,5.134999999999997,10.251999999999997
2024-08-06 08:00:00,1.9359999999999995,1.6
2024-08-06 09:00:00,1.571,0.29900000000000004
2024-08-06 10:00:00,3.7419999999999987,1.5609999999999997
2024-08-06 11:00:00,1.28,9.441000000000004
2024-08-06 12:00:00,3.1099999999999985,3.8989999999999996
2024-08-06 13:00:00,2.1999999999999997,9.999
2024-08-06 14:00:00,47.229999999999976,3.590999999999999
2024-08-06 15:00:00,2.5809999999999995,8.62
2024-08-06 16:00:00,3.6609999999999983,2.0149999999999992
2024-08-06 17:00:00,0.5720000000000001,1.3129999999999997
2024-08-06 18:00:00,15.696000000000002,0.7420000000000002
2024-08-06 19:00:00,7.002999999999999,38.67100000000001
2024-08-06 20:00:00,7.399999999999999,16.05100000000001
2024-08-06 21:00:00,4.042999999999998,7.217999999999999
2024-08-06 22:00:00,1.2520000000000002,14.960000000000003
2024-08-06 23:00:00,6.5939999999999985,1.6520000000000004
2024-08-07 00:00:00,6.274999999999998,5.351999999999999
2024-08-07 01:00:00,2.651999999999999,5.781
2024-08-07 02:00:00,7.3309999999999995,1.7009999999999996
2024-08-07 03:00:00,1.8309999999999997,0.934
2024-08-07 04:00:00,3.8219999999999987,5.561
2024-08-07 05:00:00,3.5809999999999995,0.666
2024-08-07 06:00:00,3.989,4.593999999999998
2024-08-07 07:00:00,3.0999999999999988,8.845999999999997
2024-08-07 08:00:00,6.317999999999997,10.744000000000005
2024-08-07 09:00:00,0.10800000000000001,1.8609999999999998
2024-08-07 10:00:00,0.009000000000000001,12.969
2024-08-07 11:00:00,2.7599999999999993,1.1899999999999997
2024-08-07 12:00:00,0.42400000000000004,0.749
2024-08-07 13:00:00,2.8459999999999996,2.8489999999999993
2024-08-07 14:00:00,0.022,3.3669999999999995
2024-08-07 15:00:00,1.4589999999999996,4.357999999999999
2024-08-07 16:00:00,1.2959999999999998,2.9259999999999997
2024-08-07 17:00:00,6.513999999999998,0
2024-08-07 18:00:00,7.616999999999998,1.584999999999999
2024-08-07 19:00:00,9.135000000000002,2.4579999999999993
2024-08-07 20:00:00,22.066000000000006,16.442999999999998
2024-08-07 21:00:00,5.497999999999999,6.3199999999999985
2024-08-07 22:00:00,1.9669999999999994,2.9349999999999996
2024-08-07 23:00:00,5.542999999999996,14.826
2024-08-08 00:00:00,16.80600000000001,1.026
2024-08-08 01:00:00,2.112999999999999,7.6819999999999995
2024-08-08 02:00:00,6.219999999999999,5.763999999999997
2024-08-08 03:00:00,2.9120000000000004,14.427000000000001
2024-08-08 04:00:00,26.995000000000005,2.820999999999999
2024-08-08 05:00:00,3.786,3.917
2024-08-08 06:00:00,12.591999999999997,12.177000000000001
2024-08-08 07:00:00,3.1529999999999996,22.375000000000004
2024-08-08 08:00:00,1.2659999999999998,7.360999999999998
2024-08-08 09:00:00,5.337999999999997,4.1739999999999995
2024-08-08 10:00:00,8.128,2.061
2024-08-08 11:00:00,0.107,1.3429999999999997
2024-08-08 12:00:00,0.149,7.455999999999998
2024-08-08 13:00:00,0.341,3.8349999999999995
2024-08-08 14:00:00,0.095,0.079
2024-08-08 15:00:00,0.7900000000000001,7.701999999999999
2024-08-08 16:00:00,0.033,1.4679999999999997
2024-08-08 17:00:00,9.579,1.6620000000000001
2024-08-08 18:00:00,4.549999999999999,14.028999999999996
2024-08-08 19:00:00,17.304999999999996,10.306000000000003
2024-08-08 20:00:00,0.49,33.503000000000014
2024-08-08 21:00:00,3.793999999999999,20.216999999999995
2024-08-08 22:00:00,2.8659999999999988,29.51
2024-08-08 23:00:00,3.7709999999999995,6.4399999999999995
2024-08-09 00:00:00,1.543,0.37
2024-08-09 01:00:00,2.9399999999999995,2.8569999999999998
2024-08-09 02:00:00,0,0.4840000000000001
2024-08-09 03:00:00,1.48,23.783999999999995
2024-08-09 04:00:00,3.7729999999999997,244.18500000000003
2024-08-09 05:00:00,3.5469999999999993,3.429
2024-08-09 06:00:00,10.263999999999998,0.124
2024-08-09 07:00:00,3.3159999999999985,4.999999999999999
2024-08-09 08:00:00,1.3539999999999999,1.4199999999999997
2024-08-09 09:00:00,2.002,3.1489999999999996
2024-08-09 10:00:00,15.773000000000003,0.029
2024-08-09 11:00:00,1.3739999999999994,1.8239999999999998
2024-08-09 12:00:00,0,0.709
2024-08-09 13:00:00,1.357,2.045
2024-08-09 14:00:00,2.1889999999999996,4.235999999999999
2024-08-09 15:00:00,1.8799999999999992,1.6839999999999997
2024-08-09 16:00:00,8.026999999999994,4.870999999999999
2024-08-09 17:00:00,2.452,3.9799999999999986
2024-08-09 18:00:00,2.6499999999999995,0.639
2024-08-09 19:00:00,8.563999999999998,4.719999999999998
2024-08-09 20:00:00,21.517999999999997,15.067000000000002
2024-08-09 21:00:00,12.778,0.546
2024-08-09 22:00:00,2.0219999999999994,3.673999999999999
2024-08-09 23:00:00,7.815999999999999,2.482
2024-08-10 00:00:00,3.273999999999999,1.1979999999999997
2024-08-10 01:00:00,0.003,2.223
2024-08-10 02:00:00,0.9380000000000001,6.738000000000001
2024-08-10 03:00:00,3.0189999999999992,3.146
2024-08-10 04:00:00,1.4369999999999994,2.8099999999999996
2024-08-10 05:00:00,1.299,3.9759999999999995
2024-08-10 06:00:00,5.774999999999999,6.51
2024-08-10 07:00:00,1.2100000000000002,0.714
2024-08-10 08:00:00,0.40900000000000003,1.133
2024-08-10 09:00:00,2.6419999999999995,0.065
2024-08-10 10:00:00,6.989999999999999,0
2024-08-10 11:00:00,0,0.06
2024-08-10 12:00:00,0,0.34500000000000003
2024-08-10 13:00:00,0,4.3919999999999995
2024-08-10 14:00:00,0,0.195
2024-08-10 15:00:00,0.003,7.4380000000000015
2024-08-10 16:00:00,4.938,0.007
2024-08-10 17:00:00,0,0.8010000000000002
2024-08-10 18:00:00,0.35700000000000004,1.801
2024-08-10 19:00:00,2.707999999999999,0.011
2024-08-10 20:00:00,0.481,0.21299999999999997
2024-08-10 21:00:00,1.2699999999999998,0.30000000000000004
2024-08-10 22:00:00,1.2029999999999998,2.148999999999999
2024-08-10 23:00:00,0,1.4799999999999998
2024-08-11 00:00:00,0.29300000000000004,2.1169999999999995
2024-08-11 01:00:00,0.437,1.834
2024-08-11 02:00:00,0,0.008
2024-08-11 03:00:00,0.019,0.138
2024-08-11 04:00:00,0.131,0
2024-08-11 05:00:00,1.9380000000000002,0.008
2024-08-11 06:00:00,0.051000000000000004,2.8989999999999996
2024-08-11 07:00:00,0.196,0.943
2024-08-11 08:00:00,0,0.052
2024-08-11 09:00:00,0.14500000000000002,7.158999999999999
2024-08-11 10:00:00,2.623,0.022
2024-08-11 11:00:00,0.578,0.039
2024-08-11 12:00:00,0,0.08900000000000001
2024-08-11 13:00:00,0,0.24400000000000005
2024-08-11 14:00:00,0.012,5.068999999999998
2024-08-11 15:00:00,25.612999999999996,0.9860000000000001
2024-08-11 16:00:00,0.483,1.5910000000000002
2024-08-11 17:00:00,4.116999999999997,0.10400000000000001
2024-08-11 18:00:00,2.959,0.45999999999999996
2024-08-11 19:00:00,3.487,5.254
2024-08-11 20:00:00,3.0329999999999986,1.2639999999999998
2024-08-11 21:00:00,6.405999999999999,3.706
2024-08-11 22:00:00,0.538,0.215
2024-08-11 23:00:00,0.20800000000000002,0.4740000000000001
2024-08-12 00:00:00,0.017,0.003
2024-08-12 01:00:00,8.164999999999997,0.5429999999999999
2024-08-12 02:00:00,43.525000000000034,2.7239999999999998
2024-08-12 03:00:00,1.5229999999999992,14.089000000000004
2024-08-12 04:00:00,4.178999999999997,11.783000000000003
2024-08-12 05:00:00,2.659,0.351
2024-08-12 06:00:00,6.010999999999996,3.0959999999999996
2024-08-12 07:00:00,2.9469999999999996,6.589999999999996
2024-08-12 08:00:00,1.952,1.1920000000000002
2024-08-12 09:00:00,0.25,1.9249999999999998
2024-08-12 10:00:00,0.47200000000000003,0.14500000000000002
2024-08-12 11:00:00,0.40700000000000003,0.042
2024-08-12 12:00:00,5.782,1.104
2024-08-12 13:00:00,11.916999999999998,13.027
2024-08-12 14:00:00,3.9219999999999975,1.288
2024-08-12 15:00:00,2.709999999999999,0.751
2024-08-12 16:00:00,0.317,7.189999999999995
2024-08-12 17:00:00,0.133,29.261000000000003
2024-08-12 18:00:00,4.718999999999999,2.867999999999999
2024-08-12 19:00:00,56.821000000000055,2.632
2024-08-12 20:00:00,4.470999999999998,41.866
2024-08-12 21:00:00,9.005999999999998,6.430999999999999
2024-08-12 22:00:00,3.206,2.309
2024-08-12 23:00:00,2.9789999999999996,1.2690000000000001
2024-08-13 00:00:00,10.025999999999998,0.33899999999999997
2024-08-13 01:00:00,6.428000000000001,5.188
2024-08-13 02:00:00,1.798999999999999,5.395999999999999
2024-08-13 03:00:00,7.272999999999999,11.526000000000003
2024-08-13 04:00:00,3.194,2.6740000000000004
2024-08-13 05:00:00,1.108,52.46300000000002
2024-08-13 06:00:00,1.3019999999999998,3.5060000000000002
2024-08-13 07:00:00,2.185,0.548
2024-08-13 08:00:00,1.3739999999999997,0.221
2024-08-13 09:00:00,9.914000000000003,4.3100000000000005
2024-08-13 10:00:00,0.977,0.5690000000000001
2024-08-13 11:00:00,0,0.3090000000000001
2024-08-13 12:00:00,0.597,1.21
2024-08-13 13:00:00,0.371,0.033
2024-08-13 14:00:00,0.9720000000000001,0.001
2024-08-13 15:00:00,3.7349999999999994,0.11099999999999999
2024-08-13 16:00:00,3.941,0.442
2024-08-13 17:00:00,0.033,1.4650000000000003
2024-08-13 18:00:00,2.362,4.461999999999999
2024-08-13 19:00:00,1.8679999999999999,6.626
2024-08-13 20:00:00,1.9349999999999998,12.979000000000003
2024-08-13 21:00:00,1.0170000000000001,0.048
2024-08-13 22:00:00,0,25.78900000000001
2024-08-13 23:00:00,5.714999999999999,10.990999999999998
2024-08-14 00:00:00,2.922999999999999,0.498
2024-08-14 01:00:00,10.98599999999999,18.082000000000004
2024-08-14 02:00:00,1.74,0.167
2024-08-14 03:00:00,0.139,10.790000000000001
2024-08-14 04:00:00,1.2540000000000002,0.8180000000000001
2024-08-14 05:00:00,1.3889999999999998,0
2024-08-14 06:00:00,0.839,2.455
2024-08-14 07:00:00,0.41900000000000004,0.044000000000000004
2024-08-14 08:00:00,0.108,0.39700000000000013
2024-08-14 09:00:00,0.393,4.643
2024-08-14 10:00:00,0.675,0.027999999999999997
2024-08-14 11:00:00,0.21600000000000003,2.024
2024-08-14 12:00:00,1.091,1.056
2024-08-14 13:00:00,0.005,0.038000000000000006
2024-08-14 14:00:00,0,0.07999999999999999
2024-08-14 15:00:00,0.009,0.268
2024-08-14 16:00:00,0.223,5.020999999999997
2024-08-14 17:00:00,1.7380000000000002,4.820999999999999
2024-08-14 18:00:00,7.197,0.578
2024-08-14 19:00:00,25.004,0.279
2024-08-14 20:00:00,4.526999999999998,4.799999999999999
2024-08-14 21:00:00,9.104999999999999,3.5039999999999987
2024-08-14 22:00:00,6.1519999999999975,0.134
2024-08-14 23:00:00,0.775,4.016
2024-08-15 00:00:00,1.812,1.2899999999999998
2024-08-15 01:00:00,3.834,0.117
2024-08-15 02:00:00,0,0.37999999999999995
2024-08-15 03:00:00,0.162,0
2024-08-15 04:00:00,10.958000000000002,3.477
2024-08-15 05:00:00,0.529,0.451
2024-08-15 06:00:00,0.22,0.8130000000000002
2024-08-15 07:00:00,8.649000000000001,0.02
2024-08-15 08:00:00,0.811,0.9610000000000002
2024-08-15 09:00:00,0.041,0
2024-08-15 10:00:00,0.6100000000000001,0.277
2024-08-15 11:00:00,1.9449999999999998,1.379
2024-08-15 12:00:00,13.188,0.038
2024-08-15 13:00:00,12.802999999999995,1.154
2024-08-15 14:00:00,0.01,4.319
2024-08-15 15:00:00,0.012,9.171
2024-08-15 16:00:00,0.10300000000000001,0
2024-08-15 17:00:00,0.005,7.718999999999998
2024-08-15 18:00:00,13.679,6.784000000000001
2024-08-15 19:00:00,5.425999999999998,4.126999999999998
2024-08-15 20:00:00,2.815,2.034
2024-08-15 21:00:00,1.0750000000000002,8.721
2024-08-15 22:00:00,1.326,2.9799999999999995
2024-08-15 23:00:00,10.394999999999998,0.629
2024-08-16 00:00:00,223.79099999999997,5.735999999999999
2024-08-16 01:00:00,13.653,5.783999999999999
2024-08-16 02:00:00,5.054999999999997,2.01
2024-08-16 03:00:00,0.037000000000000005,19.302999999999994
2024-08-16 04:00:00,0.33000000000000007,5.098
2024-08-16 05:00:00,1.0239999999999998,0.9040000000000001
2024-08-16 06:00:00,0.8840000000000001,0.094
2024-08-16 07:00:00,4.924999999999999,3.0989999999999993
2024-08-16 08:00:00,0.31700000000000006,7.235999999999999
2024-08-16 09:00:00,1.326,0
2024-08-16 10:00:00,0.002,2.268
2024-08-16 11:00:00,0,0.046
2024-08-16 12:00:00,0.351,4.108999999999999
2024-08-16 13:00:00,1.3239999999999998,0.5870000000000001
2024-08-16 14:00:00,0.7250000000000001,0.415
2024-08-16 15:00:00,0.505,0.6020000000000002
2024-08-16 16:00:00,0.6740000000000002,0.09000000000000001
2024-08-16 17:00:00,1.1209999999999998,1.233
2024-08-16 18:00:00,8.114999999999998,1.8579999999999999
2024-08-16 19:00:00,9.149999999999997,19.063999999999993
2024-08-16 20:00:00,3.5759999999999983,5.637999999999998
2024-08-16 21:00:00,1.9769999999999994,6.398
2024-08-16 22:00:00,1.0919999999999999,5.1709999999999985
2024-08-16 23:00:00,0.113,11.800999999999993
2024-08-17 00:00:00,1.032,10.003000000000002
2024-08-17 01:00:00,0,8.554
2024-08-17 02:00:00,5.895,0.082
2024-08-17 03:00:00,4.276,0.012
2024-08-17 04:00:00,0.168,0.378
2024-08-17 05:00:00,2.437,1.333
2024-08-17 06:00:00,0.153,1.004
2024-08-17 07:00:00,0.033,0.8270000000000002
2024-08-17 08:00:00,0.216,0.027
2024-08-17 09:00:00,0.22199999999999998,0.853
2024-08-17 10:00:00,0,0.06300000000000001
2024-08-17 11:00:00,0,0.078
2024-08-17 12:00:00,0.038000000000000006,1.2229999999999994
2024-08-17 13:00:00,0.169,1.5259999999999998
2024-08-17 14:00:00,0.055,0.563
2024-08-17 15:00:00,1.3419999999999999,3.6459999999999986
2024-08-17 16:00:00,3.545999999999999,1.427
2024-08-17 17:00:00,0.6340000000000001,0.115
2024-08-17 18:00:00,0.041,2.782
2024-08-17 19:00:00,0.007,0.5000000000000001
2024-08-17 20:00:00,0.05499999999999999,0.8359999999999999
2024-08-17 21:00:00,0.21200000000000002,0.39100000000000007
2024-08-17 22:00:00,0.24,1.6969999999999998
2024-08-17 23:00:00,0.795,0.6330000000000001
2024-08-18 00:00:00,0.7080000000000002,0.075
2024-08-18 01:00:00,0.02,0.154
2024-08-18 02:00:00,0,0.011
2024-08-18 03:00:00,2.776,0.184
2024-08-18 04:00:00,0,0.069
2024-08-18 05:00:00,0,0.9130000000000001
2024-08-18 06:00:00,0.29100000000000004,5.278999999999996
2024-08-18 07:00:00,0.262,1.7329999999999999
2024-08-18 08:00:00,0.531,4.6259999999999994
2024-08-18 09:00:00,7.7239999999999975,0.267
2024-08-18 10:00:00,0.37,0.01
2024-08-18 11:00:00,0.262,0.8400000000000002
2024-08-18 12:00:00,0.17900000000000002,2.843999999999999
2024-08-18 13:00:00,0.28500000000000003,1.0299999999999998
2024-08-18 14:00:00,0.10600000000000001,1.0379999999999998
2024-08-18 15:00:00,0.05600000000000001,10.529999999999998
2024-08-18 16:00:00,0.625,2.7359999999999993
2024-08-18 17:00:00,0.147,0.458
2024-08-18 18:00:00,0.05,6.584999999999999
2024-08-18 19:00:00,3.114,0.8650000000000001
2024-08-18 20:00:00,2.0709999999999997,0.199
2024-08-18 21:00:00,0.403,0.3
2024-08-18 22:00:00,0.045000000000000005,0.42700000000000005
2024-08-18 23:00:00,1.3489999999999998,0.033
2024-08-19 00:00:00,0,0.01
2024-08-19 01:00:00,0.002,1.249
2024-08-19 02:00:00,0.004,1.752
2024-08-19 03:00:00,1.6409999999999991,0
2024-08-19 04:00:00,0.004,0
2024-08-19 05:00:00,27.350999999999992,0.249
2024-08-19 06:00:00,3.058999999999997,1.4709999999999999
2024-08-19 07:00:00,1.3459999999999999,0.339
2024-08-19 08:00:00,0.16100000000000003,0.507
2024-08-19 09:00:00,0.34,0.025
2024-08-19 10:00:00,0.437,0
2024-08-19 11:00:00,1.9929999999999997,0.07500000000000001
2024-08-19 12:00:00,0.6140000000000001,0.3410000000000001
2024-08-19 13:00:00,0.449,1.3859999999999997
2024-08-19 14:00:00,0.07900000000000001,0.016
2024-08-19 15:00:00,5.575000000000001,0.025
2024-08-19 16:00:00,3.7329999999999988,1.1260000000000001
2024-08-19 17:00:00,1.039,1.744
2024-08-19 18:00:00,0.248,0.61
2024-08-19 19:00:00,5.0799999999999965,4.805999999999998
2024-08-19 20:00:00,2.763999999999999,4.072
2024-08-19 21:00:00,0.012,22.35
2024-08-19 22:00:00,0.4930000000000001,0.373
2024-08-19 23:00:00,1.408,6.044999999999998
2024-08-20 00:00:00,0.169,1.891
2024-08-20 01:00:00,0.13999999999999999,0.43100000000000005
2024-08-20 02:00:00,0.025,1.6779999999999997
2024-08-20 03:00:00,0.14800000000000002,0.029
