2024-06-20 03:00:00,2.4977,71.41,28.59
2024-06-20 04:00:00,2.5039,71.46,28.54
2024-06-20 05:00:00,2.5014,71.44,28.56
2024-06-20 06:00:00,2.5386,71.74,28.26
2024-06-20 07:00:00,2.5625,71.93,28.07
2024-06-20 08:00:00,2.6166,72.35,27.65
2024-06-20 09:00:00,2.6206,72.38,27.62
2024-06-20 10:00:00,2.5855,72.11,27.89
2024-06-20 11:00:00,2.5199,71.59,28.41
2024-06-20 12:00:00,2.4106,70.68,29.32
2024-06-20 13:00:00,2.3047,69.74,30.26
2024-06-20 14:00:00,2.2373,69.11,30.89
2024-06-20 15:00:00,2.2154,68.9,31.1
2024-06-20 16:00:00,2.198,68.73,31.27
2024-06-20 17:00:00,2.2103,68.85,31.15
2024-06-20 18:00:00,1.994,66.6,33.4
2024-06-20 19:00:00,2.034,67.04,32.96
2024-06-20 20:00:00,2.2552,69.28,30.72
2024-06-20 21:00:00,2.3979,70.57,29.43
2024-06-20 22:00:00,2.4686,71.17,28.83
2024-06-20 23:00:00,2.5199,71.59,28.41
2024-06-21 00:00:00,2.5361,71.72,28.28
2024-06-21 01:00:00,2.5162,71.56,28.44
2024-06-21 02:00:00,2.5088,71.5,28.5
2024-06-21 03:00:00,2.499,71.42,28.58
2024-06-21 04:00:00,2.4953,71.39,28.61
2024-06-21 05:00:00,2.4686,71.17,28.83
2024-06-21 06:00:00,2.427,70.82,29.18
2024-06-21 07:00:00,2.4771,71.24,28.76
2024-06-21 08:00:00,2.4916,71.36,28.64
2024-06-21 09:00:00,2.5436,71.78,28.22
2024-06-21 10:00:00,2.5273,71.65,28.35
2024-06-21 11:00:00,2.5868,72.12,27.88
2024-06-21 12:00:00,2.5997,72.22,27.78
2024-06-21 13:00:00,2.601,72.23,27.77
2024-06-21 14:00:00,2.6298,72.45,27.55
2024-06-21 15:00:00,2.6417,72.54,27.46
2024-06-21 16:00:00,2.7106,73.05,26.95
2024-06-21 17:00:00,2.8037,73.71,26.29
2024-06-21 18:00:00,2.8476,74.01,25.99
2024-06-21 19:00:00,2.873,74.18,25.82
2024-06-21 20:00:00,2.9124,74.44,25.56
2024-06-21 21:00:00,2.8344,73.92,26.08
2024-06-21 22:00:00,2.9154,74.46,25.54
2024-06-21 23:00:00,2.9386,74.61,25.39
2024-06-22 00:00:00,2.9324,74.57,25.43
2024-06-22 01:00:00,2.9308,74.56,25.44
2024-06-22 02:00:00,2.8521,74.04,25.96
2024-06-22 03:00:00,2.7936,73.64,26.36
2024-06-22 04:00:00,2.8241,73.85,26.15
2024-06-22 05:00:00,2.7879,73.6,26.4
2024-06-22 06:00:00,2.7693,73.47,26.53
2024-06-22 07:00:00,2.7523,73.35,26.65
2024-06-22 08:00:00,2.6563,72.65,27.35
2024-06-22 09:00:00,2.6417,72.54,27.46
2024-06-22 10:00:00,2.712,73.06,26.94
2024-06-22 11:00:00,2.667,72.73,27.27
2024-06-22 12:00:00,2.5791,72.06,27.94
2024-06-22 13:00:00,2.663,72.7,27.3
2024-06-22 14:00:00,2.574,72.02,27.98
2024-06-22 15:00:00,2.4459,70.98,29.02
2024-06-22 16:00:00,2.5638,71.94,28.06
2024-06-22 17:00:00,2.5663,71.96,28.04
2024-06-22 18:00:00,2.5562,71.88,28.12
2024-06-22 19:00:00,2.5511,71.84,28.16
2024-06-22 20:00:00,2.5511,71.84,28.16
2024-06-22 21:00:00,2.5537,71.86,28.14
2024-06-22 22:00:00,2.5511,71.84,28.16
2024-06-22 23:00:00,2.5537,71.86,28.14
2024-06-23 00:00:00,2.5549,71.87,28.13
2024-06-23 01:00:00,2.4674,71.16,28.84
2024-06-23 02:00:00,2.5411,71.76,28.24
2024-06-23 03:00:00,2.5186,71.58,28.42
2024-06-23 04:00:00,2.4471,70.99,29.01
2024-06-23 05:00:00,2.5323,71.69,28.31
2024-06-23 06:00:00,2.4554,71.06,28.94
2024-06-23 07:00:00,2.5311,71.68,28.32
2024-06-23 08:00:00,2.5511,71.84,28.16
2024-06-23 09:00:00,2.4554,71.06,28.94
2024-06-23 10:00:00,2.5323,71.69,28.31
2024-06-23 11:00:00,2.4566,71.07,28.93
2024-06-23 12:00:00,2.5336,71.7,28.3
2024-06-23 13:00:00,2.5436,71.78,28.22
2024-06-23 14:00:00,2.5486,71.82,28.18
2024-06-23 15:00:00,2.459,71.09,28.91
2024-06-23 16:00:00,2.5224,71.61,28.39
2024-06-23 17:00:00,2.5051,71.47,28.53
2024-06-23 18:00:00,2.5261,71.64,28.36
2024-06-23 19:00:00,2.5125,71.53,28.47
2024-06-23 20:00:00,2.5249,71.63,28.37
2024-06-23 21:00:00,2.4507,71.02,28.98
2024-06-23 22:00:00,2.42,70.76,29.24
2024-06-23 23:00:00,2.3422,70.08,29.92
2024-06-24 00:00:00,2.4364,70.9,29.1
2024-06-24 01:00:00,2.4388,70.92,29.08
2024-06-24 02:00:00,2.4554,71.06,28.94
2024-06-24 03:00:00,2.4095,70.67,29.33
2024-06-24 04:00:00,2.5361,71.72,28.28
2024-06-24 05:00:00,2.5562,71.88,28.12
2024-06-24 06:00:00,2.5323,71.69,28.31
2024-06-24 07:00:00,2.7327,73.21,26.79
2024-06-24 08:00:00,2.7665,73.45,26.55
2024-06-24 09:00:00,2.775,73.51,26.49
2024-06-24 10:00:00,2.7764,73.52,26.48
2024-06-24 11:00:00,2.8183,73.81,26.19
2024-06-24 12:00:00,2.8023,73.7,26.3
2024-06-24 13:00:00,2.7636,73.43,26.57
2024-06-24 14:00:00,2.9032,74.38,25.62
2024-06-24 15:00:00,2.8358,73.93,26.07
2024-06-24 16:00:00,2.9904,74.94,25.06
2024-06-24 17:00:00,2.9777,74.86,25.14
2024-06-24 18:00:00,3.0225,75.14,24.86
2024-06-24 19:00:00,2.9761,74.85,25.15
2024-06-24 20:00:00,3.008,75.05,24.95
2024-06-24 21:00:00,3.0355,75.22,24.78
2024-06-24 22:00:00,3.0274,75.17,24.83
2024-06-24 23:00:00,3.1339,75.81,24.19
2024-06-25 00:00:00,3.2017,76.2,23.8
2024-06-25 01:00:00,3.1876,76.12,23.88
2024-06-25 02:00:00,3.2499,76.47,23.53
2024-06-25 03:00:00,3.223,76.32,23.68
2024-06-25 04:00:00,3.2535,76.49,23.51
2024-06-25 05:00:00,3.2373,76.4,23.6
2024-06-25 06:00:00,3.29,76.69,23.31
2024-06-25 07:00:00,3.3573,77.05,22.95
2024-06-25 08:00:00,3.2937,76.71,23.29
2024-06-25 09:00:00,3.2827,76.65,23.35
2024-06-25 10:00:00,3.1789,76.07,23.93
2024-06-25 11:00:00,3.1186,75.72,24.28
2024-06-25 12:00:00,2.9714,74.82,25.18
2024-06-25 13:00:00,2.9479,74.67,25.33
2024-06-25 14:00:00,2.8358,73.93,26.07
2024-06-25 15:00:00,2.8402,73.96,26.04
2024-06-25 16:00:00,2.8565,74.07,25.93
2024-06-25 17:00:00,2.7908,73.62,26.38
2024-06-25 18:00:00,2.73,73.19,26.81
2024-06-25 19:00:00,2.7189,73.11,26.89
2024-06-25 20:00:00,2.7369,73.24,26.76
2024-06-25 21:00:00,2.592,72.16,27.84
2024-06-25 22:00:00,2.6075,72.28,27.72
2024-06-25 23:00:00,2.6179,72.36,27.64
2024-06-26 00:00:00,2.7411,73.27,26.73
2024-06-26 01:00:00,2.6443,72.56,27.44
2024-06-26 02:00:00,2.6284,72.44,27.56
2024-06-26 03:00:00,2.6206,72.38,27.62
2024-06-26 04:00:00,2.6075,72.28,27.72
2024-06-26 05:00:00,2.5932,72.17,27.83
2024-06-26 06:00:00,2.5958,72.19,27.81
2024-06-26 07:00:00,2.5549,71.87,28.13
2024-06-26 08:00:00,2.5702,71.99,28.01
2024-06-26 09:00:00,2.5236,71.62,28.38
2024-06-26 10:00:00,2.5026,71.45,28.55
2024-06-26 11:00:00,2.4892,71.34,28.66
2024-06-26 12:00:00,2.4423,70.95,29.05
2024-06-26 13:00:00,2.4471,70.99,29.01
2024-06-26 14:00:00,2.4807,71.27,28.73
2024-06-26 15:00:00,2.413,70.7,29.3
2024-06-26 16:00:00,2.3829,70.44,29.56
2024-06-26 17:00:00,2.3523,70.17,29.83
2024-06-26 18:00:00,2.3807,70.42,29.58
2024-06-26 19:00:00,2.3512,70.16,29.84
2024-06-26 20:00:00,2.4831,71.29,28.71
2024-06-26 21:00:00,2.4211,70.77,29.23
2024-06-26 22:00:00,2.471,71.19,28.81
2024-06-26 23:00:00,2.465,71.14,28.86
2024-06-27 00:00:00,2.453,71.04,28.96
2024-06-27 01:00:00,2.4435,70.96,29.04
2024-06-27 02:00:00,2.5236,71.62,28.38
2024-06-27 03:00:00,2.5829,72.09,27.91
2024-06-27 04:00:00,2.5842,72.1,27.9
2024-06-27 05:00:00,2.5855,72.11,27.89
2024-06-27 06:00:00,2.5984,72.21,27.79
2024-06-27 07:00:00,2.6643,72.71,27.29
2024-06-27 08:00:00,2.7244,73.15,26.85
2024-06-27 09:00:00,2.723,73.14,26.86
2024-06-27 10:00:00,2.7425,73.28,26.72
2024-06-27 11:00:00,2.7793,73.54,26.46
2024-06-27 12:00:00,2.7397,73.26,26.74
2024-06-27 13:00:00,2.7147,73.08,26.92
2024-06-27 14:00:00,2.7244,73.15,26.85
2024-06-27 15:00:00,2.7244,73.15,26.85
2024-06-27 16:00:00,2.7369,73.24,26.76
2024-06-27 17:00:00,2.6324,72.47,27.53
2024-06-27 18:00:00,2.6114,72.31,27.69
2024-06-27 19:00:00,2.6417,72.54,27.46
2024-06-27 20:00:00,2.5562,71.88,28.12
2024-06-27 21:00:00,2.3715,70.34,29.66
2024-06-27 22:00:00,2.4722,71.2,28.8
2024-06-27 23:00:00,2.5298,71.67,28.33
2024-06-28 00:00:00,2.5323,71.69,28.31
2024-06-28 01:00:00,2.5174,71.57,28.43
2024-06-28 02:00:00,2.5373,71.73,28.27
2024-06-28 03:00:00,2.5689,71.98,28.02
2024-06-28 04:00:00,2.5907,72.15,27.85
2024-06-28 05:00:00,2.5894,72.14,27.86
2024-06-28 06:00:00,2.5791,72.06,27.94
2024-06-28 07:00:00,2.5638,71.94,28.06
2024-06-28 08:00:00,2.5587,71.9,28.1
2024-06-28 09:00:00,2.5537,71.86,28.14
2024-06-28 10:00:00,2.5448,71.79,28.21
2024-06-28 11:00:00,2.5486,71.82,28.18
2024-06-28 12:00:00,2.5511,71.84,28.16
2024-06-28 13:00:00,2.5174,71.57,28.43
2024-06-28 14:00:00,2.4941,71.38,28.62
2024-06-28 15:00:00,2.5587,71.9,28.1
2024-06-28 16:00:00,2.5868,72.12,27.88
2024-06-28 17:00:00,2.592,72.16,27.84
2024-06-28 18:00:00,2.5791,72.06,27.94
2024-06-28 19:00:00,2.6127,72.32,27.68
2024-06-28 20:00:00,2.6603,72.68,27.32
2024-06-28 21:00:00,2.758,73.39,26.61
2024-06-28 22:00:00,2.8565,74.07,25.93
2024-06-28 23:00:00,2.8447,73.99,26.01
2024-06-29 00:00:00,2.8655,74.13,25.87
2024-06-29 01:00:00,2.9063,74.4,25.6
2024-06-29 02:00:00,2.9448,74.65,25.35
2024-06-29 03:00:00,3.0209,75.13,24.87
2024-06-29 04:00:00,3.0617,75.38,24.62
2024-06-29 05:00:00,3.0883,75.54,24.46
2024-06-29 06:00:00,3.1203,75.73,24.27
2024-06-29 07:00:00,3.1152,75.7,24.3
2024-06-29 08:00:00,3.1169,75.71,24.29
2024-06-29 09:00:00,3.0552,75.34,24.66
2024-06-29 10:00:00,3.0552,75.34,24.66
2024-06-29 11:00:00,3.0437,75.27,24.73
2024-06-29 12:00:00,3.0404,75.25,24.75
2024-06-29 13:00:00,3.0552,75.34,24.66
2024-06-29 14:00:00,2.9293,74.55,25.45
2024-06-29 15:00:00,2.8911,74.3,25.7
2024-06-29 16:00:00,2.8805,74.23,25.77
2024-06-29 17:00:00,2.9002,74.36,25.64
2024-06-29 18:00:00,2.811,73.76,26.24
2024-06-29 19:00:00,2.7552,73.37,26.63
2024-06-29 20:00:00,2.7189,73.11,26.89
2024-06-29 21:00:00,2.643,72.55,27.45
2024-06-29 22:00:00,2.6271,72.43,27.57
2024-06-29 23:00:00,2.601,72.23,27.77
2024-06-30 00:00:00,2.5907,72.15,27.85
2024-06-30 01:00:00,2.5638,71.94,28.06
2024-06-30 02:00:00,2.5524,71.85,28.15
2024-06-30 03:00:00,2.5524,71.85,28.15
2024-06-30 04:00:00,2.5411,71.76,28.24
2024-06-30 05:00:00,2.5273,71.65,28.35
2024-06-30 06:00:00,2.5211,71.6,28.4
2024-06-30 07:00:00,2.5411,71.76,28.24
2024-06-30 08:00:00,2.5461,71.8,28.2
2024-06-30 09:00:00,2.5261,71.64,28.36
2024-06-30 10:00:00,2.5286,71.66,28.34
2024-06-30 11:00:00,2.5261,71.64,28.36
2024-06-30 12:00:00,2.5386,71.74,28.26
2024-06-30 13:00:00,2.5881,72.13,27.87
2024-06-30 14:00:00,2.4507,71.02,28.98
2024-06-30 15:00:00,2.4783,71.25,28.75
2024-06-30 16:00:00,2.4471,70.99,29.01
2024-06-30 17:00:00,2.4118,70.69,29.31
2024-06-30 18:00:00,2.3921,70.52,29.48
2024-06-30 19:00:00,2.3944,70.54,29.46
2024-06-30 20:00:00,2.3921,70.52,29.48
2024-06-30 21:00:00,2.3591,70.23,29.77
2024-06-30 22:00:00,2.3467,70.12,29.88
2024-06-30 23:00:00,2.3322,69.99,30.01
2024-07-01 00:00:00,2.3568,70.21,29.79
2024-07-01 01:00:00,2.406,70.64,29.36
2024-07-01 02:00:00,2.3378,70.04,29.96
2024-07-01 03:00:00,2.3014,69.71,30.29
2024-07-01 04:00:00,2.2765,69.48,30.52
2024-07-01 05:00:00,2.2595,69.32,30.68
2024-07-01 06:00:00,2.1827,68.58,31.42
2024-07-01 07:00:00,2.1949,68.7,31.3
2024-07-01 08:00:00,2.1114,67.86,32.14
2024-07-01 09:00:00,2.06,67.32,32.68
2024-07-01 10:00:00,2.0248,66.94,33.06
2024-07-01 11:00:00,2.013,66.81,33.19
2024-07-01 12:00:00,2.0312,67.01,32.99
2024-07-01 13:00:00,2.0111,66.79,33.21
2024-07-01 14:00:00,1.9904,66.56,33.44
2024-07-01 15:00:00,1.9542,66.15,33.85
2024-07-01 16:00:00,1.994,66.6,33.4
2024-07-01 17:00:00,1.9833,66.48,33.52
2024-07-01 18:00:00,1.9568,66.18,33.82
2024-07-01 19:00:00,2.0845,67.58,32.42
2024-07-01 20:00:00,2.0276,66.97,33.03
2024-07-01 21:00:00,2.013,66.81,33.19
2024-07-01 22:00:00,2.0441,67.15,32.85
2024-07-01 23:00:00,2.0057,66.73,33.27
2024-07-02 00:00:00,1.9842,66.49,33.51
2024-07-02 01:00:00,1.8827,65.31,34.69
2024-07-02 02:00:00,1.886,65.35,34.65
2024-07-02 03:00:00,1.8678,65.13,34.87
2024-07-02 04:00:00,1.8571,65,35
2024-07-02 05:00:00,1.8588,65.02,34.98
2024-07-02 06:00:00,1.8555,64.98,35.02
2024-07-02 07:00:00,1.8703,65.16,34.84
2024-07-02 08:00:00,1.862,65.06,34.94
2024-07-02 09:00:00,1.8902,65.4,34.6
2024-07-02 10:00:00,1.9343,65.92,34.08
2024-07-02 11:00:00,1.9214,65.77,34.23
2024-07-02 12:00:00,1.9206,65.76,34.24
2024-07-02 13:00:00,1.8986,65.5,34.5
2024-07-02 14:00:00,1.9317,65.89,34.11
2024-07-02 15:00:00,1.9806,66.45,33.55
2024-07-02 16:00:00,2.0102,66.78,33.22
2024-07-02 17:00:00,2.0544,67.26,32.74
2024-07-02 18:00:00,2.0713,67.44,32.56
2024-07-02 19:00:00,2.096,67.7,32.3
2024-07-02 20:00:00,2.0989,67.73,32.27
2024-07-02 21:00:00,2.3636,70.27,29.73
2024-07-02 22:00:00,2.4294,70.84,29.16
2024-07-02 23:00:00,2.4831,71.29,28.71
2024-07-03 00:00:00,2.5537,71.86,28.14
2024-07-03 01:00:00,2.5461,71.8,28.2
2024-07-03 02:00:00,2.5075,71.49,28.51
2024-07-03 03:00:00,2.5273,71.65,28.35
2024-07-03 04:00:00,2.56,71.91,28.09
2024-07-03 05:00:00,2.5997,72.22,27.78
2024-07-03 06:00:00,2.6298,72.45,27.55
2024-07-03 07:00:00,2.6258,72.42,27.58
2024-07-03 08:00:00,2.6049,72.26,27.74
2024-07-03 09:00:00,2.663,72.7,27.3
2024-07-03 10:00:00,2.8565,74.07,25.93
2024-07-03 11:00:00,2.92,74.49,25.51
2024-07-03 12:00:00,3.0519,75.32,24.68
2024-07-03 13:00:00,3.0502,75.31,24.69
2024-07-03 14:00:00,3.065,75.4,24.6
2024-07-03 15:00:00,3.0437,75.27,24.73
2024-07-03 16:00:00,3.1356,75.82,24.18
2024-07-03 17:00:00,3.2644,76.55,23.45
2024-07-03 18:00:00,3.1982,76.18,23.82
2024-07-03 19:00:00,3.1237,75.75,24.25
2024-07-03 20:00:00,3.2808,76.64,23.36
2024-07-03 21:00:00,3.1494,75.9,24.1
2024-07-03 22:00:00,3.2699,76.58,23.42
2024-07-03 23:00:00,3.2644,76.55,23.45
2024-07-04 00:00:00,3.2373,76.4,23.6
2024-07-04 01:00:00,3.2391,76.41,23.59
2024-07-04 02:00:00,3.2141,76.27,23.73
2024-07-04 03:00:00,3.2535,76.49,23.51
2024-07-04 04:00:00,3.3898,77.22,22.78
2024-07-04 05:00:00,3.3764,77.15,22.85
2024-07-04 06:00:00,3.2499,76.47,23.53
2024-07-04 07:00:00,3.3011,76.75,23.25
2024-07-04 08:00:00,3.2974,76.73,23.27
2024-07-04 09:00:00,3.4228,77.39,22.61
2024-07-04 10:00:00,3.4131,77.34,22.66
2024-07-04 11:00:00,3.344,76.98,23.02
2024-07-04 12:00:00,3.3066,76.78,23.22
2024-07-04 13:00:00,3.2301,76.36,23.64
2024-07-04 14:00:00,3.1135,75.69,24.31
2024-07-04 15:00:00,3.2608,76.53,23.47
2024-07-04 16:00:00,3.2409,76.42,23.58
2024-07-04 17:00:00,3.2159,76.28,23.72
2024-07-04 18:00:00,3.1771,76.06,23.94
2024-07-04 19:00:00,3.095,75.58,24.42
2024-07-04 20:00:00,3.1632,75.98,24.02
2024-07-04 21:00:00,3.1667,76,24
2024-07-04 22:00:00,3.3497,77.01,22.99
2024-07-04 23:00:00,3.3365,76.94,23.06
2024-07-05 00:00:00,3.2644,76.55,23.45
2024-07-05 01:00:00,3.1789,76.07,23.93
2024-07-05 02:00:00,3.2827,76.65,23.35
2024-07-05 03:00:00,3.2517,76.48,23.52
2024-07-05 04:00:00,3.2626,76.54,23.46
2024-07-05 05:00:00,3.1876,76.12,23.88
2024-07-05 06:00:00,3.1982,76.18,23.82
2024-07-05 07:00:00,3.1169,75.71,24.29
2024-07-05 08:00:00,3.095,75.58,24.42
2024-07-05 09:00:00,2.8226,73.84,26.16
2024-07-05 10:00:00,2.8052,73.72,26.28
2024-07-05 11:00:00,2.643,72.55,27.45
2024-07-05 12:00:00,2.7608,73.41,26.59
2024-07-05 13:00:00,2.6193,72.37,27.63
2024-07-05 14:00:00,2.5971,72.2,27.8
2024-07-05 15:00:00,2.614,72.33,27.67
2024-07-05 16:00:00,2.6232,72.4,27.6
2024-07-05 17:00:00,2.7608,73.41,26.59
2024-07-05 18:00:00,2.8926,74.31,25.69
2024-07-05 19:00:00,2.69,72.9,27.1
2024-07-05 20:00:00,2.6914,72.91,27.09
2024-07-05 21:00:00,2.6127,72.32,27.68
2024-07-05 22:00:00,2.5663,71.96,28.04
2024-07-05 23:00:00,2.4807,71.27,28.73
2024-07-06 00:00:00,2.459,71.09,28.91
2024-07-06 01:00:00,2.4095,70.67,29.33
2024-07-06 02:00:00,2.3715,70.34,29.66
2024-07-06 03:00:00,2.3568,70.21,29.79
2024-07-06 04:00:00,2.3625,70.26,29.74
2024-07-06 05:00:00,2.3434,70.09,29.91
2024-07-06 06:00:00,2.3512,70.16,29.84
2024-07-06 07:00:00,2.3501,70.15,29.85
2024-07-06 08:00:00,2.2895,69.6,30.4
2024-07-06 09:00:00,2.2862,69.57,30.43
2024-07-06 10:00:00,2.2626,69.35,30.65
2024-07-06 11:00:00,2.2072,68.82,31.18
2024-07-06 12:00:00,2.2,68.75,31.25
2024-07-06 13:00:00,2.2457,69.19,30.81
2024-07-06 14:00:00,2.2765,69.48,30.52
2024-07-06 15:00:00,2.2916,69.62,30.38
2024-07-06 16:00:00,2.2949,69.65,30.35
2024-07-06 17:00:00,2.2637,69.36,30.64
2024-07-06 18:00:00,2.2489,69.22,30.78
2024-07-06 19:00:00,2.2258,69,31
2024-07-06 20:00:00,2.3647,70.28,29.72
2024-07-06 21:00:00,2.3818,70.43,29.57
2024-07-06 22:00:00,2.3311,69.98,30.02
2024-07-06 23:00:00,2.3146,69.83,30.17
2024-07-07 00:00:00,2.2765,69.48,30.52
2024-07-07 01:00:00,2.2446,69.18,30.82
2024-07-07 02:00:00,2.2352,69.09,30.91
2024-07-07 03:00:00,2.2648,69.37,30.63
2024-07-07 04:00:00,2.2457,69.19,30.81
2024-07-07 05:00:00,2.2383,69.12,30.88
2024-07-07 06:00:00,2.231,69.05,30.95
2024-07-07 07:00:00,2.1878,68.63,31.37
2024-07-07 08:00:00,2.1387,68.14,31.86
2024-07-07 09:00:00,2.1143,67.89,32.11
2024-07-07 10:00:00,2.1095,67.84,32.16
2024-07-07 11:00:00,1.9533,66.14,33.86
2024-07-07 12:00:00,1.9806,66.45,33.55
2024-07-07 13:00:00,1.9895,66.55,33.45
2024-07-07 14:00:00,2.0211,66.9,33.1
2024-07-07 15:00:00,2.013,66.81,33.19
2024-07-07 16:00:00,2.0285,66.98,33.02
2024-07-07 17:00:00,2.046,67.17,32.83
2024-07-07 18:00:00,2.0377,67.08,32.92
2024-07-07 19:00:00,2.0525,67.24,32.76
2024-07-07 20:00:00,2.0202,66.89,33.11
2024-07-07 21:00:00,2.0534,67.25,32.75
2024-07-07 22:00:00,2.1133,67.88,32.12
2024-07-07 23:00:00,2.1786,68.54,31.46
2024-07-08 00:00:00,2.1756,68.51,31.49
2024-07-08 01:00:00,2.1676,68.43,31.57
2024-07-08 02:00:00,2.1636,68.39,31.61
2024-07-08 03:00:00,2.1766,68.52,31.48
2024-07-08 04:00:00,2.1496,68.25,31.75
2024-07-08 05:00:00,2.1104,67.85,32.15
2024-07-08 06:00:00,2.124,67.99,32.01
2024-07-08 07:00:00,2.1328,68.08,31.92
2024-07-08 08:00:00,2.3356,70.02,29.98
2024-07-08 09:00:00,2.3693,70.32,29.68
2024-07-08 10:00:00,2.3289,69.96,30.04
2024-07-08 11:00:00,2.4106,70.68,29.32
2024-07-08 12:00:00,2.406,70.64,29.36
2024-07-08 13:00:00,2.4083,70.66,29.34
2024-07-08 14:00:00,2.3693,70.32,29.68
2024-07-08 15:00:00,2.3333,70,30
2024-07-08 16:00:00,2.1427,68.18,31.82
2024-07-08 17:00:00,2.1046,67.79,32.21
2024-07-08 18:00:00,2.2031,68.78,31.22
2024-07-08 19:00:00,2.2541,69.27,30.73
2024-07-08 20:00:00,2.2268,69.01,30.99
2024-07-08 21:00:00,2.3693,70.32,29.68
2024-07-08 22:00:00,2.2468,69.2,30.8
2024-07-08 23:00:00,2.2906,69.61,30.39
2024-07-09 00:00:00,2.367,70.3,29.7
2024-07-09 01:00:00,2.3333,70,30
2024-07-09 02:00:00,2.319,69.87,30.13
2024-07-09 03:00:00,2.3091,69.78,30.22
2024-07-09 04:00:00,2.3602,70.24,29.76
2024-07-09 05:00:00,2.4153,70.72,29.28
2024-07-09 06:00:00,2.4083,70.66,29.34
2024-07-09 07:00:00,2.3245,69.92,30.08
2024-07-09 08:00:00,2.3921,70.52,29.48
2024-07-09 09:00:00,2.3146,69.83,30.17
2024-07-09 10:00:00,2.3156,69.84,30.16
2024-07-09 11:00:00,2.2196,68.94,31.06
2024-07-09 12:00:00,2.1786,68.54,31.46
2024-07-09 13:00:00,2.1878,68.63,31.37
2024-07-09 14:00:00,2.0893,67.63,32.37
2024-07-09 15:00:00,1.9438,66.03,33.97
2024-07-09 16:00:00,1.942,66.01,33.99
2024-07-09 17:00:00,1.9223,65.78,34.22
2024-07-09 18:00:00,1.9334,65.91,34.09
2024-07-09 19:00:00,1.8944,65.45,34.55
2024-07-09 20:00:00,1.8727,65.19,34.81
2024-07-09 21:00:00,1.8719,65.18,34.82
2024-07-09 22:00:00,1.8827,65.31,34.69
2024-07-09 23:00:00,1.8003,64.29,35.71
2024-07-10 00:00:00,1.7902,64.16,35.84
2024-07-10 01:00:00,1.7525,63.67,36.33
2024-07-10 02:00:00,1.7548,63.7,36.3
2024-07-10 03:00:00,1.745,63.57,36.43
2024-07-10 04:00:00,1.7218,63.26,36.74
2024-07-10 05:00:00,1.7027,63,37
2024-07-10 06:00:00,1.6925,62.86,37.14
2024-07-10 07:00:00,1.7027,63,37
2024-07-10 08:00:00,1.6918,62.85,37.15
2024-07-10 09:00:00,1.6874,62.79,37.21
2024-07-10 10:00:00,1.6267,61.93,38.07
2024-07-10 11:00:00,1.6434,62.17,37.83
2024-07-10 12:00:00,1.5681,61.06,38.94
2024-07-10 13:00:00,1.5634,60.99,39.01
2024-07-10 14:00:00,1.5419,60.66,39.34
2024-07-10 15:00:00,1.5674,61.05,38.95
2024-07-10 16:00:00,1.5974,61.5,38.5
2024-07-10 17:00:00,1.681,62.7,37.3
2024-07-10 18:00:00,1.6983,62.94,37.06
2024-07-10 19:00:00,1.8019,64.31,35.69
2024-07-10 20:00:00,1.8531,64.95,35.05
2024-07-10 21:00:00,1.8977,65.49,34.51
2024-07-10 22:00:00,1.9869,66.52,33.48
2024-07-10 23:00:00,1.9886,66.54,33.46
2024-07-11 00:00:00,2.0003,66.67,33.33
2024-07-11 01:00:00,2.0039,66.71,33.29
2024-07-11 02:00:00,1.9851,66.5,33.5
2024-07-11 03:00:00,1.9542,66.15,33.85
2024-07-11 04:00:00,1.9976,66.64,33.36
2024-07-11 05:00:00,2.0479,67.19,32.81
2024-07-11 06:00:00,2.0769,67.5,32.5
2024-07-11 07:00:00,2.0675,67.4,32.6
2024-07-11 08:00:00,2.0855,67.59,32.41
2024-07-11 09:00:00,2.0826,67.56,32.44
2024-07-11 10:00:00,2.0488,67.2,32.8
2024-07-11 11:00:00,2.0358,67.06,32.94
2024-07-11 12:00:00,1.9727,66.36,33.64
2024-07-11 13:00:00,1.9394,65.98,34.02
2024-07-11 14:00:00,1.9155,65.7,34.3
2024-07-11 15:00:00,1.8433,64.83,35.17
2024-07-11 16:00:00,1.8377,64.76,35.24
2024-07-11 17:00:00,1.8498,64.91,35.09
2024-07-11 18:00:00,1.8401,64.79,35.21
2024-07-11 19:00:00,1.742,63.53,36.47
2024-07-11 20:00:00,1.702,62.99,37.01
2024-07-11 21:00:00,1.896,65.47,34.53
2024-07-11 22:00:00,1.9223,65.78,34.22
2024-07-11 23:00:00,1.9472,66.07,33.93
2024-07-12 00:00:00,1.942,66.01,33.99
2024-07-12 01:00:00,1.9394,65.98,34.02
2024-07-12 02:00:00,1.9386,65.97,34.03
2024-07-12 03:00:00,1.9568,66.18,33.82
2024-07-12 04:00:00,1.9551,66.16,33.84
2024-07-12 05:00:00,1.9753,66.39,33.61
2024-07-12 06:00:00,1.9472,66.07,33.93
2024-07-12 07:00:00,1.9842,66.49,33.51
2024-07-12 08:00:00,2.0202,66.89,33.11
2024-07-12 09:00:00,1.9931,66.59,33.41
2024-07-12 10:00:00,1.9771,66.41,33.59
2024-07-12 11:00:00,1.9869,66.52,33.48
2024-07-12 12:00:00,1.9833,66.48,33.52
2024-07-12 13:00:00,2.0066,66.74,33.26
2024-07-12 14:00:00,2.0404,67.11,32.89
2024-07-12 15:00:00,1.9931,66.59,33.41
2024-07-12 16:00:00,2.0221,66.91,33.09
2024-07-12 17:00:00,2.0239,66.93,33.07
2024-07-12 18:00:00,1.9949,66.61,33.39
2024-07-12 19:00:00,1.9797,66.44,33.56
2024-07-12 20:00:00,1.918,65.73,34.27
2024-07-12 21:00:00,1.8482,64.89,35.11
2024-07-12 22:00:00,1.8209,64.55,35.45
2024-07-12 23:00:00,1.7647,63.83,36.17
2024-07-13 00:00:00,1.7086,63.08,36.92
2024-07-13 01:00:00,1.6802,62.69,37.31
2024-07-13 02:00:00,1.727,63.33,36.67
2024-07-13 03:00:00,1.8645,65.09,34.91
2024-07-13 04:00:00,1.8596,65.03,34.97
2024-07-13 05:00:00,1.881,65.29,34.71
2024-07-13 06:00:00,1.9155,65.7,34.3
2024-07-13 07:00:00,1.8994,65.51,34.49
2024-07-13 08:00:00,1.9061,65.59,34.41
2024-07-13 09:00:00,1.8977,65.49,34.51
2024-07-13 10:00:00,1.8918,65.42,34.58
2024-07-13 11:00:00,1.8794,65.27,34.73
2024-07-13 12:00:00,1.9078,65.61,34.39
2024-07-13 13:00:00,1.8835,65.32,34.68
2024-07-13 14:00:00,1.8802,65.28,34.72
2024-07-13 15:00:00,1.8393,64.78,35.22
2024-07-13 16:00:00,1.7488,63.62,36.38
2024-07-13 17:00:00,1.6337,62.03,37.97
2024-07-13 18:00:00,1.6406,62.13,37.87
2024-07-13 19:00:00,1.6021,61.57,38.43
2024-07-13 20:00:00,1.5517,60.81,39.19
2024-07-13 21:00:00,1.5432,60.68,39.32
2024-07-13 22:00:00,1.5272,60.43,39.57
2024-07-13 23:00:00,1.4944,59.91,40.09
2024-07-14 00:00:00,1.5031,60.05,39.95
2024-07-14 01:00:00,1.4882,59.81,40.19
2024-07-14 02:00:00,1.4975,59.96,40.04
2024-07-14 03:00:00,1.4882,59.81,40.19
2024-07-14 04:00:00,1.4888,59.82,40.18
2024-07-14 05:00:00,1.4716,59.54,40.46
2024-07-14 06:00:00,1.4085,58.48,41.52
2024-07-14 07:00:00,1.405,58.42,41.58
2024-07-14 08:00:00,1.3781,57.95,42.05
2024-07-14 09:00:00,1.3535,57.51,42.49
2024-07-14 10:00:00,1.3529,57.5,42.5
2024-07-14 11:00:00,1.3518,57.48,42.52
2024-07-14 12:00:00,1.3089,56.69,43.31
2024-07-14 13:00:00,1.2941,56.41,43.59
2024-07-14 14:00:00,1.2999,56.52,43.48
2024-07-14 15:00:00,1.2784,56.11,43.89
2024-07-14 16:00:00,1.2722,55.99,44.01
2024-07-14 17:00:00,1.2247,55.05,44.95
2024-07-14 18:00:00,1.2467,55.49,44.51
2024-07-14 19:00:00,1.1887,54.31,45.69
2024-07-14 20:00:00,1.2302,55.16,44.84
2024-07-14 21:00:00,1.2738,56.02,43.98
2024-07-14 22:00:00,1.2619,55.79,44.21
2024-07-14 23:00:00,1.2477,55.51,44.49
2024-07-15 00:00:00,1.2262,55.08,44.92
2024-07-15 01:00:00,1.2207,54.97,45.03
2024-07-15 02:00:00,1.2119,54.79,45.21
2024-07-15 03:00:00,1.2247,55.05,44.95
2024-07-15 04:00:00,1.3116,56.74,43.26
2024-07-15 05:00:00,1.2999,56.52,43.48
2024-07-15 06:00:00,1.2952,56.43,43.57
2024-07-15 07:00:00,1.3148,56.8,43.2
2024-07-15 08:00:00,1.331,57.1,42.9
2024-07-15 09:00:00,1.2857,56.25,43.75
2024-07-15 10:00:00,1.2351,55.26,44.74
2024-07-15 11:00:00,1.1768,54.06,45.94
2024-07-15 12:00:00,1.1758,54.04,45.96
2024-07-15 13:00:00,1.1538,53.57,46.43
2024-07-15 14:00:00,1.1322,53.1,46.9
2024-07-15 15:00:00,1.111,52.63,47.37
2024-07-15 16:00:00,1.0825,51.98,48.02
2024-07-15 17:00:00,1.0534,51.3,48.7
2024-07-15 18:00:00,1.0704,51.7,48.3
2024-07-15 19:00:00,1.0855,52.05,47.95
2024-07-15 20:00:00,1.0881,52.11,47.89
2024-07-15 21:00:00,1.0747,51.8,48.2
2024-07-15 22:00:00,1.0538,51.31,48.69
2024-07-15 23:00:00,1.0738,51.78,48.22
2024-07-16 00:00:00,1.058,51.41,48.59
2024-07-16 01:00:00,1.0653,51.58,48.42
2024-07-16 02:00:00,1.0825,51.98,48.02
2024-07-16 03:00:00,1.0593,51.44,48.56
2024-07-16 04:00:00,1.0504,51.23,48.77
2024-07-16 05:00:00,1.1286,53.02,46.98
2024-07-16 06:00:00,1.1386,53.24,46.76
2024-07-16 07:00:00,1.1155,52.73,47.27
2024-07-16 08:00:00,1.107,52.54,47.46
2024-07-16 09:00:00,1.0825,51.98,48.02
2024-07-16 10:00:00,1.0708,51.71,48.29
2024-07-16 11:00:00,1.0392,50.96,49.04
2024-07-16 12:00:00,1.0509,51.24,48.76
2024-07-16 13:00:00,1.0619,51.5,48.5
2024-07-16 14:00:00,1.1097,52.6,47.4
2024-07-16 15:00:00,1.1763,54.05,45.95
2024-07-16 16:00:00,1.265,55.85,44.15
2024-07-16 17:00:00,1.3041,56.6,43.4
2024-07-16 18:00:00,1.2533,55.62,44.38
2024-07-16 19:00:00,1.192,54.38,45.62
2024-07-16 20:00:00,1.1844,54.22,45.78
2024-07-16 21:00:00,1.1954,54.45,45.55
2024-07-16 22:00:00,1.139,53.25,46.75
2024-07-16 23:00:00,1.1327,53.11,46.89
2024-07-17 00:00:00,1.1636,53.78,46.22
2024-07-17 01:00:00,1.1395,53.26,46.74
2024-07-17 02:00:00,1.1128,52.67,47.33
2024-07-17 03:00:00,1.0859,52.06,47.94
2024-07-17 04:00:00,1.0838,52.01,47.99
2024-07-17 05:00:00,1.0916,52.19,47.81
2024-07-17 06:00:00,1.079,51.9,48.1
2024-07-17 07:00:00,1.0786,51.89,48.11
2024-07-17 08:00:00,1.0713,51.72,48.28
2024-07-17 09:00:00,1.0471,51.15,48.85
2024-07-17 10:00:00,1.061,51.48,48.52
2024-07-17 11:00:00,1.0342,50.84,49.16
2024-07-17 12:00:00,1.028,50.69,49.31
2024-07-17 13:00:00,1.0125,50.31,49.69
2024-07-17 14:00:00,1.0004,50.01,49.99
2024-07-17 15:00:00,1.0404,50.99,49.01
2024-07-17 16:00:00,1.0683,51.65,48.35
2024-07-17 17:00:00,1.0687,51.66,48.34
2024-07-17 18:00:00,1.0644,51.56,48.44
2024-07-17 19:00:00,1.0991,52.36,47.64
2024-07-17 20:00:00,1.1372,53.21,46.79
2024-07-17 21:00:00,1.1622,53.75,46.25
2024-07-17 22:00:00,1.1711,53.94,46.06
2024-07-17 23:00:00,1.1758,54.04,45.96
2024-07-18 00:00:00,1.2017,54.58,45.42
2024-07-18 01:00:00,1.2178,54.91,45.09
2024-07-18 02:00:00,1.2158,54.87,45.13
2024-07-18 03:00:00,1.1978,54.5,45.5
2024-07-18 04:00:00,1.1944,54.43,45.57
2024-07-18 05:00:00,1.1915,54.37,45.63
2024-07-18 06:00:00,1.1906,54.35,45.65
2024-07-18 07:00:00,1.2056,54.66,45.34
2024-07-18 08:00:00,1.2075,54.7,45.3
2024-07-18 09:00:00,1.2104,54.76,45.24
2024-07-18 10:00:00,1.2173,54.9,45.1
2024-07-18 11:00:00,1.1949,54.44,45.56
2024-07-18 12:00:00,1.1683,53.88,46.12
2024-07-18 13:00:00,1.1687,53.89,46.11
2024-07-18 14:00:00,1.1519,53.53,46.47
2024-07-18 15:00:00,1.1706,53.93,46.07
2024-07-18 16:00:00,1.1631,53.77,46.23
2024-07-18 17:00:00,1.1552,53.6,46.4
2024-07-18 18:00:00,1.1608,53.72,46.28
2024-07-18 19:00:00,1.157,53.64,46.36
2024-07-18 20:00:00,1.1687,53.89,46.11
2024-07-18 21:00:00,1.2604,55.76,44.24
2024-07-18 22:00:00,1.2967,56.46,43.54
2024-07-18 23:00:00,1.3568,57.57,42.43
2024-07-19 00:00:00,1.3364,57.2,42.8
2024-07-19 01:00:00,1.3496,57.44,42.56
2024-07-19 02:00:00,1.3463,57.38,42.62
2024-07-19 03:00:00,1.368,57.77,42.23
2024-07-19 04:00:00,1.3669,57.75,42.25
2024-07-19 05:00:00,1.3838,58.05,41.95
2024-07-19 06:00:00,1.3821,58.02,41.98
2024-07-19 07:00:00,1.3441,57.34,42.66
2024-07-19 08:00:00,1.3635,57.69,42.31
2024-07-19 09:00:00,1.3337,57.15,42.85
2024-07-19 10:00:00,1.3529,57.5,42.5
2024-07-19 11:00:00,1.3148,56.8,43.2
2024-07-19 12:00:00,1.3063,56.64,43.36
2024-07-19 14:00:00,1.2967,56.46,43.54
2024-07-19 14:00:00,1.2967,56.46,43.54
2024-07-19 16:00:00,1.337,57.21,42.79
2024-07-19 16:00:00,1.337,57.21,42.79
2024-07-19 17:00:00,1.2712,55.97,44.03
2024-07-19 18:00:00,1.2533,55.62,44.38
2024-07-19 19:00:00,1.2075,54.7,45.3
2024-07-19 20:00:00,1.1725,53.97,46.03
2024-07-19 21:00:00,1.067,51.62,48.38
2024-07-19 22:00:00,1.0259,50.64,49.36
2024-07-19 23:00:00,0.9956,49.89,50.11
2024-07-20 00:00:00,1.0004,50.01,49.99
2024-07-20 01:00:00,0.9643,49.09,50.91
2024-07-20 02:00:00,0.96,48.98,51.02
2024-07-20 03:00:00,0.9372,48.38,51.62
2024-07-20 04:00:00,0.9209,47.94,52.06
2024-07-20 05:00:00,0.8864,46.99,53.01
2024-07-20 06:00:00,0.8836,46.91,53.09
2024-07-20 07:00:00,0.8986,47.33,52.67
2024-07-20 08:00:00,0.9051,47.51,52.49
2024-07-20 09:00:00,0.912,47.7,52.3
2024-07-20 10:00:00,0.929,48.16,51.84
2024-07-20 11:00:00,0.9346,48.31,51.69
2024-07-20 12:00:00,0.9294,48.17,51.83
2024-07-20 13:00:00,0.9455,48.6,51.4
2024-07-20 14:00:00,0.9508,48.74,51.26
2024-07-20 15:00:00,0.9478,48.66,51.34
2024-07-20 16:00:00,0.9531,48.8,51.2
2024-07-20 17:00:00,0.9635,49.07,50.93
2024-07-20 18:00:00,0.9646,49.1,50.9
2024-07-20 19:00:00,0.972,49.29,50.71
2024-07-20 20:00:00,0.9728,49.31,50.69
2024-07-20 21:00:00,0.9877,49.69,50.31
2024-07-20 22:00:00,1.0044,50.11,49.89
2024-07-20 23:00:00,1.0088,50.22,49.78
2024-07-21 00:00:00,1.0239,50.59,49.41
2024-07-21 01:00:00,1.0084,50.21,49.79
2024-07-21 02:00:00,0.99,49.75,50.25
2024-07-21 03:00:00,0.9924,49.81,50.19
2024-07-21 04:00:00,0.979,49.47,50.53
2024-07-21 05:00:00,0.9704,49.25,50.75
2024-07-21 06:00:00,0.9747,49.36,50.64
2024-07-21 07:00:00,0.9643,49.09,50.91
2024-07-21 08:00:00,0.9616,49.02,50.98
2024-07-21 09:00:00,0.9631,49.06,50.94
2024-07-21 10:00:00,0.9554,48.86,51.14
2024-07-21 11:00:00,0.952,48.77,51.23
2024-07-21 12:00:00,0.9585,48.94,51.06
2024-07-21 13:00:00,0.944,48.56,51.44
2024-07-21 14:00:00,0.9646,49.1,50.9
2024-07-21 15:00:00,0.9732,49.32,50.68
2024-07-21 16:00:00,0.9948,49.87,50.13
2024-07-21 17:00:00,0.9822,49.55,50.45
2024-07-21 18:00:00,0.9849,49.62,50.38
2024-07-21 19:00:00,0.9877,49.69,50.31
2024-07-21 20:00:00,0.9841,49.6,50.4
2024-07-21 21:00:00,0.9873,49.68,50.32
2024-07-21 22:00:00,0.992,49.8,50.2
2024-07-21 23:00:00,0.9771,49.42,50.58
2024-07-22 00:00:00,1.0149,50.37,49.63
2024-07-22 01:00:00,1.0076,50.19,49.81
2024-07-22 02:00:00,1.0084,50.21,49.79
2024-07-22 03:00:00,1.0137,50.34,49.66
2024-07-22 04:00:00,1.0247,50.61,49.39
2024-07-22 05:00:00,1.0165,50.41,49.59
2024-07-22 06:00:00,1.0028,50.07,49.93
2024-07-22 07:00:00,1.002,50.05,49.95
2024-07-22 08:00:00,0.994,49.85,50.15
2024-07-22 09:00:00,0.979,49.47,50.53
2024-07-22 10:00:00,0.9658,49.13,50.87
2024-07-22 11:00:00,0.9771,49.42,50.58
2024-07-22 12:00:00,0.9782,49.45,50.55
2024-07-22 13:00:00,1.0129,50.32,49.68
2024-07-22 14:00:00,1.0371,50.91,49.09
2024-07-22 15:00:00,1.0479,51.17,48.83
2024-07-22 16:00:00,1.089,52.13,47.87
2024-07-22 17:00:00,1.116,52.74,47.26
2024-07-22 18:00:00,1.139,53.25,46.75
2024-07-22 19:00:00,1.1358,53.18,46.82
2024-07-22 20:00:00,1.1097,52.6,47.4
2024-07-22 21:00:00,1.1236,52.91,47.09
2024-07-22 22:00:00,1.1716,53.95,46.05
2024-07-22 23:00:00,1.1706,53.93,46.07
2024-07-23 00:00:00,1.1603,53.71,46.29
2024-07-23 01:00:00,1.1331,53.12,46.88
2024-07-23 02:00:00,1.0947,52.26,47.74
2024-07-23 03:00:00,1.053,51.29,48.71
2024-07-23 04:00:00,1.0525,51.28,48.72
2024-07-23 05:00:00,1.0521,51.27,48.73
2024-07-23 06:00:00,1.0538,51.31,48.69
2024-07-23 07:00:00,1.0593,51.44,48.56
2024-07-23 08:00:00,1.0513,51.25,48.75
2024-07-23 09:00:00,1.0568,51.38,48.62
2024-07-23 10:00:00,1.0433,51.06,48.94
2024-07-23 11:00:00,1.0429,51.05,48.95
2024-07-23 12:00:00,1.1436,53.35,46.65
2024-07-23 13:00:00,1.1716,53.95,46.05
2024-07-23 14:00:00,1.1763,54.05,45.95
2024-07-23 15:00:00,1.2153,54.86,45.14
2024-07-23 16:00:00,1.1997,54.54,45.46
2024-07-23 17:00:00,1.181,54.15,45.85
2024-07-23 18:00:00,1.1959,54.46,45.54
2024-07-23 19:00:00,1.2193,54.94,45.06
2024-07-23 20:00:00,1.2447,55.45,44.55
2024-07-23 21:00:00,1.1524,53.54,46.46
2024-07-23 22:00:00,1.2036,54.62,45.38
2024-07-23 23:00:00,1.2437,55.43,44.57
2024-07-24 00:00:00,1.3175,56.85,43.15
2024-07-24 01:00:00,1.3441,57.34,42.66
2024-07-24 02:00:00,1.3277,57.04,42.96
2024-07-24 03:00:00,1.3652,57.72,42.28
2024-07-24 04:00:00,1.3579,57.59,42.41
2024-07-24 05:00:00,1.3546,57.53,42.47
2024-07-24 06:00:00,1.3641,57.7,42.3
2024-07-24 07:00:00,1.3613,57.65,42.35
2024-07-24 08:00:00,1.3719,57.84,42.16
2024-07-24 09:00:00,1.4073,58.46,41.54
2024-07-24 10:00:00,1.3883,58.13,41.87
2024-07-24 11:00:00,1.3776,57.94,42.06
2024-07-24 12:00:00,1.4062,58.44,41.56
2024-07-24 13:00:00,1.4027,58.38,41.62
2024-07-24 14:00:00,1.3883,58.13,41.87
2024-07-24 15:00:00,1.4073,58.46,41.54
2024-07-24 16:00:00,1.3674,57.76,42.24
2024-07-24 17:00:00,1.3337,57.15,42.85
2024-07-24 18:00:00,1.2983,56.49,43.51
2024-07-24 19:00:00,1.2743,56.03,43.97
2024-07-24 20:00:00,1.2831,56.2,43.8
2024-07-24 21:00:00,1.2262,55.08,44.92
2024-07-24 22:00:00,1.2962,56.45,43.55
2024-07-24 23:00:00,1.317,56.84,43.16
2024-07-25 00:00:00,1.2952,56.43,43.57
2024-07-25 01:00:00,1.325,56.99,43.01
2024-07-25 02:00:00,1.3579,57.59,42.41
2024-07-25 03:00:00,1.3535,57.51,42.49
2024-07-25 04:00:00,1.381,58,42
2024-07-25 05:00:00,1.4033,58.39,41.61
2024-07-25 06:00:00,1.4546,59.26,40.74
2024-07-25 07:00:00,1.4863,59.78,40.22
2024-07-25 08:00:00,1.5394,60.62,39.38
2024-07-25 09:00:00,1.5569,60.89,39.11
2024-07-25 10:00:00,1.6178,61.8,38.2
2024-07-25 11:00:00,1.6925,62.86,37.14
2024-07-25 12:00:00,1.7255,63.31,36.69
2024-07-25 13:00:00,1.7525,63.67,36.33
2024-07-25 14:00:00,1.767,63.86,36.14
2024-07-25 15:00:00,1.7435,63.55,36.45
2024-07-25 16:00:00,1.736,63.45,36.55
2024-07-25 17:00:00,1.7739,63.95,36.05
2024-07-25 18:00:00,1.7678,63.87,36.13
2024-07-25 19:00:00,1.7533,63.68,36.32
2024-07-25 20:00:00,1.7345,63.43,36.57
2024-07-25 21:00:00,1.6399,62.12,37.88
2024-07-25 22:00:00,1.5641,61,39
2024-07-25 23:00:00,1.5497,60.78,39.22
2024-07-26 00:00:00,1.5253,60.4,39.6
2024-07-26 01:00:00,1.5088,60.14,39.86
2024-07-26 02:00:00,1.4988,59.98,40.02
2024-07-26 03:00:00,1.5031,60.05,39.95
2024-07-26 04:00:00,1.4284,58.82,41.18
2024-07-26 05:00:00,1.3518,57.48,42.52
2024-07-26 06:00:00,1.3392,57.25,42.75
2024-07-26 07:00:00,1.3299,57.08,42.92
2024-07-26 08:00:00,1.2789,56.12,43.88
2024-07-26 09:00:00,1.2558,55.67,44.33
2024-07-26 10:00:00,1.193,54.4,45.6
2024-07-26 11:00:00,1.1556,53.61,46.39
2024-07-26 12:00:00,1.1372,53.21,46.79
2024-07-26 13:00:00,1.1304,53.06,46.94
2024-07-26 14:00:00,1.1106,52.62,47.38
2024-07-26 15:00:00,1.1004,52.39,47.61
2024-07-26 16:00:00,1.0929,52.22,47.78
2024-07-26 17:00:00,1.0509,51.24,48.76
2024-07-26 18:00:00,1.0429,51.05,48.95
2024-07-26 19:00:00,1.0182,50.45,49.55
2024-07-26 20:00:00,1.0338,50.83,49.17
2024-07-26 21:00:00,1.0471,51.15,48.85
2024-07-26 22:00:00,0.9924,49.81,50.19
2024-07-26 23:00:00,0.9885,49.71,50.29
2024-07-27 00:00:00,0.9881,49.7,50.3
2024-07-27 01:00:00,0.9845,49.61,50.39
2024-07-27 02:00:00,0.9786,49.46,50.54
2024-07-27 03:00:00,0.9786,49.46,50.54
2024-07-27 04:00:00,0.9489,48.69,51.31
2024-07-27 05:00:00,0.9395,48.44,51.56
2024-07-27 06:00:00,0.9286,48.15,51.85
2024-07-27 07:00:00,0.9131,47.73,52.27
2024-07-27 08:00:00,0.8886,47.05,52.95
2024-07-27 09:00:00,0.8968,47.28,52.72
2024-07-27 10:00:00,0.8914,47.13,52.87
2024-07-27 11:00:00,0.899,47.34,52.66
2024-07-27 12:00:00,0.8947,47.22,52.78
2024-07-27 13:00:00,0.8932,47.18,52.82
2024-07-27 14:00:00,0.8871,47.01,52.99
2024-07-27 15:00:00,0.8918,47.14,52.86
2024-07-27 16:00:00,0.8921,47.15,52.85
2024-07-27 17:00:00,0.8772,46.73,53.27
2024-07-27 18:00:00,0.8836,46.91,53.09
2024-07-27 19:00:00,0.8779,46.75,53.25
2024-07-27 20:00:00,0.9179,47.86,52.14
2024-07-27 21:00:00,0.8921,47.15,52.85
2024-07-27 22:00:00,0.8932,47.18,52.82
2024-07-27 23:00:00,0.9033,47.46,52.54
2024-07-28 00:00:00,0.9183,47.87,52.13
2024-07-28 01:00:00,0.9399,48.45,51.55
2024-07-28 02:00:00,0.9505,48.73,51.27
2024-07-28 03:00:00,0.9814,49.53,50.47
2024-07-28 04:00:00,0.9238,48.02,51.98
2024-07-28 05:00:00,0.9227,47.99,52.01
2024-07-28 06:00:00,0.9209,47.94,52.06
2024-07-28 07:00:00,0.9581,48.93,51.07
2024-07-28 08:00:00,0.979,49.47,50.53
2024-07-28 09:00:00,0.9767,49.41,50.59
2024-07-28 10:00:00,0.9643,49.09,50.91
2024-07-28 11:00:00,0.9535,48.81,51.19
2024-07-28 12:00:00,1.0263,50.65,49.35
2024-07-28 13:00:00,1.0333,50.82,49.18
2024-07-28 14:00:00,1.0383,50.94,49.06
2024-07-28 15:00:00,1.0371,50.91,49.09
2024-07-28 16:00:00,1.0563,51.37,48.63
2024-07-28 17:00:00,1.0812,51.95,48.05
2024-07-28 18:00:00,1.0973,52.32,47.68
2024-07-28 19:00:00,1.0786,51.89,48.11
2024-07-28 20:00:00,1.067,51.62,48.38
2024-07-28 21:00:00,1.0379,50.93,49.07
2024-07-28 22:00:00,1.0454,51.11,48.89
2024-07-28 23:00:00,1.0525,51.28,48.72
2024-07-29 00:00:00,1.0665,51.61,48.39
2024-07-29 01:00:00,1.053,51.29,48.71
2024-07-29 02:00:00,1.0408,51,49
2024-07-29 03:00:00,1.0321,50.79,49.21
2024-07-29 04:00:00,1.0333,50.82,49.18
2024-07-29 05:00:00,1.0313,50.77,49.23
2024-07-29 06:00:00,1.0317,50.78,49.22
2024-07-29 07:00:00,0.9837,49.59,50.41
2024-07-29 08:00:00,0.9802,49.5,50.5
2024-07-29 09:00:00,0.9198,47.91,52.09
2024-07-29 10:00:00,0.8744,46.65,53.35
2024-07-29 11:00:00,0.8671,46.44,53.56
2024-07-29 12:00:00,0.8505,45.96,54.04
2024-07-29 13:00:00,0.8238,45.17,54.83
2024-07-29 14:00:00,0.8175,44.98,55.02
2024-07-29 15:00:00,0.8096,44.74,55.26
2024-07-29 16:00:00,0.8073,44.67,55.33
2024-07-29 17:00:00,0.8028,44.53,55.47
2024-07-29 18:00:00,0.7895,44.12,55.88
2024-07-29 19:00:00,0.7889,44.1,55.9
2024-07-29 20:00:00,0.7832,43.92,56.08
2024-07-29 21:00:00,0.9283,48.14,51.86
2024-07-29 22:00:00,1.0781,51.88,48.12
2024-07-29 23:00:00,1.2351,55.26,44.74
2024-07-30 00:00:00,1.412,58.54,41.46
2024-07-30 01:00:00,1.4462,59.12,40.88
2024-07-30 02:00:00,1.4301,58.85,41.15
2024-07-30 03:00:00,1.4396,59.01,40.99
2024-07-30 04:00:00,1.454,59.25,40.75
2024-07-30 05:00:00,1.4582,59.32,40.68
2024-07-30 06:00:00,1.4907,59.85,40.15
2024-07-30 07:00:00,1.5195,60.31,39.69
2024-07-30 08:00:00,1.5497,60.78,39.22
2024-07-30 09:00:00,1.5846,61.31,38.69
2024-07-30 10:00:00,1.5934,61.44,38.56
2024-07-30 11:00:00,1.6048,61.61,38.39
2024-07-30 12:00:00,1.5947,61.46,38.54
2024-07-30 13:00:00,1.6267,61.93,38.07
2024-07-30 14:00:00,1.6752,62.62,37.38
2024-07-30 15:00:00,1.6455,62.2,37.8
2024-07-30 16:00:00,1.6364,62.07,37.93
2024-07-30 17:00:00,1.6752,62.62,37.38
2024-07-30 18:00:00,1.6911,62.84,37.16
2024-07-30 19:00:00,1.6767,62.64,37.36
2024-07-30 20:00:00,1.6969,62.92,37.08
2024-07-30 21:00:00,1.6998,62.96,37.04
2024-07-30 22:00:00,1.791,64.17,35.83
2024-07-30 23:00:00,1.777,63.99,36.01
2024-07-31 00:00:00,1.7809,64.04,35.96
2024-07-31 01:00:00,1.7902,64.16,35.84
2024-07-31 02:00:00,1.791,64.17,35.83
2024-07-31 03:00:00,1.7871,64.12,35.88
2024-07-31 04:00:00,1.7894,64.15,35.85
2024-07-31 05:00:00,1.7793,64.02,35.98
2024-07-31 06:00:00,1.7785,64.01,35.99
2024-07-31 07:00:00,1.798,64.26,35.74
2024-07-31 08:00:00,1.8137,64.46,35.54
2024-07-31 09:00:00,1.8257,64.61,35.39
2024-07-31 10:00:00,1.8177,64.51,35.49
2024-07-31 11:00:00,1.8225,64.57,35.43
2024-07-31 12:00:00,1.8571,65,35
2024-07-31 13:00:00,1.8401,64.79,35.21
2024-07-31 14:00:00,1.8217,64.56,35.44
2024-07-31 15:00:00,1.8482,64.89,35.11
2024-07-31 16:00:00,1.8523,64.94,35.06
2024-07-31 17:00:00,1.8547,64.97,35.03
2024-07-31 18:00:00,1.8794,65.27,34.73
2024-07-31 19:00:00,1.9146,65.69,34.31
2024-07-31 20:00:00,1.8596,65.03,34.97
2024-07-31 21:00:00,1.8531,64.95,35.05
2024-07-31 22:00:00,1.8401,64.79,35.21
2024-07-31 23:00:00,1.8265,64.62,35.38
2024-08-01 00:00:00,1.7902,64.16,35.84
2024-08-01 01:00:00,1.8289,64.65,35.35
2024-08-01 02:00:00,1.9163,65.71,34.29
2024-08-01 03:00:00,2.0039,66.71,33.29
2024-08-01 04:00:00,2.0855,67.59,32.41
2024-08-01 05:00:00,2.1104,67.85,32.15
2024-08-01 06:00:00,2.1095,67.84,32.16
2024-08-01 07:00:00,2.1456,68.21,31.79
2024-08-01 08:00:00,2.1546,68.3,31.7
2024-08-01 09:00:00,2.2072,68.82,31.18
2024-08-01 10:00:00,2.2616,69.34,30.66
2024-08-01 11:00:00,2.2394,69.13,30.87
2024-08-01 12:00:00,2.3659,70.29,29.71
2024-08-01 13:00:00,2.3434,70.09,29.91
2024-08-01 14:00:00,2.3333,70,30
2024-08-01 15:00:00,2.3681,70.31,29.69
2024-08-01 16:00:00,2.3311,69.98,30.02
2024-08-01 17:00:00,2.319,69.87,30.13
2024-08-01 18:00:00,2.2787,69.5,30.5
2024-08-01 19:00:00,2.2637,69.36,30.64
2024-08-01 20:00:00,2.1817,68.57,31.43
2024-08-01 21:00:00,2.1172,67.92,32.08
2024-08-01 22:00:00,2.3411,70.07,29.93
2024-08-01 23:00:00,2.3625,70.26,29.74
2024-08-02 00:00:00,2.3898,70.5,29.5
2024-08-02 01:00:00,2.3557,70.2,29.8
2024-08-02 02:00:00,2.3704,70.33,29.67
2024-08-02 03:00:00,2.3124,69.81,30.19
2024-08-02 04:00:00,2.2185,68.93,31.07
2024-08-02 05:00:00,2.0479,67.19,32.81
2024-08-02 06:00:00,2.012,66.8,33.2
2024-08-02 07:00:00,1.8927,65.43,34.57
2024-08-02 08:00:00,1.8877,65.37,34.63
2024-08-02 09:00:00,1.9824,66.47,33.53
2024-08-02 10:00:00,1.9771,66.41,33.59
2024-08-02 11:00:00,1.9334,65.91,34.09
2024-08-02 12:00:00,1.8604,65.04,34.96
2024-08-02 13:00:00,1.9386,65.97,34.03
2024-08-02 14:00:00,1.9206,65.76,34.24
2024-08-02 15:00:00,1.9146,65.69,34.31
2024-08-02 16:00:00,1.8877,65.37,34.63
2024-08-02 17:00:00,1.9525,66.13,33.87
2024-08-02 18:00:00,1.9326,65.9,34.1
2024-08-02 19:00:00,1.8727,65.19,34.81
2024-08-02 20:00:00,1.7571,63.73,36.27
2024-08-02 21:00:00,1.8744,65.21,34.79
2024-08-02 22:00:00,2.2196,68.94,31.06
2024-08-02 23:00:00,2.1319,68.07,31.93
2024-08-03 00:00:00,2.1348,68.1,31.9
2024-08-03 01:00:00,2.1319,68.07,31.93
2024-08-03 02:00:00,2.2,68.75,31.25
2024-08-03 03:00:00,2.2342,69.08,30.92
2024-08-03 04:00:00,2.2573,69.3,30.7
2024-08-03 05:00:00,2.2895,69.6,30.4
2024-08-03 06:00:00,2.3501,70.15,29.85
2024-08-03 07:00:00,2.3852,70.46,29.54
2024-08-03 08:00:00,2.4638,71.13,28.87
2024-08-03 09:00:00,2.5211,71.6,28.4
2024-08-03 10:00:00,2.5958,72.19,27.81
2024-08-03 11:00:00,2.5162,71.56,28.44
2024-08-03 12:00:00,2.5663,71.96,28.04
2024-08-03 13:00:00,2.5855,72.11,27.89
2024-08-03 14:00:00,2.5499,71.83,28.17
2024-08-03 15:00:00,2.4495,71.01,28.99
2024-08-03 16:00:00,2.4843,71.3,28.7
2024-08-03 17:00:00,2.459,71.09,28.91
2024-08-03 18:00:00,2.4459,70.98,29.02
2024-08-03 19:00:00,2.4868,71.32,28.68
2024-08-03 20:00:00,2.4014,70.6,29.4
2024-08-03 21:00:00,2.375,70.37,29.63
2024-08-03 22:00:00,2.2072,68.82,31.18
2024-08-03 23:00:00,2.465,71.14,28.86
2024-08-04 00:00:00,2.4459,70.98,29.02
2024-08-04 01:00:00,2.4376,70.91,29.09
2024-08-04 02:00:00,2.465,71.14,28.86
2024-08-04 03:00:00,2.4674,71.16,28.84
2024-08-04 04:00:00,2.488,71.33,28.67
2024-08-04 05:00:00,2.499,71.42,28.58
2024-08-04 06:00:00,2.5323,71.69,28.31
2024-08-04 07:00:00,2.5474,71.81,28.19
2024-08-04 08:00:00,2.5137,71.54,28.46
2024-08-04 09:00:00,2.5817,72.08,27.92
2024-08-04 10:00:00,2.5651,71.95,28.05
2024-08-04 11:00:00,2.5149,71.55,28.45
2024-08-04 12:00:00,2.5273,71.65,28.35
2024-08-04 13:00:00,2.5361,71.72,28.28
2024-08-04 14:00:00,2.4928,71.37,28.63
2024-08-04 15:00:00,2.4819,71.28,28.72
2024-08-04 16:00:00,2.4698,71.18,28.82
2024-08-04 17:00:00,2.4176,70.74,29.26
2024-08-04 18:00:00,2.3333,70,30
2024-08-04 19:00:00,2.3179,69.86,30.14
2024-08-04 20:00:00,2.2468,69.2,30.8
2024-08-04 21:00:00,2.3602,70.24,29.76
2024-08-04 22:00:00,2.3933,70.53,29.47
2024-08-04 23:00:00,2.4188,70.75,29.25
2024-08-05 00:00:00,2.4686,71.17,28.83
2024-08-05 01:00:00,2.7453,73.3,26.7
2024-08-05 02:00:00,2.7313,73.2,26.8
2024-08-05 03:00:00,2.6483,72.59,27.41
2024-08-05 04:00:00,2.5791,72.06,27.94
2024-08-05 05:00:00,2.6258,72.42,27.58
2024-08-05 06:00:00,2.5524,71.85,28.15
2024-08-05 07:00:00,2.4795,71.26,28.74
2024-08-05 08:00:00,2.5549,71.87,28.13
2024-08-05 09:00:00,2.6324,72.47,27.53
2024-08-05 10:00:00,2.635,72.49,27.51
2024-08-05 11:00:00,2.643,72.55,27.45
2024-08-05 12:00:00,2.6417,72.54,27.46
2024-08-05 13:00:00,2.4722,71.2,28.8
2024-08-05 14:00:00,2.399,70.58,29.42
2024-08-05 15:00:00,2.2712,69.43,30.57
2024-08-05 16:00:00,2.1797,68.55,31.45
2024-08-05 17:00:00,2.1776,68.53,31.47
2024-08-05 18:00:00,2.1847,68.6,31.4
2024-08-05 19:00:00,2.375,70.37,29.63
2024-08-05 20:00:00,2.4037,70.62,29.38
2024-08-05 21:00:00,2.283,69.54,30.46
2024-08-05 22:00:00,2.0969,67.71,32.29
2024-08-05 23:00:00,1.9595,66.21,33.79
2024-08-06 00:00:00,1.9771,66.41,33.59
2024-08-06 01:00:00,1.8785,65.26,34.74
2024-08-06 02:00:00,2.0266,66.96,33.04
2024-08-06 03:00:00,2.0769,67.5,32.5
2024-08-06 04:00:00,1.9985,66.65,33.35
2024-08-06 05:00:00,1.9691,66.32,33.68
2024-08-06 06:00:00,1.8935,65.44,34.56
2024-08-06 07:00:00,2.0675,67.4,32.6
2024-08-06 08:00:00,2.0093,66.77,33.23
2024-08-06 09:00:00,1.9895,66.55,33.45
2024-08-06 10:00:00,1.9568,66.18,33.82
2024-08-06 11:00:00,1.93,65.87,34.13
2024-08-06 12:00:00,1.9869,66.52,33.48
2024-08-06 13:00:00,1.9455,66.05,33.95
2024-08-06 14:00:00,1.881,65.29,34.71
2024-08-06 15:00:00,1.8514,64.93,35.07
2024-08-06 16:00:00,1.8785,65.26,34.74
2024-08-06 17:00:00,1.8361,64.74,35.26
2024-08-06 18:00:00,1.7847,64.09,35.91
2024-08-06 19:00:00,1.7847,64.09,35.91
2024-08-06 20:00:00,1.748,63.61,36.39
2024-08-06 21:00:00,1.7115,63.12,36.88
2024-08-06 22:00:00,1.6961,62.91,37.09
2024-08-06 23:00:00,1.6674,62.51,37.49
2024-08-07 00:00:00,1.6096,61.68,38.32
2024-08-07 01:00:00,1.5813,61.26,38.74
2024-08-07 02:00:00,1.586,61.33,38.67
2024-08-07 03:00:00,1.5947,61.46,38.54
2024-08-07 04:00:00,1.586,61.33,38.67
2024-08-07 05:00:00,1.5934,61.44,38.56
2024-08-07 06:00:00,1.5947,61.46,38.54
2024-08-07 07:00:00,1.6062,61.63,38.37
2024-08-07 08:00:00,1.5654,61.02,38.98
2024-08-07 09:00:00,1.6364,62.07,37.93
2024-08-07 10:00:00,1.611,61.7,38.3
2024-08-07 11:00:00,1.5445,60.7,39.3
2024-08-07 12:00:00,1.5323,60.51,39.49
2024-08-07 13:00:00,1.5195,60.31,39.69
2024-08-07 14:00:00,1.5113,60.18,39.82
2024-08-07 15:00:00,1.4552,59.27,40.73
2024-08-07 16:00:00,1.4114,58.53,41.47
2024-08-07 17:00:00,1.381,58,42
2024-08-07 18:00:00,1.3838,58.05,41.95
2024-08-07 19:00:00,1.4266,58.79,41.21
2024-08-07 20:00:00,1.4044,58.41,41.59
2024-08-07 21:00:00,1.4372,58.97,41.03
2024-08-07 22:00:00,1.4522,59.22,40.78
2024-08-07 23:00:00,1.4618,59.38,40.62
2024-08-08 00:00:00,1.4295,58.84,41.16
2024-08-08 01:00:00,1.4546,59.26,40.74
2024-08-08 02:00:00,1.5336,60.53,39.47
2024-08-08 03:00:00,1.59,61.39,38.61
2024-08-08 04:00:00,1.6309,61.99,38.01
2024-08-08 05:00:00,1.6709,62.56,37.44
2024-08-08 06:00:00,1.6788,62.67,37.33
2024-08-08 07:00:00,1.6344,62.04,37.96
2024-08-08 08:00:00,1.8417,64.81,35.19
2024-08-08 09:00:00,1.6947,62.89,37.11
2024-08-08 10:00:00,1.5413,60.65,39.35
2024-08-08 11:00:00,1.5265,60.42,39.58
2024-08-08 12:00:00,1.5934,61.44,38.56
2024-08-08 13:00:00,1.6199,61.83,38.17
2024-08-08 14:00:00,1.4839,59.74,40.26
2024-08-08 15:00:00,1.4528,59.23,40.77
2024-08-08 16:00:00,1.4248,58.76,41.24
2024-08-08 17:00:00,1.377,57.93,42.07
2024-08-08 18:00:00,1.3419,57.3,42.7
2024-08-08 19:00:00,1.3815,58.01,41.99
2024-08-08 20:00:00,1.4242,58.75,41.25
2024-08-08 21:00:00,1.28,56.14,43.86
2024-08-08 22:00:00,1.1308,53.07,46.93
2024-08-08 23:00:00,1.0665,51.61,48.39
2024-08-09 00:00:00,1.0276,50.68,49.32
2024-08-09 01:00:00,1.0165,50.41,49.59
2024-08-09 02:00:00,1,50,50
2024-08-09 03:00:00,1.0008,50.02,49.98
2024-08-09 04:00:00,1.1432,53.34,46.66
2024-08-09 05:00:00,1.1645,53.8,46.2
2024-08-09 06:00:00,1.0631,51.53,48.47
2024-08-09 07:00:00,1.0721,51.74,48.26
2024-08-09 08:00:00,1.1519,53.53,46.47
2024-08-09 09:00:00,1.1445,53.37,46.63
2024-08-09 10:00:00,1.1594,53.69,46.31
2024-08-09 11:00:00,1.103,52.45,47.55
2024-08-09 12:00:00,1.1268,52.98,47.02
2024-08-09 13:00:00,1.1594,53.69,46.31
2024-08-09 14:00:00,1.1801,54.13,45.87
2024-08-09 15:00:00,1.1964,54.47,45.53
2024-08-09 16:00:00,1.1988,54.52,45.48
2024-08-09 17:00:00,1.1867,54.27,45.73
2024-08-09 18:00:00,1.1964,54.47,45.53
2024-08-09 19:00:00,1.2188,54.93,45.07
2024-08-09 20:00:00,1.2427,55.41,44.59
2024-08-09 21:00:00,1.3148,56.8,43.2
2024-08-09 22:00:00,1.2957,56.44,43.56
2024-08-09 23:00:00,1.3348,57.17,42.83
2024-08-10 00:00:00,1.3283,57.05,42.95
2024-08-10 01:00:00,1.3557,57.55,42.45
2024-08-10 02:00:00,1.3375,57.22,42.78
2024-08-10 03:00:00,1.3579,57.59,42.41
2024-08-10 04:00:00,1.3923,58.2,41.8
2024-08-10 05:00:00,1.3866,58.1,41.9
2024-08-10 06:00:00,1.3753,57.9,42.1
2024-08-10 07:00:00,1.4231,58.73,41.27
2024-08-10 08:00:00,1.4184,58.65,41.35
2024-08-10 09:00:00,1.4085,58.48,41.52
2024-08-10 10:00:00,1.4201,58.68,41.32
2024-08-10 11:00:00,1.4131,58.56,41.44
2024-08-10 12:00:00,1.4349,58.93,41.07
2024-08-10 13:00:00,1.4576,59.31,40.69
2024-08-10 14:00:00,1.4673,59.47,40.53
2024-08-10 15:00:00,1.4027,58.38,41.62
2024-08-10 16:00:00,1.3714,57.83,42.17
2024-08-10 17:00:00,1.3992,58.32,41.68
2024-08-10 18:00:00,1.3714,57.83,42.17
2024-08-10 19:00:00,1.3674,57.76,42.24
2024-08-10 20:00:00,1.3602,57.63,42.37
2024-08-10 21:00:00,1.3691,57.79,42.21
2024-08-10 22:00:00,1.3793,57.97,42.03
2024-08-10 23:00:00,1.3753,57.9,42.1
2024-08-11 00:00:00,1.3895,58.15,41.85
2024-08-11 01:00:00,1.3585,57.6,42.4
2024-08-11 02:00:00,1.3403,57.27,42.73
2024-08-11 03:00:00,1.3386,57.24,42.76
2024-08-11 04:00:00,1.3315,57.11,42.89
2024-08-11 05:00:00,1.3321,57.12,42.88
2024-08-11 06:00:00,1.3386,57.24,42.76
2024-08-11 07:00:00,1.3256,57,43
2024-08-11 08:00:00,1.317,56.84,43.16
2024-08-11 09:00:00,1.31,56.71,43.29
2024-08-11 10:00:00,1.3337,57.15,42.85
2024-08-11 11:00:00,1.3546,57.53,42.47
2024-08-11 12:00:00,1.3669,57.75,42.25
2024-08-11 13:00:00,1.3524,57.49,42.51
2024-08-11 14:00:00,1.3348,57.17,42.83
2024-08-11 15:00:00,1.3127,56.76,43.24
2024-08-11 16:00:00,1.3602,57.63,42.37
2024-08-11 17:00:00,1.3535,57.51,42.49
2024-08-11 18:00:00,1.3354,57.18,42.82
2024-08-11 19:00:00,1.3234,56.96,43.04
2024-08-11 20:00:00,1.3635,57.69,42.31
2024-08-11 21:00:00,1.3697,57.8,42.2
2024-08-11 22:00:00,1.3419,57.3,42.7
2024-08-11 23:00:00,1.3674,57.76,42.24
2024-08-12 00:00:00,1.3861,58.09,41.91
2024-08-12 01:00:00,1.3866,58.1,41.9
2024-08-12 02:00:00,1.3747,57.89,42.11
2024-08-12 03:00:00,1.4079,58.47,41.53
2024-08-12 04:00:00,1.4789,59.66,40.34
2024-08-12 05:00:00,1.4938,59.9,40.1
2024-08-12 06:00:00,1.4981,59.97,40.03
2024-08-12 07:00:00,1.5176,60.28,39.72
2024-08-12 08:00:00,1.5291,60.46,39.54
2024-08-12 09:00:00,1.5445,60.7,39.3
2024-08-12 10:00:00,1.574,61.15,38.85
2024-08-12 11:00:00,1.58,61.24,38.76
2024-08-12 12:00:00,1.6069,61.64,38.36
2024-08-12 13:00:00,1.6021,61.57,38.43
2024-08-12 14:00:00,1.6589,62.39,37.61
2024-08-12 15:00:00,1.6846,62.75,37.25
2024-08-12 16:00:00,1.7663,63.85,36.15
2024-08-12 17:00:00,1.7941,64.21,35.79
2024-08-12 18:00:00,1.8027,64.32,35.68
2024-08-12 19:00:00,1.702,62.99,37.01
2024-08-12 20:00:00,1.71,63.1,36.9
2024-08-12 21:00:00,1.588,61.36,38.64
2024-08-12 22:00:00,1.6089,61.67,38.33
2024-08-12 23:00:00,1.5853,61.32,38.68
2024-08-13 00:00:00,1.5981,61.51,38.49
2024-08-13 01:00:00,1.6295,61.97,38.03
2024-08-13 02:00:00,1.649,62.25,37.75
2024-08-13 03:00:00,1.6846,62.75,37.25
2024-08-13 04:00:00,1.7174,63.2,36.8
2024-08-13 05:00:00,1.7218,63.26,36.74
2024-08-13 06:00:00,1.798,64.26,35.74
2024-08-13 07:00:00,1.809,64.4,35.6
2024-08-13 08:00:00,1.8169,64.5,35.5
2024-08-13 09:00:00,1.7755,63.97,36.03
2024-08-13 10:00:00,1.7495,63.63,36.37
2024-08-13 11:00:00,1.7894,64.15,35.85
2024-08-13 12:00:00,1.7832,64.07,35.93
2024-08-13 13:00:00,1.7709,63.91,36.09
2024-08-13 14:00:00,1.7855,64.1,35.9
2024-08-13 15:00:00,1.7793,64.02,35.98
2024-08-13 16:00:00,1.7624,63.8,36.2
2024-08-13 17:00:00,1.8074,64.38,35.62
2024-08-13 18:00:00,1.8313,64.68,35.32
2024-08-13 19:00:00,1.8377,64.76,35.24
2024-08-13 20:00:00,1.7801,64.03,35.97
2024-08-13 21:00:00,1.6802,62.69,37.31
2024-08-13 22:00:00,1.6281,61.95,38.05
2024-08-13 23:00:00,1.4685,59.49,40.51
2024-08-14 00:00:00,1.2676,55.9,44.1
2024-08-14 01:00:00,1.2386,55.33,44.67
2024-08-14 02:00:00,1.3116,56.74,43.26
2024-08-14 03:00:00,1.3052,56.62,43.38
2024-08-14 04:00:00,1.3202,56.9,43.1
2024-08-14 05:00:00,1.3579,57.59,42.41
2024-08-14 06:00:00,1.3596,57.62,42.38
2024-08-14 07:00:00,1.3992,58.32,41.68
2024-08-14 08:00:00,1.377,57.93,42.07
2024-08-14 09:00:00,1.3685,57.78,42.22
2024-08-14 10:00:00,1.3245,56.98,43.02
2024-08-14 11:00:00,1.3063,56.64,43.36
2024-08-14 12:00:00,1.292,56.37,43.63
2024-08-14 13:00:00,1.348,57.41,42.59
2024-08-14 14:00:00,1.3759,57.91,42.09
2024-08-14 15:00:00,1.3759,57.91,42.09
2024-08-14 16:00:00,1.3855,58.08,41.92
2024-08-14 17:00:00,1.3663,57.74,42.26
2024-08-14 18:00:00,1.3563,57.56,42.44
2024-08-14 19:00:00,1.3787,57.96,42.04
2024-08-14 20:00:00,1.5278,60.44,39.56
2024-08-14 21:00:00,1.8935,65.44,34.56
2024-08-14 22:00:00,1.9533,66.14,33.86
2024-08-14 23:00:00,2.0414,67.12,32.88
2024-08-15 00:00:00,2.0553,67.27,32.73
2024-08-15 01:00:00,2.0902,67.64,32.36
2024-08-15 02:00:00,2.095,67.69,32.31
2024-08-15 03:00:00,2.1104,67.85,32.15
2024-08-15 04:00:00,2.1162,67.91,32.09
2024-08-15 05:00:00,2.1056,67.8,32.2
2024-08-15 06:00:00,2.125,68,32
2024-08-15 07:00:00,2.1576,68.33,31.67
2024-08-15 08:00:00,2.1867,68.62,31.38
2024-08-15 09:00:00,2.2489,69.22,30.78
2024-08-15 10:00:00,2.2755,69.47,30.53
2024-08-15 11:00:00,2.2765,69.48,30.52
2024-08-15 12:00:00,2.3058,69.75,30.25
2024-08-15 13:00:00,2.2982,69.68,30.32
2024-08-15 14:00:00,2.3167,69.85,30.15
2024-08-15 15:00:00,2.3807,70.42,29.58
2024-08-15 16:00:00,2.358,70.22,29.78
2024-08-15 17:00:00,2.2787,69.5,30.5
2024-08-15 18:00:00,2.3944,70.54,29.46
2024-08-15 19:00:00,2.3568,70.21,29.79
2024-08-15 20:00:00,2.2321,69.06,30.94
2024-08-15 21:00:00,2.06,67.32,32.68
2024-08-15 22:00:00,1.9577,66.19,33.81
2024-08-15 23:00:00,1.876,65.23,34.77
2024-08-16 00:00:00,1.8058,64.36,35.64
2024-08-16 01:00:00,2.1289,68.04,31.96
2024-08-16 02:00:00,2.202,68.77,31.23
2024-08-16 03:00:00,2.2595,69.32,30.68
2024-08-16 04:00:00,2.4578,71.08,28.92
2024-08-16 05:00:00,2.4223,70.78,29.22
2024-08-16 06:00:00,2.349,70.14,29.86
2024-08-16 07:00:00,2.2841,69.55,30.45
2024-08-16 08:00:00,2.2916,69.62,30.38
2024-08-16 09:00:00,2.3625,70.26,29.74
2024-08-16 10:00:00,2.2701,69.42,30.58
2024-08-16 11:00:00,2.3135,69.82,30.18
2024-08-16 12:00:00,2.2362,69.1,30.9
2024-08-16 13:00:00,2.1766,68.52,31.48
2024-08-16 14:00:00,2.0902,67.64,32.36
2024-08-16 15:00:00,1.9507,66.11,33.89
2024-08-16 16:00:00,1.9061,65.59,34.41
2024-08-16 17:00:00,1.8369,64.75,35.25
2024-08-16 18:00:00,1.748,63.61,36.39
2024-08-16 19:00:00,1.7034,63.01,36.99
2024-08-16 20:00:00,1.809,64.4,35.6
2024-08-16 21:00:00,1.8082,64.39,35.61
2024-08-16 22:00:00,1.8098,64.41,35.59
2024-08-16 23:00:00,1.7579,63.74,36.26
2024-08-17 00:00:00,1.7159,63.18,36.82
2024-08-17 01:00:00,1.5602,60.94,39.06
2024-08-17 02:00:00,1.4343,58.92,41.08
2024-08-17 03:00:00,1.3657,57.73,42.27
2024-08-17 04:00:00,1.3714,57.83,42.17
2024-08-17 05:00:00,1.4027,58.38,41.62
2024-08-17 06:00:00,1.4325,58.89,41.11
2024-08-17 07:00:00,1.5119,60.19,39.81
2024-08-17 08:00:00,1.5202,60.32,39.68
2024-08-17 09:00:00,1.5119,60.19,39.81
2024-08-17 10:00:00,1.5006,60.01,39.99
2024-08-17 11:00:00,1.5246,60.39,39.61
2024-08-17 12:00:00,1.5278,60.44,39.56
2024-08-17 13:00:00,1.4981,59.97,40.03
2024-08-17 14:00:00,1.4888,59.82,40.18
2024-08-17 15:00:00,1.4925,59.88,40.12
2024-08-17 16:00:00,1.5183,60.29,39.71
2024-08-17 17:00:00,1.4956,59.93,40.07
2024-08-17 18:00:00,1.4956,59.93,40.07
2024-08-17 19:00:00,1.5291,60.46,39.54
2024-08-17 20:00:00,1.5031,60.05,39.95
2024-08-17 21:00:00,1.4963,59.94,40.06
2024-08-17 22:00:00,1.4552,59.27,40.73
2024-08-17 23:00:00,1.4522,59.22,40.78
2024-08-18 00:00:00,1.4301,58.85,41.15
2024-08-18 01:00:00,1.4062,58.44,41.56
2024-08-18 02:00:00,1.4108,58.52,41.48
2024-08-18 03:00:00,1.4096,58.5,41.5
2024-08-18 04:00:00,1.4114,58.53,41.47
2024-08-18 05:00:00,1.4178,58.64,41.36
2024-08-18 06:00:00,1.4307,58.86,41.14
2024-08-18 07:00:00,1.4102,58.51,41.49
2024-08-18 08:00:00,1.3946,58.24,41.76
2024-08-18 09:00:00,1.4655,59.44,40.56
2024-08-18 10:00:00,1.4704,59.52,40.48
2024-08-18 11:00:00,1.4907,59.85,40.15
2024-08-18 12:00:00,1.4938,59.9,40.1
2024-08-18 13:00:00,1.5,60,40
2024-08-18 14:00:00,1.4882,59.81,40.19
2024-08-18 15:00:00,1.4845,59.75,40.25
2024-08-18 16:00:00,1.445,59.1,40.9
2024-08-18 17:00:00,1.4021,58.37,41.63
2024-08-18 18:00:00,1.4056,58.43,41.57
2024-08-18 19:00:00,1.3923,58.2,41.8
2024-08-18 20:00:00,1.3821,58.02,41.98
2024-08-18 21:00:00,1.4033,58.39,41.61
2024-08-18 22:00:00,1.4301,58.85,41.15
2024-08-18 23:00:00,1.4331,58.9,41.1
2024-08-19 00:00:00,1.4266,58.79,41.21
2024-08-19 01:00:00,1.439,59,41
2024-08-19 02:00:00,1.445,59.1,40.9
2024-08-19 03:00:00,1.4618,59.38,40.62
2024-08-19 04:00:00,1.4618,59.38,40.62
2024-08-19 05:00:00,1.4697,59.51,40.49
2024-08-19 06:00:00,1.5164,60.26,39.74
2024-08-19 07:00:00,1.6603,62.41,37.59
2024-08-19 08:00:00,1.745,63.57,36.43
2024-08-19 09:00:00,1.798,64.26,35.74
2024-08-19 10:00:00,1.8249,64.6,35.4
2024-08-19 11:00:00,1.8121,64.44,35.56
2024-08-19 12:00:00,1.8265,64.62,35.38
2024-08-19 13:00:00,1.8752,65.22,34.78
2024-08-19 14:00:00,1.8769,65.24,34.76
2024-08-19 15:00:00,1.891,65.41,34.59
2024-08-19 16:00:00,1.8885,65.38,34.62
2024-08-19 17:00:00,1.9595,66.21,33.79
2024-08-19 18:00:00,2.0184,66.87,33.13
2024-08-19 19:00:00,1.9727,66.36,33.64
2024-08-19 20:00:00,1.9878,66.53,33.47
2024-08-19 21:00:00,2.023,66.92,33.08
2024-08-19 22:00:00,1.949,66.09,33.91
2024-08-19 23:00:00,1.9291,65.86,34.14
2024-08-20 00:00:00,1.8902,65.4,34.6
2024-08-20 01:00:00,1.867,65.12,34.88
2024-08-20 02:00:00,1.8678,65.13,34.87
2024-08-20 03:00:00,1.8588,65.02,34.98
